energy x y z iso x_broadened y_broadened z_broadened iso_broadened
-2.000000000000000000e+01 4.160127213147445273e-06 4.160127213147445273e-06 4.160791015013675512e-06 4.160348480436188404e-06 1.516641601984440624e-05 1.516641601984440624e-05 1.516985701121974007e-05 1.516756301696951300e-05
-1.998999999999999844e+01 4.164680118965547466e-06 4.164680118965547466e-06 4.165346959985688369e-06 4.164902399305594716e-06 1.564990238997401246e-05 1.564990238997401246e-05 1.565343396148644655e-05 1.565107958047815264e-05
-1.998000000000000043e+01 4.169240749299835416e-06 4.169240749299835416e-06 4.169910882736710259e-06 4.169464127112126466e-06 1.613459818338832939e-05 1.613459818338832600e-05 1.613822086480066827e-05 1.613580574385910563e-05
-1.996999999999999886e+01 4.173808724256068701e-06 4.173808724256068701e-06 4.174482783266742877e-06 4.174033410592960376e-06 1.661837514819364703e-05 1.661837514819364703e-05 1.662208912860719219e-05 1.661961314166483214e-05
-1.996000000000000085e+01 4.178384803622727317e-06 4.178384803622727317e-06 4.179061395261657132e-06 4.178610334169036973e-06 1.709915285089146615e-05 1.709915285089146615e-05 1.710295798525173050e-05 1.710042122901155653e-05
-1.994999999999999929e+01 4.182967974348504603e-06 4.182967974348504603e-06 4.183648364929821688e-06 4.183194771208943349e-06 1.757494969452441517e-05 1.757494969452441517e-05 1.757884551835451578e-05 1.757624830246778204e-05
-1.994000000000000128e+01 4.187559502747531343e-06 4.187559502747531343e-06 4.188243312376995278e-06 4.187787439290686270e-06 1.804392712841626872e-05 1.804392712841626872e-05 1.804791287970691448e-05 1.804525571217981844e-05
-1.992999999999999972e+01 4.192158755662742992e-06 4.192158755662742992e-06 4.192845857708941715e-06 4.192387789678142567e-06 1.850442505153870252e-05 1.850442505153870252e-05 1.850849969839946950e-05 1.850578326715895705e-05
-1.992000000000000171e+01 4.196765353199899977e-06 4.196765353199899977e-06 4.197455494400006823e-06 4.196995400266602824e-06 1.895498732925760885e-05 1.895498732925760885e-05 1.895914960175713239e-05 1.895637475342411670e-05
-1.991000000000000014e+01 4.201379801884655627e-06 4.201379801884655627e-06 4.202073615395735987e-06 4.201611073055015183e-06 1.939437722801689424e-05 1.939437722801689424e-05 1.939862565260430248e-05 1.939579336954603371e-05
-1.989999999999999858e+01 4.206001975085595340e-06 4.206001975085595340e-06 4.206699714170475033e-06 4.206234554780555520e-06 1.982158332155747478e-05 1.982158332155747478e-05 1.982591625654241352e-05 1.982302763321912103e-05
-1.989000000000000057e+01 4.210632252696957842e-06 4.210632252696957842e-06 4.211333030935746504e-06 4.210865845443221294e-06 2.023581697721089378e-05 2.023581697721089378e-05 2.024023264795372706e-05 2.023728886745850374e-05
-1.987999999999999901e+01 4.215270381455919009e-06 4.215270381455919009e-06 4.215974832005680339e-06 4.215505198305839170e-06 2.063650287577546550e-05 2.063650287577546550e-05 2.064099940846923317e-05 2.063800172000672365e-05
-1.987000000000000099e+01 4.219916361362477148e-06 4.219916361362477148e-06 4.220623851066147447e-06 4.220152191263700581e-06 2.102326416982966951e-05 2.102326416982966951e-05 2.102783962300987548e-05 2.102478932088973704e-05
-1.985999999999999943e+01 4.224569812522394377e-06 4.224569812522394377e-06 4.225280974537037345e-06 4.224806866527275367e-06 2.139590387864868015e-05 2.139590387864868015e-05 2.140055627182112900e-05 2.139745467637282751e-05
-1.985000000000000142e+01 4.229231747986973124e-06 4.229231747986973124e-06 4.229946075786937123e-06 4.229469857253628072e-06 2.175438399624974047e-05 2.175438399624974047e-05 2.175911133526157976e-05 2.175595977592035469e-05
-1.983999999999999986e+01 4.233901281336323871e-06 4.233901281336323871e-06 4.234619028184436413e-06 4.234140530285695000e-06 2.209880359460273698e-05 2.209880359460273698e-05 2.210360389358611975e-05 2.210040369426385779e-05
-1.982999999999999829e+01 4.238578412570446618e-06 4.238578412570446618e-06 4.239299958360944737e-06 4.238818927833946838e-06 2.242937697288922263e-05 2.242937697288922263e-05 2.243424827277489290e-05 2.243100073951778052e-05
-1.982000000000000028e+01 4.243263901477818819e-06 4.243263901477818819e-06 4.243988992947876697e-06 4.243505598634504214e-06 2.274641266408493603e-05 2.274641266408493603e-05 2.275135304781258582e-05 2.274805945866081703e-05
-1.980999999999999872e+01 4.247957241532787992e-06 4.247957241532787992e-06 4.248685752050993566e-06 4.248200078372190415e-06 2.305029388215665856e-05 2.305029388215665856e-05 2.305530148680286085e-05 2.305196308370539266e-05
-1.980000000000000071e+01 4.252658432735354983e-06 4.252658432735354983e-06 4.253390488933119469e-06 4.252902451467943427e-06 2.334146078964773288e-05 2.334146078964773288e-05 2.334653381575319054e-05 2.334315179834955549e-05
-1.978999999999999915e+01 4.257367981611170582e-06 4.257367981611170582e-06 4.258103330225670702e-06 4.257613097816004520e-06 2.362039479330472105e-05 2.362039479330472105e-05 2.362553151171689720e-05 2.362210703277544644e-05
-1.978000000000000114e+01 4.262085255003171937e-06 4.262085255003171937e-06 4.262824149297231816e-06 4.262331553101191896e-06 2.388760493708786973e-05 2.388760493708786973e-05 2.389280369364685526e-05 2.388933785594086717e-05
-1.976999999999999957e+01 4.266810506174182325e-06 4.266810506174182325e-06 4.267553072779214025e-06 4.267058028375859841e-06 2.414361635660263345e-05 2.414361635660263345e-05 2.414887557499325609e-05 2.414536942939950992e-05
-1.976000000000000156e+01 4.271543735124203441e-06 4.271543735124203441e-06 4.272290100671621564e-06 4.271792523640009200e-06 2.438896068376820083e-05 2.438896068376820083e-05 2.439427886684469656e-05 2.439073341146036269e-05
-1.975000000000000000e+01 4.276285448378886920e-06 4.276285448378886920e-06 4.277034979711627769e-06 4.276535292156466638e-06 2.462416824126941657e-05 2.462416824126941657e-05 2.462954397113409865e-05 2.462596015122431060e-05
-1.973999999999999844e+01 4.281035012781166524e-06 4.281035012781167371e-06 4.281788343056294643e-06 4.281286122872876179e-06 2.484976183837492254e-05 2.484976183837492254e-05 2.485519377546312842e-05 2.485157248407099230e-05
-1.973000000000000043e+01 4.285792428331045639e-06 4.285792428331045639e-06 4.286549684179971398e-06 4.286044846947354226e-06 2.506625196839955166e-05 2.506625196839955166e-05 2.507173884979188922e-05 2.506808092886366192e-05
-1.971999999999999886e+01 4.290558328185585425e-06 4.290558328185585425e-06 4.291318749819833062e-06 4.290811802063667970e-06 2.527413320913920018e-05 2.527413320913920018e-05 2.527967384629115039e-05 2.527598008818984687e-05
-1.971000000000000085e+01 4.295332205819136785e-06 4.295332205819135938e-06 4.296096173132942486e-06 4.295586861590405352e-06 2.547388163725500387e-05 2.547388163725500048e-05 2.547947491330428780e-05 2.547574606260476066e-05
-1.969999999999999929e+01 4.300114441125936752e-06 4.300114441125936752e-06 4.300881954119303906e-06 4.300370278790392188e-06 2.566595308271721524e-05 2.566595308271721524e-05 2.567159794950217710e-05 2.566783470497886919e-05
-1.969000000000000128e+01 4.304904400948920781e-06 4.304904400948920781e-06 4.305675712884674359e-06 4.305161504927505307e-06 2.585078206757661107e-05 2.585078206757661107e-05 2.585647754247421707e-05 2.585268055920914528e-05
-1.967999999999999972e+01 4.309702971707979236e-06 4.309702971707979236e-06 4.310478209217531300e-06 4.309961384211162693e-06 2.602878129266086954e-05 2.602878129266086954e-05 2.603452645533180766e-05 2.603069634688451558e-05
-1.967000000000000171e+01 4.314509646877461328e-06 4.314509646877461328e-06 4.315288556697986906e-06 4.314769283484303187e-06 2.620034155497650137e-05 2.620034155497650137e-05 2.620613554408605589e-05 2.620227288467968734e-05
-1.966000000000000014e+01 4.319324679720192874e-06 4.319324679720192874e-06 4.320106755326040330e-06 4.319585371588808693e-06 2.636583199675444935e-05 2.636583199675444596e-05 2.637167400672249645e-05 2.636777933341046505e-05
-1.964999999999999858e+01 4.324147437079108482e-06 4.324147437079108482e-06 4.324933818152993998e-06 4.324409564103736987e-06 2.652560060367981800e-05 2.652560060367981800e-05 2.653148988150006118e-05 2.652756369628656686e-05
-1.964000000000000057e+01 4.328978932005513119e-06 4.328978932005513119e-06 4.329768858758957547e-06 4.329242240923327646e-06 2.667997488462411790e-05 2.667997488462411790e-05 2.668591072678196886e-05 2.668195349867673715e-05
-1.962999999999999901e+01 4.333818784605164669e-06 4.333818784605164669e-06 4.334612257038169702e-06 4.334083275416166064e-06 2.682926267807148393e-05 2.682926267807148393e-05 2.683524442758138188e-05 2.683125659457477873e-05
-1.962000000000000099e+01 4.338666868246653612e-06 4.338666868246653612e-06 4.339464139622044222e-06 4.338932625371784097e-06 2.697375304144435031e-05 2.697375304144435031e-05 2.697978008502006545e-05 2.697576205596959208e-05
-1.960999999999999943e+01 4.343523182929979947e-06 4.343523182929979947e-06 4.344324379879168195e-06 4.343790248579708516e-06 2.711371718881375832e-05 2.711371718881375832e-05 2.711978895417987539e-05 2.711574111060245949e-05
-1.960000000000000142e+01 4.348387855286552348e-06 4.348387855286552348e-06 4.349192597915301203e-06 4.348656102829469480e-06 2.724940945019387284e-05 2.724940945019387284e-05 2.725552540354221894e-05 2.725144810130998821e-05
-1.958999999999999986e+01 4.353261265210614625e-06 4.353261265210614625e-06 4.354069933413161965e-06 4.353530821278130688e-06 2.738106823195711329e-05 2.738106823195711329e-05 2.738722787554851283e-05 2.738312144648758319e-05
-1.957999999999999829e+01 4.358142399650860965e-06 4.358142399650860965e-06 4.358954866795793881e-06 4.358413222032505270e-06 2.750891696305325971e-05 2.750891696305325971e-05 2.751511983296258025e-05 2.751098458635636317e-05
-1.957000000000000028e+01 4.363032398290006700e-06 4.363032398290005853e-06 4.363848411114501917e-06 4.363304402564838722e-06 2.763316501585384036e-05 2.763316501585384036e-05 2.763941067985446344e-05 2.763524690385405031e-05
-1.955999999999999872e+01 4.367930881233815647e-06 4.367930881233815647e-06 4.368750693000696440e-06 4.368204151822775064e-06 2.775400859373504321e-05 2.775400859373504321e-05 2.776029664931753573e-05 2.775610461226254072e-05
-1.955000000000000071e+01 4.372837468588047383e-06 4.372837468588047383e-06 4.373661459191551632e-06 4.373112132122548799e-06 2.787163158010409091e-05 2.787163158010409091e-05 2.787796165262306639e-05 2.787374160427708838e-05
-1.953999999999999915e+01 4.377752666878353544e-06 4.377752666878353544e-06 4.378580203161418399e-06 4.378028512306041829e-06 2.798620634559241004e-05 2.798620634559241004e-05 2.799257808653511878e-05 2.798833025923997623e-05
-1.953000000000000114e+01 4.382676476104734978e-06 4.382676476104735825e-06 4.383508064593011228e-06 4.382953672267494575e-06 2.809789451169092736e-05 2.809789451169092736e-05 2.810430759706073134e-05 2.810003220681419987e-05
-1.951999999999999957e+01 4.387608769635778775e-06 4.387608769635778775e-06 4.388443777172201027e-06 4.387887105481252012e-06 2.820684767028044520e-05 2.820684767028044520e-05 2.821330179908841161e-05 2.820899904654976056e-05
-1.951000000000000156e+01 4.392549674102896150e-06 4.392549674102896150e-06 4.393388607213118583e-06 4.392829318472970012e-06 2.831320805938732354e-05 2.831320805938733031e-05 2.831970295224529968e-05 2.831537302367331672e-05
-1.950000000000000000e+01 4.397498936243262981e-06 4.397498936243262981e-06 4.398342174821523473e-06 4.397780015769349529e-06 2.841710919613548049e-05 2.841710919613548049e-05 2.842364459394414140e-05 2.841928766207170757e-05
-1.948999999999999844e+01 4.402456809319705083e-06 4.402456809319705083e-06 4.403303340314698669e-06 4.402738986318036278e-06 2.851867646831890874e-05 2.851867646831890874e-05 2.852525213104473305e-05 2.852086835589419029e-05
-1.948000000000000043e+01 4.407423419963634520e-06 4.407423419963634520e-06 4.408274129795252410e-06 4.407706989907506868e-06 2.861802768632743256e-05 2.861802768632743256e-05 2.862464339186276900e-05 2.862023292150588143e-05
-1.946999999999999886e+01 4.412398514912225474e-06 4.412398514912225474e-06 4.413252897054816878e-06 4.412683308959756224e-06 2.871527359735417920e-05 2.871527359735417920e-05 2.872192914045498932e-05 2.871749211172112043e-05
-1.946000000000000085e+01 4.417382347428303762e-06 4.417382347428303762e-06 4.418240781776107408e-06 4.417668492210904977e-06 2.881051836392298335e-05 2.881051836392298335e-05 2.881721355521925970e-05 2.881275009435506869e-05
-1.944999999999999929e+01 4.422374664249044414e-06 4.422374664249044414e-06 4.423236770907820727e-06 4.422662033135303185e-06 2.890386000881905304e-05 2.890386000881905304e-05 2.891059467389307455e-05 2.890610489717705908e-05
-1.944000000000000128e+01 4.427375592005859491e-06 4.427375592005859491e-06 4.428242004132673017e-06 4.427664396048130102e-06 2.899539082850309481e-05 2.899539082850309481e-05 2.900216480703114185e-05 2.899764882134578167e-05
-1.942999999999999972e+01 4.432385637224401477e-06 4.432385637224401477e-06 4.433256101556426397e-06 4.432675792001742552e-06 2.908519777705050147e-05 2.908519777705050147e-05 2.909201092200376158e-05 2.908746882536826500e-05
-1.942000000000000171e+01 4.437403913484778314e-06 4.437403913484779161e-06 4.438278303390602567e-06 4.437695376786720861e-06 2.917336282259409206e-05 2.917336282259409206e-05 2.918021499949472106e-05 2.917564688156097630e-05
-1.941000000000000014e+01 4.442431053944057088e-06 4.442431053944057088e-06 4.443309496055093583e-06 4.442723867981069253e-06 2.925996327816828617e-05 2.925996327816828617e-05 2.926685436439686728e-05 2.926226030691114654e-05
-1.939999999999999858e+01 4.447466931970823197e-06 4.447466931970823197e-06 4.448349426287069393e-06 4.447761096742904980e-06 2.934507210876116296e-05 2.934507210876116296e-05 2.935200199291179620e-05 2.934738207014470963e-05
-1.939000000000000057e+01 4.452511674196487856e-06 4.452511674196488703e-06 4.453398094086535926e-06 4.452807147493171111e-06 2.942875821628333446e-05 2.942875821628333446e-05 2.943572679756280234e-05 2.943108107670982263e-05
-1.937999999999999901e+01 4.457565280621055299e-06 4.457565280621055299e-06 4.458455752716313917e-06 4.457862104652807325e-06 2.951108670406123400e-05 2.951108670406123400e-05 2.951809389172902802e-05 2.951342243328383878e-05
-1.937000000000000099e+01 4.462627751244522986e-06 4.462627751244522986e-06 4.463522022282167180e-06 4.462925841590404949e-06 2.959211912236232479e-05 2.959211912236232479e-05 2.959916483520799222e-05 2.959446769331088625e-05
-1.935999999999999943e+01 4.467698832804063404e-06 4.467698832804063404e-06 4.468597282678332749e-06 4.467998316095486519e-06 2.967191369635934034e-05 2.967191369635934034e-05 2.967899786221434255e-05 2.967427508497767893e-05
-1.935000000000000142e+01 4.472779031825332425e-06 4.472779031825332425e-06 4.473681154010573590e-06 4.473079739220413096e-06 2.975052553784501426e-05 2.975052553784501426e-05 2.975764809312592859e-05 2.975289972293865802e-05
-1.933999999999999986e+01 4.477867588519849206e-06 4.477867588519849206e-06 4.478774396067367158e-06 4.478169857702355473e-06 2.982800684191545823e-05 2.982800684191545823e-05 2.983516773119588756e-05 2.983039380500893467e-05
-1.932999999999999829e+01 4.482965769201743685e-06 4.482965769201743685e-06 4.483876249060234305e-06 4.483269262487907508e-06 2.990440706975257062e-05 2.990440706975257062e-05 2.991160624536125335e-05 2.990680679495546712e-05
-1.932000000000000028e+01 4.488072307556887619e-06 4.488072307556887619e-06 4.488987092883414604e-06 4.488377235999064128e-06 2.997977311855215768e-05 2.997977311855215768e-05 2.998701054019487254e-05 2.998218559243305924e-05
-1.930999999999999872e+01 4.493188090005170523e-06 4.493188090005170523e-06 4.494106674274084779e-06 4.493494284761475275e-06 3.005414947956603779e-05 3.005414947956603779e-05 3.006142511396931127e-05 3.005657469103378997e-05
-1.930000000000000071e+01 4.498312610020940761e-06 4.498312610020941608e-06 4.499235373126479321e-06 4.498620197722787513e-06 3.012757838515298857e-05 3.012757838515298857e-05 3.013489220572800585e-05 3.013001632534466890e-05
-1.928999999999999915e+01 4.503446374129849970e-06 4.503446374129849970e-06 4.504373189440600772e-06 4.503755312566767187e-06 3.020009994566484466e-05 3.020009994566485144e-05 3.020745193218979865e-05 3.020255060783983949e-05
-1.928000000000000114e+01 4.508589002437659423e-06 4.508589002437659423e-06 4.509519996585034528e-06 4.508899333820117791e-06 3.027175227693003508e-05 3.027175227693003508e-05 3.027914241525004639e-05 3.027421565637004224e-05
-1.926999999999999957e+01 4.513740368312957057e-06 4.513740368312957904e-06 4.514675541296956466e-06 4.514052092640957425e-06 3.034257161903813966e-05 3.034257161903813966e-05 3.034999990078144296e-05 3.034504771295257522e-05
-1.926000000000000156e+01 4.518901231544218633e-06 4.518901231544218633e-06 4.519840836627668164e-06 4.519214433238702374e-06 3.041259244707388522e-05 3.041259244707387844e-05 3.042005886938379413e-05 3.041508125451051814e-05
-1.925000000000000000e+01 4.524071085605795902e-06 4.524071085605795055e-06 4.525014742894455981e-06 4.524385638035350109e-06 3.048184757439850200e-05 3.048184757439850200e-05 3.048935213968023773e-05 3.048434909615907945e-05
-1.923999999999999844e+01 4.529249803866270874e-06 4.529249803866270874e-06 4.530197639991556103e-06 4.529565749241366233e-06 3.055036824902962169e-05 3.055036824902962169e-05 3.055791096471168351e-05 3.055288248759031574e-05
-1.923000000000000043e+01 4.534438019482713176e-06 4.534438019482712329e-06 4.535389781181796044e-06 4.534755273382406618e-06 3.061818424362779784e-05 3.061818424362779784e-05 3.062576512193716056e-05 3.062071120306424982e-05
-1.921999999999999886e+01 4.539634972666640271e-06 4.539634972666640271e-06 4.540591166465174954e-06 4.539953703932817934e-06 3.068532393955779710e-05 3.068532393955779710e-05 3.069294299730866102e-05 3.068786362547474948e-05
-1.921000000000000085e+01 4.544841296575120092e-06 4.544841296575120092e-06 4.545801795841691989e-06 4.545161462997310442e-06 3.075181440545671224e-05 3.075181440545671224e-05 3.075947166385209421e-05 3.075436682492184860e-05
-1.919999999999999929e+01 4.550056358051088943e-06 4.550056358051088096e-06 4.551021416048523870e-06 4.550378044050233354e-06 3.081768147070663348e-05 3.081768147070663348e-05 3.082537695515234484e-05 3.082024663218852823e-05
-1.919000000000000128e+01 4.555281296777260462e-06 4.555281296777260462e-06 4.556250280348493874e-06 4.555604291301004650e-06 3.088294979417904960e-05 3.088294979417904960e-05 3.089068353410972921e-05 3.088552770748927162e-05
-1.917999999999999972e+01 4.560515226333744286e-06 4.560515226333744286e-06 4.561488642004428668e-06 4.560839698223971848e-06 3.094764292858983630e-05 3.094764292858983630e-05 3.095541495730602205e-05 3.095023360482856262e-05
-1.917000000000000171e+01 4.565758399983367928e-06 4.565758399983367928e-06 4.566735867859263704e-06 4.566084222608666802e-06 3.101178338077694645e-05 3.101178338077694645e-05 3.101959373529292104e-05 3.101438683228226905e-05
-1.916000000000000014e+01 4.571010564463305570e-06 4.571010564463305570e-06 4.571992591070063530e-06 4.571337906665557658e-06 3.107539266818934226e-05 3.107539266818934226e-05 3.108324138909088587e-05 3.107800890848985454e-05
-1.914999999999999858e+01 4.576272226299206306e-06 4.576272226299206306e-06 4.577258558374003173e-06 4.576601003657471928e-06 3.113849137185343592e-05 3.113849137185343592e-05 3.114637850316473363e-05 3.114112041562386849e-05
-1.914000000000000057e+01 4.581543132228247707e-06 4.581543132228247707e-06 4.582534023033906757e-06 4.581873429163467390e-06 3.120109918606284090e-05 3.120109918606284090e-05 3.120902477512189427e-05 3.120374104908252988e-05
-1.912999999999999901e+01 4.586823662144666805e-06 4.586823662144666805e-06 4.587818605155536404e-06 4.587155309814956107e-06 3.126323496501885881e-05 3.126323496501885881e-05 3.127119906236033788e-05 3.126588966413268743e-05
-1.912000000000000099e+01 4.592113056259984453e-06 4.592113056259984453e-06 4.593112558001718776e-06 4.592446223507229510e-06 3.132491676663140014e-05 3.132491676663140014e-05 3.133291942587641392e-05 3.132758431971307818e-05
-1.910999999999999943e+01 4.597412454256919373e-06 4.597412454256919373e-06 4.598416008203865091e-06 4.597746972239234895e-06 3.138616189367489893e-05 3.138616189367489893e-05 3.139420317142663420e-05 3.138884231959214628e-05
-1.910000000000000142e+01 4.602720716452755383e-06 4.602720716452756230e-06 4.603728829130564132e-06 4.603056754012024966e-06 3.144698693247856199e-05 3.144698693247856199e-05 3.145506688822332947e-05 3.144968025106015567e-05
-1.908999999999999986e+01 4.608038729267382000e-06 4.608038729267381153e-06 4.609051020781815053e-06 4.608376159772193583e-06 3.150740778931745214e-05 3.150740778931745214e-05 3.151552648533034062e-05 3.151011402132175055e-05
-1.907999999999999829e+01 4.613365859543734679e-06 4.613365859543734679e-06 4.614382836420443671e-06 4.613704851835971010e-06 3.156743972465826746e-05 3.156743972465826746e-05 3.157559722591280263e-05 3.157015889174311026e-05
-1.907000000000000028e+01 4.618702740438877117e-06 4.618702740438876270e-06 4.619724149415036231e-06 4.619043210097596822e-06 3.162709738540228063e-05 3.162709738540228063e-05 3.163529375948395997e-05 3.162982951009616923e-05
-1.905999999999999872e+01 4.624049118689984344e-06 4.624049118689984344e-06 4.625074959765593580e-06 4.624391065715188270e-06 3.168639483525807017e-05 3.168639483525807017e-05 3.169463015228092003e-05 3.168913994093235797e-05
-1.905000000000000071e+01 4.629404741034232236e-06 4.629404741034232236e-06 4.630435014209289899e-06 4.629748165425918688e-06 3.174534558336592144e-05 3.174534558336592144e-05 3.175361991589225930e-05 3.174810369420804084e-05
-1.903999999999999915e+01 4.634770240628681102e-06 4.634770240628681102e-06 4.635804819271778519e-06 4.635115100176380241e-06 3.180396261128817917e-05 3.180396261128817917e-05 3.181227603425116772e-05 3.180673375227583750e-05
-1.903000000000000114e+01 4.640144984316271480e-06 4.640144984316270633e-06 4.641184248321643990e-06 4.640491405651396215e-06 3.186225839847069868e-05 3.186225839847069868e-05 3.187061098909961044e-05 3.186504259534700260e-05
-1.901999999999999957e+01 4.645529731885476588e-06 4.645529731885476588e-06 4.646573048096060493e-06 4.645877503955671788e-06 3.192024494627363818e-05 3.192024494627363818e-05 3.192863678402171537e-05 3.192304222552299047e-05
-1.901000000000000156e+01 4.650923596916407759e-06 4.650923596916407759e-06 4.651971978383506330e-06 4.651273057405440616e-06 3.197793380066234659e-05 3.197793380066234659e-05 3.198636496713738508e-05 3.198074418948736620e-05
-1.900000000000000000e+01 4.656327339197542444e-06 4.656327339197542444e-06 4.657380279395504047e-06 4.656678319263529363e-06 3.203533607364323304e-05 3.203533607364323304e-05 3.204380665254084296e-05 3.203815959994243408e-05
-1.898999999999999844e+01 4.661740705466054828e-06 4.661740705466054828e-06 4.662798204394880308e-06 4.662093205108997502e-06 3.209246246352318905e-05 3.209246246352318905e-05 3.210097254056273875e-05 3.209529915586969658e-05
-1.898000000000000043e+01 4.667163695721944909e-06 4.667163695721945756e-06 4.668225500118807602e-06 4.667517630520900269e-06 3.214932327406584174e-05 3.214932327406584174e-05 3.215787293692934265e-05 3.215217316168700193e-05
-1.896999999999999886e+01 4.672596563228038506e-06 4.672596563228038506e-06 4.673663052987177139e-06 4.672952059814418615e-06 3.220592843261281399e-05 3.220592843261281399e-05 3.221451777088669901e-05 3.220879154537078018e-05
-1.896000000000000085e+01 4.678039054721510648e-06 4.678039054721510648e-06 4.679109976580099402e-06 4.678396028674373283e-06 3.226228750723351252e-05 3.226228750723351252e-05 3.227091661235345686e-05 3.226516387560682730e-05
-1.894999999999999929e+01 4.683491170202358793e-06 4.683491170202358793e-06 4.684567030686049305e-06 4.683849790363589246e-06 3.231840972296259358e-05 3.231840972296258681e-05 3.232707868816144599e-05 3.232129937802886868e-05
-1.894000000000000128e+01 4.688953036301999239e-06 4.688953036301999239e-06 4.690033708779376906e-06 4.689313260461125128e-06 3.237430397718031946e-05 3.237430397718031269e-05 3.238301289743912337e-05 3.237720695059991851e-05
-1.892999999999999972e+01 4.694425032914667324e-06 4.694425032914667324e-06 4.695509630965846018e-06 4.694786565598392991e-06 3.242997885418730534e-05 3.242997885418730534e-05 3.243872782618940323e-05 3.243289517818799561e-05
-1.892000000000000171e+01 4.699906400251887290e-06 4.699906400251887290e-06 4.700996190190992712e-06 4.700269663564922148e-06 3.248544263902160533e-05 3.248544263902160533e-05 3.249423176110975177e-05 3.248837234638432081e-05
-1.891000000000000014e+01 4.705397898102136589e-06 4.705397898102135742e-06 4.706492373403518798e-06 4.705762723202597043e-06 3.254070333056302366e-05 3.254070333056302366e-05 3.254953270269942566e-05 3.254364645460850229e-05
-1.889999999999999858e+01 4.710899526465415222e-06 4.710899526465415222e-06 4.711998307234834644e-06 4.711265786721888362e-06 3.259576865396663676e-05 3.259576865396663676e-05 3.260463837769576569e-05 3.259872522854301307e-05
-1.889000000000000057e+01 4.716410525553244887e-06 4.716410525553245734e-06 4.717514244947766067e-06 4.716778432018086692e-06 3.265064607246451016e-05 3.265064607246451016e-05 3.265955625087857661e-05 3.265361613193587016e-05
-1.887999999999999901e+01 4.721931655154105580e-06 4.721931655154105580e-06 4.723040186542313915e-06 4.722301165616841974e-06 3.270534279857239152e-05 3.270534279857239152e-05 3.271429353627932073e-05 3.270832637780802556e-05
-1.887000000000000099e+01 4.727462535373754339e-06 4.727462535373754339e-06 4.728575878755654064e-06 4.727833649834387016e-06 3.275986580473549183e-05 3.275986580473549183e-05 3.276885720782935207e-05 3.276286293910010965e-05
-1.885999999999999943e+01 4.733003672737847035e-06 4.733003672737846188e-06 4.734121701482021005e-06 4.733376348985905307e-06 3.281422183344542658e-05 3.281422183344542658e-05 3.282325400947913433e-05 3.281723255878999583e-05
-1.885000000000000142e+01 4.738554307457903672e-06 4.738554307457903672e-06 4.739677401458593157e-06 4.738928672124800449e-06 3.286841740685830874e-05 3.286841740685830874e-05 3.287749046481871243e-05 3.287144175951177438e-05
-1.883999999999999986e+01 4.744115705848054188e-06 4.744115705848054188e-06 4.745242852053954220e-06 4.744491421250020583e-06 3.292245883594207444e-05 3.292245883594207444e-05 3.293157288622727423e-05 3.292549685270380997e-05
-1.882999999999999829e+01 4.749687108119821129e-06 4.749687108119821129e-06 4.750818939687997101e-06 4.750064385309213120e-06 3.297635222917942122e-05 3.297635222917942122e-05 3.298550738357840635e-05 3.297940394731241852e-05
-1.882000000000000028e+01 4.755267754484727041e-06 4.755267754484726194e-06 4.756404904572243498e-06 4.755646804513899758e-06 3.303010350085102450e-05 3.303010350085101773e-05 3.303929987252551294e-05 3.303316895807584946e-05
-1.880999999999999872e+01 4.760858911256900166e-06 4.760858911256900166e-06 4.762000746706691716e-06 4.761239523073497631e-06 3.308371837892230209e-05 3.308371837892230209e-05 3.309295608239077560e-05 3.308679761341178874e-05
-1.880000000000000071e+01 4.766460198542102625e-06 4.766460198542102625e-06 4.767607099248409689e-06 4.766842498777537748e-06 3.313720241255543083e-05 3.313720241255543083e-05 3.314648156367928434e-05 3.314029546293005318e-05
-1.878999999999999915e+01 4.772071742971746480e-06 4.772071742971746480e-06 4.773223582303155301e-06 4.772455689415549420e-06 3.319056097926714776e-05 3.319056097926714776e-05 3.319988169523851914e-05 3.319366788459093370e-05
-1.878000000000000114e+01 4.777693291283006759e-06 4.777693291283005912e-06 4.778849942608104430e-06 4.778078841724705136e-06 3.324379929175145138e-05 3.324379929175145138e-05 3.325316169108279282e-05 3.324692009152856067e-05
-1.876999999999999957e+01 4.783325096738709282e-06 4.783325096738709282e-06 4.784486686688908710e-06 4.783712293388775475e-06 3.329692240438534326e-05 3.329692240438534326e-05 3.330632660690011066e-05 3.330005713855693691e-05
-1.876000000000000156e+01 4.788967285970267803e-06 4.788967285970267803e-06 4.790133434651328568e-06 4.789356002197288058e-06 3.334993521943459120e-05 3.334993521943459120e-05 3.335938134625875351e-05 3.335308392837597186e-05
-1.875000000000000000e+01 4.794619225820615237e-06 4.794619225820615237e-06 4.795790566389604425e-06 4.795009672676944684e-06 3.340284249297507230e-05 3.340284249297507230e-05 3.341233066652927141e-05 3.340600521749313641e-05
-1.873999999999999844e+01 4.800281929341056549e-06 4.800281929341056549e-06 4.801457955272321677e-06 4.800673937984811592e-06 3.345564884054521356e-05 3.345564884054521356e-05 3.346517918453687667e-05 3.345882562187576793e-05
-1.873000000000000043e+01 4.805954890005940105e-06 4.805954890005939258e-06 4.807135854562306143e-06 4.806348544858062118e-06 3.350835874254285888e-05 3.350835874254285888e-05 3.351793138195843975e-05 3.351154962234805928e-05
-1.871999999999999886e+01 4.811637727921025482e-06 4.811637727921025482e-06 4.812823884365320791e-06 4.812033113402457534e-06 3.356097654938041325e-05 3.356097654938041325e-05 3.357059161047726742e-05 3.356418156974603356e-05
-1.871000000000000085e+01 4.817331202874793523e-06 4.817331202874792676e-06 4.818522424575602651e-06 4.817728276775062386e-06 3.361350648641020381e-05 3.361350648641020381e-05 3.362316409670805729e-05 3.361672568984281712e-05
-1.869999999999999929e+01 4.823035061604415022e-06 4.823035061604415869e-06 4.824230968667500090e-06 4.823433697292110327e-06 3.366595265863190950e-05 3.366595265863190950e-05 3.367565294690411061e-05 3.366918608805596750e-05
-1.869000000000000128e+01 4.828749304109891673e-06 4.828749304109891673e-06 4.829950023166666437e-06 4.829149543795483261e-06 3.371831905519320625e-05 3.371831905519320625e-05 3.372806215145743536e-05 3.372156675394795606e-05
-1.867999999999999972e+01 4.834473803759811413e-06 4.834473803759810566e-06 4.835679588073099150e-06 4.834875731864239812e-06 3.377060955369373788e-05 3.377060955369373788e-05 3.378039558920262908e-05 3.377387156553003720e-05
-1.867000000000000171e+01 4.840208940448410429e-06 4.840208940448410429e-06 4.841419916649626589e-06 4.840612599182149714e-06 3.382282792430244841e-05 3.382282792430244841e-05 3.383265703153398753e-05 3.382610429337962811e-05
-1.866000000000000014e+01 4.845954334281450841e-06 4.845954334281450841e-06 4.847170502370594577e-06 4.846359723644499318e-06 3.387497783369739656e-05 3.387497783369739656e-05 3.388485014634529211e-05 3.387826860458002841e-05
-1.864999999999999858e+01 4.851710491784585979e-06 4.851710491784585979e-06 4.852931725130243535e-06 4.852117569566471266e-06 3.392706284883687521e-05 3.392706284883687521e-05 3.393697850180103093e-05 3.393036806649159378e-05
-1.864000000000000057e+01 4.857477033063575422e-06 4.857477033063575422e-06 4.858703205034335582e-06 4.857885757053828526e-06 3.397908644056998076e-05 3.397908644056998076e-05 3.398904556994702920e-05 3.398240615036233927e-05
-1.862999999999999901e+01 4.863254084749832078e-06 4.863254084749831231e-06 4.864485448608519815e-06 4.863664539369395222e-06 3.403105198709461502e-05 3.403105198709461502e-05 3.404105473016855952e-05 3.403438623478592759e-05
-1.862000000000000099e+01 4.869041520211946428e-06 4.869041520211944734e-06 4.870278329221385017e-06 4.869453789881759291e-06 3.408296277727001421e-05 3.408296277727001421e-05 3.409300927250293864e-05 3.408631160901432687e-05
-1.860999999999999943e+01 4.874839719344150421e-06 4.874839719344150421e-06 4.876081720241517433e-06 4.875253719643273323e-06 3.413482201379121160e-05 3.413482201379121160e-05 3.414491240081387490e-05 3.413818547613210389e-05
-1.860000000000000142e+01 4.880648682146448293e-06 4.880648682146449140e-06 4.881895368406093786e-06 4.881064244232997638e-06 3.418663281623171541e-05 3.418663281623170863e-05 3.419676723583382766e-05 3.419001095609908842e-05
-1.858999999999999986e+01 4.886468028724602164e-06 4.886468028724602164e-06 4.887720033503586448e-06 4.886885363650930541e-06 3.423839822396077155e-05 3.423839822396077155e-05 3.424857681808093121e-05 3.424179108866748692e-05
-1.857999999999999829e+01 4.892298392235675732e-06 4.892298392235676579e-06 4.893555715533999653e-06 4.892717500001783988e-06 3.429012119894145230e-05 3.429012119894145230e-05 3.430034411065629063e-05 3.429352883617974078e-05
-1.857000000000000028e+01 4.898138886259777786e-06 4.898138886259777786e-06 4.899401274814616375e-06 4.898559682444722853e-06 3.434180462841476816e-05 3.434180462841476816e-05 3.435207200192738218e-05 3.434522708625229939e-05
-1.855999999999999872e+01 4.903990777111038265e-06 4.903990777111038265e-06 4.905257977659565702e-06 4.904413177293880461e-06 3.439345132747556962e-05 3.439345132747556962e-05 3.440376330810310793e-05 3.439688865435142025e-05
-1.855000000000000071e+01 4.909852798475326383e-06 4.909852798475326383e-06 4.911125570806020123e-06 4.910277055918890681e-06 3.444506404154507018e-05 3.444506404154507018e-05 3.445542077570545831e-05 3.444851628626520408e-05
-1.853999999999999915e+01 4.915726216666772925e-06 4.915726216666772925e-06 4.917004180885394241e-06 4.916152204739646415e-06 3.449664544874491708e-05 3.449664544874491708e-05 3.450704708394289159e-05 3.450011266047757751e-05
-1.853000000000000114e+01 4.921610145265487528e-06 4.921610145265487528e-06 4.922893554634861391e-06 4.922037948388611584e-06 3.454819816217725493e-05 3.454819816217725493e-05 3.455864484699001807e-05 3.455168039044818727e-05
-1.851999999999999957e+01 4.927504964165708072e-06 4.927504964165708072e-06 4.928793565423009511e-06 4.927934497918141320e-06 3.459972473211531552e-05 3.459972473211531552e-05 3.461021661617793237e-05 3.460322202680285447e-05
-1.851000000000000156e+01 4.933410546736020801e-06 4.933410546736020801e-06 4.934704466512664419e-06 4.933841853328235622e-06 3.465122764810819308e-05 3.465122764810819308e-05 3.466176488209937495e-05 3.465474005943858026e-05
-1.850000000000000000e+01 4.939326892976429949e-06 4.939326892976429102e-06 4.940626131272410664e-06 4.939759972408422956e-06 3.470270934100418234e-05 3.470270934100418234e-05 3.471329207663268683e-05 3.470623691954701943e-05
-1.848999999999999844e+01 4.945254129518342498e-06 4.945254129518342498e-06 4.946559066227904119e-06 4.945689108421529987e-06 3.475417218489598633e-05 3.475417218489598633e-05 3.476480057488808120e-05 3.475771498156002021e-05
-1.848000000000000043e+01 4.951192762887414317e-06 4.951192762887414317e-06 4.952502891484902667e-06 4.951629472419910152e-06 3.480561849899135813e-05 3.480561849899135813e-05 3.481629269707977605e-05 3.480917656502082851e-05
-1.846999999999999886e+01 4.957142033295165413e-06 4.957142033295165413e-06 4.958457353780581338e-06 4.957580473456970439e-06 3.485705054941250382e-05 3.485705054941250382e-05 3.486777071032724692e-05 3.486062393638408033e-05
-1.846000000000000085e+01 4.963102700530075779e-06 4.963102700530075779e-06 4.964423339534832190e-06 4.963542913531661532e-06 3.490847055092738388e-05 3.490847055092738388e-05 3.491923683038854095e-05 3.491205931074776054e-05
-1.844999999999999929e+01 4.969073878172254206e-06 4.969073878172253359e-06 4.970400088959174379e-06 4.969515948434561213e-06 3.495988066861582030e-05 3.495988066861582030e-05 3.497069322332859299e-05 3.496348485352008238e-05
-1.844000000000000128e+01 4.975055946115937727e-06 4.975055946115937727e-06 4.976388108579263777e-06 4.975500000270378897e-06 3.501128301947335677e-05 3.501128301947334999e-05 3.502214200712531523e-05 3.501490268202401185e-05
-1.842999999999999972e+01 4.981049790781017552e-06 4.981049790781016705e-06 4.982387145132271178e-06 4.981495575564767914e-06 3.506267967395524396e-05 3.506267967395524396e-05 3.507358525321589991e-05 3.506631486704213379e-05
-1.842000000000000171e+01 4.987054652379016227e-06 4.987054652379016227e-06 4.988397071986785367e-06 4.987502125581605093e-06 3.511407265746363282e-05 3.511407265746363282e-05 3.512502498798586258e-05 3.511772343430438059e-05
-1.841000000000000014e+01 4.993070024384282963e-06 4.993070024384282963e-06 4.994418269037043376e-06 4.993519439268536999e-06 3.516546395177983278e-05 3.516546395177983278e-05 3.517646319420324506e-05 3.516913036592096117e-05
-1.839999999999999858e+01 4.999096919848121032e-06 4.999096919848121032e-06 5.000450736283046901e-06 4.999548191993096322e-06 3.521685549644431137e-05 3.521685549644431137e-05 3.522790181240016005e-05 3.522053760176292985e-05
-1.839000000000000057e+01 5.005134958876290012e-06 5.005134958876290012e-06 5.006494347093381338e-06 5.005588088281987403e-06 3.526824919008656980e-05 3.526824919008656980e-05 3.527934274220375776e-05 3.527194704079229912e-05
-1.837999999999999901e+01 5.011184521363030326e-06 5.011184521363029479e-06 5.012549354730875045e-06 5.011639465818979131e-06 3.531964689170690038e-05 3.531964689170690038e-05 3.533078784361906740e-05 3.532336054234429165e-05
-1.837000000000000099e+01 5.017245100782688643e-06 5.017245100782688643e-06 5.018615379301286756e-06 5.017701860288888861e-06 3.537105042191218722e-05 3.537105042191218722e-05 3.538223893826527910e-05 3.537477992736320882e-05
-1.835999999999999943e+01 5.023316823766679565e-06 5.023316823766679565e-06 5.024692674067444829e-06 5.023775440533601884e-06 3.542246156410758674e-05 3.542246156410758674e-05 3.543369781056782418e-05 3.542620697959434159e-05
-1.835000000000000142e+01 5.029400070209241821e-06 5.029400070209241821e-06 5.030781492292171693e-06 5.029860544236884547e-06 3.547388206564606653e-05 3.547388206564606653e-05 3.548516620890788693e-05 3.547764344673333999e-05
-1.833999999999999986e+01 5.035494333584723773e-06 5.035494333584723773e-06 5.036881707344057829e-06 5.035956791504501509e-06 3.552531363893737484e-05 3.552531363893737484e-05 3.553664584673127917e-05 3.552909104153535198e-05
-1.832999999999999829e+01 5.041600373681599489e-06 5.041600373681599489e-06 5.042993192591687785e-06 5.042064646651628638e-06 3.557675796251836490e-05 3.557675796251836490e-05 3.558813840361833776e-05 3.558055144288502252e-05
-1.832000000000000028e+01 5.047717810605634475e-06 5.047717810605634475e-06 5.049116074666477012e-06 5.048183898625915886e-06 3.562821668208606345e-05 3.562821668208606345e-05 3.563964552631657969e-05 3.563202629682956209e-05
-1.830999999999999872e+01 5.053846391094000374e-06 5.053846391094002068e-06 5.055250480199835032e-06 5.054314420795946107e-06 3.567969141149510961e-05 3.567969141149510961e-05 3.569116882973758534e-05 3.568351721757593485e-05
-1.830000000000000071e+01 5.059986495040939299e-06 5.059986495040939299e-06 5.061396155928938566e-06 5.060456382003606286e-06 3.573118373372105496e-05 3.573118373372105496e-05 3.574270989791967514e-05 3.573502578845392835e-05
-1.828999999999999915e+01 5.066137995815034107e-06 5.066137995815034107e-06 5.067553228485200524e-06 5.066609740038423195e-06 3.578269520179071066e-05 3.578269520179071066e-05 3.579427028495780946e-05 3.578655356284640574e-05
-1.828000000000000114e+01 5.072300893416287340e-06 5.072300893416288187e-06 5.073722457657097514e-06 5.072774748163225194e-06 3.583422733968101201e-05 3.583422733968101201e-05 3.584585151590191106e-05 3.583810206508797385e-05
-1.826999999999999957e+01 5.078475947633177297e-06 5.078475947633177297e-06 5.079902957024738324e-06 5.078951617430364024e-06 3.588578164318765418e-05 3.588578164318765418e-05 3.589745508762501292e-05 3.588967279133344269e-05
-1.826000000000000156e+01 5.084662145414396472e-06 5.084662145414396472e-06 5.086094726588123803e-06 5.085139672472305300e-06 3.593735958076458989e-05 3.593735958076458989e-05 3.594908246966218673e-05 3.594126721039711992e-05
-1.825000000000000000e+01 5.090859866654186981e-06 5.090859866654186981e-06 5.092298526135732250e-06 5.091339419814701506e-06 3.598896259433554800e-05 3.598896259433554800e-05 3.600073510502170234e-05 3.599288676456426837e-05
-1.823999999999999844e+01 5.097069237983961731e-06 5.097069237983960884e-06 5.098513722510498274e-06 5.097550732826140579e-06 3.604059210007886711e-05 3.604059210007886711e-05 3.605241441096891945e-05 3.604453287037554670e-05
-1.823000000000000043e+01 5.103290386035131939e-06 5.103290386035131092e-06 5.104740695606658909e-06 5.103773822558974262e-06 3.609224948918622025e-05 3.609224948918622025e-05 3.610412177978453797e-05 3.609620691938565272e-05
-1.821999999999999886e+01 5.109523184176283847e-06 5.109523184176283847e-06 5.110979445424218388e-06 5.110008604592262027e-06 3.614393612859672142e-05 3.614393612859672142e-05 3.615585857949769487e-05 3.614791027889705042e-05
-1.821000000000000085e+01 5.115767885670248357e-06 5.115767885670248357e-06 5.117229465437521689e-06 5.116255078926006416e-06 3.619565336170694922e-05 3.619565336170694922e-05 3.620762615459501883e-05 3.619964429266964135e-05
-1.819999999999999929e+01 5.122023857359955840e-06 5.122023857359956687e-06 5.123491768697872082e-06 5.122513161139261819e-06 3.624740250905778217e-05 3.624740250905778217e-05 3.625942582670669986e-05 3.625141028160741688e-05
-1.819000000000000128e+01 5.128292112296711264e-06 5.128292112296711264e-06 5.129765595416794656e-06 5.128783273336739343e-06 3.629918486899896043e-05 3.629918486899896043e-05 3.631125889527020396e-05 3.630320954442271505e-05
-1.817999999999999972e+01 5.134571890692038020e-06 5.134571890692038020e-06 5.136051325488525595e-06 5.135065035624201110e-06 3.635100171833220744e-05 3.635100171833220744e-05 3.636312663817276453e-05 3.635504335827906432e-05
-1.817000000000000171e+01 5.140863445808759387e-06 5.140863445808760234e-06 5.142348832281653686e-06 5.141358574633058334e-06 3.640285431293337220e-05 3.640285431293337220e-05 3.641503031237330792e-05 3.640691297941334626e-05
-1.816000000000000014e+01 5.147167030909705417e-06 5.147167030909705417e-06 5.148658242427590143e-06 5.147664101415666992e-06 3.645474388835475105e-05 3.645474388835475105e-05 3.646697115450477507e-05 3.645881964373809690e-05
-1.814999999999999858e+01 5.153482392732046056e-06 5.153482392732046903e-06 5.154979809189160784e-06 5.153981531551084016e-06 3.650667166040815121e-05 3.650667166040815121e-05 3.651895038145753754e-05 3.651076456742461106e-05
-1.814000000000000057e+01 5.159809911170021727e-06 5.159809911170021727e-06 5.161313279303541484e-06 5.160311033881195544e-06 3.655863882572931974e-05 3.655863882572931974e-05 3.657096919094453790e-05 3.656274894746773031e-05
-1.812999999999999901e+01 5.166148953066568731e-06 5.166148953066569578e-06 5.167658272876492671e-06 5.166652059669877558e-06 3.661064656232487601e-05 3.661064656232487601e-05 3.662302876204908959e-05 3.661477396223293817e-05
-1.812000000000000099e+01 5.172500278210163675e-06 5.172500278210163675e-06 5.174016056222141740e-06 5.173005537547489414e-06 3.666269603010193097e-05 3.666269603010193097e-05 3.667513025575578370e-05 3.666684077198655532e-05
-1.810999999999999943e+01 5.178863380075154076e-06 5.178863380075154076e-06 5.180385109763538866e-06 5.179370623304615672e-06 3.671478837138167372e-05 3.671478837138167372e-05 3.672727481546512578e-05 3.671895051940949559e-05
-1.810000000000000142e+01 5.185238765187192417e-06 5.185238765187192417e-06 5.186766826446219270e-06 5.185748118940201086e-06 3.676692471139713546e-05 3.676692471139713546e-05 3.677946356749264839e-05 3.677110433009563300e-05
-1.808999999999999986e+01 5.191626433546278698e-06 5.191626433546278698e-06 5.193160193218885610e-06 5.192137686770481002e-06 3.681910615877593732e-05 3.681910615877593732e-05 3.683169762155281756e-05 3.682330331303489514e-05
-1.807999999999999829e+01 5.198025878626761284e-06 5.198025878626761284e-06 5.199565969870011105e-06 5.198539242374510660e-06 3.687133380600877411e-05 3.687133380600877411e-05 3.688397807122847206e-05 3.687554856108200450e-05
-1.807000000000000028e+01 5.204437480322880594e-06 5.204437480322880594e-06 5.205983903136770785e-06 5.204952954594177889e-06 3.692360872990384409e-05 3.692360872990384409e-05 3.693630599442611372e-05 3.692784115141126730e-05
-1.805999999999999872e+01 5.210861491897457366e-06 5.210861491897458213e-06 5.212413866387755127e-06 5.211378950060889671e-06 3.697593199202803120e-05 3.697593199202803120e-05 3.698868245381765890e-05 3.698018214595790484e-05
-1.805000000000000071e+01 5.217297786719082924e-06 5.217297786719083771e-06 5.218855732991546142e-06 5.217817102143237330e-06 3.702830463913513100e-05 3.702830463913513100e-05 3.704110849726905742e-05 3.703257259184644206e-05
-1.803999999999999915e+01 5.223745984893517696e-06 5.223745984893517696e-06 5.225310389368037580e-06 5.224267453051690708e-06 3.708072770358153381e-05 3.708072770358153381e-05 3.709358515825611800e-05 3.708501352180639747e-05
-1.803000000000000114e+01 5.230206466315002102e-06 5.230206466315001255e-06 5.231777075728750293e-06 5.230730002786250652e-06 3.713320220372982573e-05 3.713320220372982573e-05 3.714611345626816352e-05 3.713750595457593155e-05
-1.801999999999999957e+01 5.236679230983531907e-06 5.236679230983531907e-06 5.238256425230749673e-06 5.237204962399270598e-06 3.718572914434056510e-05 3.718572914434056510e-05 3.719869439719970583e-05 3.719005089529360975e-05
-1.801000000000000156e+01 5.243164405530522561e-06 5.243164405530522561e-06 5.244748057979797840e-06 5.243692289680280705e-06 3.723830951695266805e-05 3.723830951695266805e-05 3.725132897373067541e-05 3.724264933587866598e-05
-1.800000000000000000e+01 5.249661989955975758e-06 5.249661989955975758e-06 5.251251847344479345e-06 5.250191942418809440e-06 3.729094430025266742e-05 3.729094430025266742e-05 3.730401816569548385e-05 3.729530225540027516e-05
-1.798999999999999844e+01 5.256172237522713929e-06 5.256172237522714776e-06 5.257768173219034607e-06 5.256704216088154155e-06 3.734363446043320427e-05 3.734363446043320427e-05 3.735676294044144749e-05 3.734801062043594975e-05
-1.798000000000000043e+01 5.262694388442259618e-06 5.262694388442259618e-06 5.264296655709226595e-06 5.263228477531248611e-06 3.739638095154110411e-05 3.739638095154110411e-05 3.740956425317672147e-05 3.740077538541964323e-05
-1.796999999999999886e+01 5.269229329134508272e-06 5.269229329134508272e-06 5.270837927972115618e-06 5.269765528747045183e-06 3.744918471581543801e-05 3.744918471581543801e-05 3.746242304730834042e-05 3.745359749297973655e-05
-1.796000000000000085e+01 5.275776679705216081e-06 5.275776679705216081e-06 5.277391356850640519e-06 5.276314905420356996e-06 3.750204668401579863e-05 3.750204668401579863e-05 3.751534025477062327e-05 3.750647787426740232e-05
-1.794999999999999929e+01 5.282336186891557227e-06 5.282336186891557227e-06 5.283957828764690814e-06 5.282876734182602038e-06 3.755496777574127929e-05 3.755496777574127929e-05 3.756831679634415233e-05 3.755941744927557030e-05
-1.794000000000000128e+01 5.288908610482013399e-06 5.288908610482013399e-06 5.290536710557202805e-06 5.289451310507075970e-06 3.760794889974044061e-05 3.760794889974044061e-05 3.762135358196595677e-05 3.761241712714894148e-05
-1.792999999999999972e+01 5.295493823845165760e-06 5.295493823845165760e-06 5.297128002228173105e-06 5.296038549972835722e-06 3.766099095421253574e-05 3.766099095421253574e-05 3.767445151103083947e-05 3.766547780648530817e-05
-1.792000000000000171e+01 5.302091573718192725e-06 5.302091573718192725e-06 5.303732210303255890e-06 5.302638452579880447e-06 3.771409482710062441e-05 3.771409482710062441e-05 3.772761147268447753e-05 3.771860037562855964e-05
-1.791000000000000014e+01 5.308701733469681387e-06 5.308701733469681387e-06 5.310349208151038251e-06 5.309250891696800624e-06 3.776726139637635220e-05 3.776726139637635220e-05 3.778083434610836420e-05 3.777178571295368502e-05
-1.789999999999999858e+01 5.315324682993867931e-06 5.315324682993867084e-06 5.316978615877281461e-06 5.315875993955005774e-06 3.782049153031747919e-05 3.782049153031747919e-05 3.783412100079684958e-05 3.782503468714392921e-05
-1.789000000000000057e+01 5.321960295659342837e-06 5.321960295659342837e-06 5.323620686744810491e-06 5.322513759354498439e-06 3.787378608777760913e-05 3.787378608777760913e-05 3.788747229682680207e-05 3.787834815746067118e-05
-1.787999999999999901e+01 5.328608824728927686e-06 5.328608824728927686e-06 5.330275420753627036e-06 5.329164356737161367e-06 3.792714591844908133e-05 3.792714591844908133e-05 3.794088908511981587e-05 3.793172697400599058e-05
-1.787000000000000099e+01 5.335270016939799203e-06 5.335270016939799203e-06 5.336943577692206854e-06 5.335827870523935934e-06 3.798057186311885598e-05 3.798057186311885598e-05 3.799437220769749315e-05 3.798517197797840396e-05
-1.785999999999999943e+01 5.341943998923370295e-06 5.341943998923370295e-06 5.343624017877832919e-06 5.342504005241523939e-06 3.803406475391787385e-05 3.803406475391787385e-05 3.804792249792988902e-05 3.803868400192187890e-05
-1.785000000000000142e+01 5.348630897311053874e-06 5.348630897311053874e-06 5.350317501098985226e-06 5.349193098573697658e-06 3.808762541456385656e-05 3.808762541456386333e-05 3.810154078077744442e-05 3.809226386996838359e-05
-1.783999999999999986e+01 5.355330712102849937e-06 5.355330712102849937e-06 5.357023900724250017e-06 5.355895108309983015e-06 3.814125466059796086e-05 3.814125466059796086e-05 3.815522787302667813e-05 3.814591239807418866e-05
-1.782999999999999829e+01 5.362043569930169700e-06 5.362043569930169700e-06 5.363743216753627294e-06 5.362610118871322232e-06 3.819495329961531386e-05 3.819495329961531386e-05 3.820898458351982760e-05 3.819963039425014500e-05
-1.782000000000000028e+01 5.368769217530189040e-06 5.368769217530189040e-06 5.370475702449941180e-06 5.369338045836772240e-06 3.824872213148963263e-05 3.824872213148963263e-05 3.826281171337878408e-05 3.825341865878601193e-05
-1.780999999999999872e+01 5.375507908165734621e-06 5.375507908165733774e-06 5.377220977918953795e-06 5.376078931416806267e-06 3.830256194859206362e-05 3.830256194859205684e-05 3.831671005622341712e-05 3.830727798446918145e-05
-1.780000000000000071e+01 5.382259261942563481e-06 5.382259261942563481e-06 5.383979423054905560e-06 5.382832648980010559e-06 3.835647353600441813e-05 3.835647353600441813e-05 3.837068039838472186e-05 3.836120915679785948e-05
-1.778999999999999915e+01 5.389024291911984822e-06 5.389024291911985669e-06 5.390751164489209385e-06 5.389599916104392727e-06 3.841045767172689189e-05 3.841045767172689189e-05 3.842472351911287750e-05 3.841521295418888710e-05
-1.778000000000000114e+01 5.395802111654104045e-06 5.395802111654104045e-06 5.397535569064796489e-06 5.396379930791001244e-06 3.846451512688053306e-05 3.846451512688053306e-05 3.847884019078046065e-05 3.846929014818050666e-05
-1.776999999999999957e+01 5.402592974431748662e-06 5.402592974431750356e-06 5.404333269938735652e-06 5.403173072934077376e-06 3.851864666590454665e-05 3.851864666590454665e-05 3.853303117908093560e-05 3.852344150363000511e-05
-1.775999999999999801e+01 5.409397133507744491e-06 5.409397133507744491e-06 5.411144267111026028e-06 5.409979511375504721e-06 3.857285304674861170e-05 3.857285304674861170e-05 3.858729724322266559e-05 3.857766777890662740e-05
-1.775000000000000000e+01 5.416214462250677777e-06 5.416214462250677777e-06 5.417968180687425501e-06 5.416799035062927301e-06 3.862713502106042114e-05 3.862713502106042792e-05 3.864163913611834319e-05 3.863196972607972624e-05
-1.773999999999999844e+01 5.423044707397720160e-06 5.423044707397721007e-06 5.424806023719244119e-06 5.423631812838227864e-06 3.868149333436856637e-05 3.868149333436856637e-05 3.869605760457001624e-05 3.868634809110239203e-05
-1.773000000000000043e+01 5.429888628737357564e-06 5.429888628737356717e-06 5.431656529892346016e-06 5.430477929122353715e-06 3.873592872626103757e-05 3.873592872626103757e-05 3.875055338944981753e-05 3.874080361399063766e-05
-1.771999999999999886e+01 5.436745719743928190e-06 5.436745719743928190e-06 5.438520458995214576e-06 5.437337299494356703e-06 3.879044193055931948e-05 3.879044193055931948e-05 3.880512722587620188e-05 3.879533702899828028e-05
-1.771000000000000085e+01 5.443616360311676693e-06 5.443616360311676693e-06 5.445397937659257625e-06 5.444210219427536721e-06 3.884503367548846210e-05 3.884503367548846210e-05 3.885977984338598871e-05 3.884994906478764215e-05
-1.769999999999999929e+01 5.450499917283537681e-06 5.450499917283537681e-06 5.452288585990238131e-06 5.451096140185770599e-06 3.889970468384301776e-05 3.889970468384301776e-05 3.891451196610219650e-05 3.890464044459607056e-05
-1.769000000000000128e+01 5.457397150447987761e-06 5.457397150447987761e-06 5.459192783882395666e-06 5.457995694926123730e-06 3.895445567314925137e-05 3.895445567314925137e-05 3.896932431289759473e-05 3.895941188639869690e-05
-1.767999999999999972e+01 5.464307806542201963e-06 5.464307806542201116e-06 5.466110404704317323e-06 5.464908672596240981e-06 3.900928735582356947e-05 3.900928735582356947e-05 3.902421759755437294e-05 3.901426410306717063e-05
-1.767000000000000171e+01 5.471232012197591501e-06 5.471232012197591501e-06 5.473041828350240982e-06 5.471835284248474944e-06 3.906420043932733746e-05 3.906420043932733746e-05 3.907919252891972378e-05 3.906919780252478828e-05
-1.766000000000000014e+01 5.478169640782745161e-06 5.478169640782745161e-06 5.479986295031688341e-06 5.478775192199060119e-06 3.911919562631826141e-05 3.911919562631826141e-05 3.913424981105773293e-05 3.912421368789808525e-05
-1.764999999999999858e+01 5.485120818929074157e-06 5.485120818929074157e-06 5.486944691168551457e-06 5.485728776342233539e-06 3.917427361479844936e-05 3.917427361479844936e-05 3.918939014339752855e-05 3.917931245766480909e-05
-1.764000000000000057e+01 5.492085546636581030e-06 5.492085546636581030e-06 5.493916636866591603e-06 5.492695910046584837e-06 3.922943509825920654e-05 3.922943509825920654e-05 3.924461422087774446e-05 3.923449480579871467e-05
-1.762999999999999901e+01 5.499064203799502814e-06 5.499064203799502814e-06 5.500901752231567512e-06 5.499676719943524380e-06 3.928468076582260508e-05 3.928468076582260508e-05 3.929992273408771037e-05 3.928976142191096448e-05
-1.762000000000000099e+01 5.506055650735122479e-06 5.506055650735122479e-06 5.507901050314786690e-06 5.506670783928343601e-06 3.934001130238013312e-05 3.934001130238013312e-05 3.935531636940517263e-05 3.934511299138847285e-05
-1.760999999999999943e+01 5.513061660283223295e-06 5.513061660283223295e-06 5.514913897959181205e-06 5.513679072841875931e-06 3.939542738872825396e-05 3.939542738872825396e-05 3.941079580913085730e-05 3.940055019552911271e-05
-1.760000000000000142e+01 5.520081346023912356e-06 5.520081346023913203e-06 5.521940548427576873e-06 5.520701080158467195e-06 3.945092970170101758e-05 3.945092970170101080e-05 3.946636173161986868e-05 3.945607371167396795e-05
-1.758999999999999986e+01 5.527114328062951782e-06 5.527114328062951782e-06 5.528981254982803750e-06 5.527736637036236336e-06 3.950651891429995477e-05 3.950651891429995477e-05 3.952201481141026212e-05 3.951168421333672615e-05
-1.757999999999999829e+01 5.534161239557407812e-06 5.534161239557406965e-06 5.536035131204964694e-06 5.534785870106593722e-06 3.956219569582104405e-05 3.956219569582104405e-05 3.957775571934860819e-05 3.956738237033023209e-05
-1.757000000000000028e+01 5.541222333770102877e-06 5.541222333770102877e-06 5.543103570039606789e-06 5.541849412526603898e-06 3.961796071197900860e-05 3.961796071197900860e-05 3.963358512271298185e-05 3.962316884889033076e-05
-1.755999999999999872e+01 5.548296977543974125e-06 5.548296977543974972e-06 5.550185558435425066e-06 5.548926504507791952e-06 3.967381462502906546e-05 3.967381462502906546e-05 3.968950368533332926e-05 3.967904431179715565e-05
-1.755000000000000071e+01 5.555385677404674887e-06 5.555385677404674887e-06 5.557281223023834130e-06 5.556017525944394917e-06 3.972975809388599121e-05 3.972975809388599121e-05 3.974551206770934083e-05 3.973500941849377442e-05
-1.753999999999999915e+01 5.562488053457964741e-06 5.562488053457964741e-06 5.564391070330481381e-06 5.563122392415470570e-06 3.978579177424073471e-05 3.978579177424073471e-05 3.980161092712613565e-05 3.979106482520253051e-05
-1.753000000000000114e+01 5.569604865492320294e-06 5.569604865492320294e-06 5.571515480249608088e-06 5.570241737078083457e-06 3.984191631867466490e-05 3.984191631867466490e-05 3.985780091776762831e-05 3.984721118503898603e-05
-1.751999999999999957e+01 5.576735353719264940e-06 5.576735353719264940e-06 5.578653186467086854e-06 5.577374631301871680e-06 3.989813237677151465e-05 3.989813237677151465e-05 3.991408269082794431e-05 3.990344914812365561e-05
-1.750999999999999801e+01 5.583880024664450315e-06 5.583880024664450315e-06 5.585805075402806349e-06 5.584521708243902326e-06 3.995444059522704786e-05 3.995444059522704786e-05 3.997045689462078210e-05 3.995977936169161916e-05
-1.750000000000000000e+01 5.591038751696465202e-06 5.591038751696464355e-06 5.592971653582417361e-06 5.591683052325116769e-06 4.001084161795654450e-05 4.001084161795654450e-05 4.002692417468694565e-05 4.001620247020001381e-05
-1.748999999999999844e+01 5.598211534815306216e-06 5.598211534815306216e-06 5.600151907954617466e-06 5.598858325861742734e-06 4.006733608620038841e-05 4.006733608620038841e-05 4.008348517389997962e-05 4.007271911543358096e-05
-1.748000000000000043e+01 5.605398753915213775e-06 5.605398753915213775e-06 5.607346598307883270e-06 5.606048035379436940e-06 4.012392463862739169e-05 4.012392463862739169e-05 4.014014053256994104e-05 4.012932993660824147e-05
-1.746999999999999886e+01 5.612600155733362064e-06 5.612600155733362064e-06 5.614555218116565678e-06 5.613251843194429653e-06 4.018060791143627608e-05 4.018060791143627608e-05 4.019689088854544310e-05 4.018603557047267186e-05
-1.746000000000000085e+01 5.619815487006926956e-06 5.619815487006926956e-06 5.621778527169140451e-06 5.620469833727663941e-06 4.023738653845529081e-05 4.023738653845529081e-05 4.025373687731367953e-05 4.024283665140808479e-05
-1.744999999999999929e+01 5.627045380892969610e-06 5.627045380892969610e-06 5.629015639045716379e-06 5.627702133610552713e-06 4.029426115123973655e-05 4.029426115123973655e-05 4.031067913209877531e-05 4.029973381152608506e-05
-1.744000000000000128e+01 5.634289457497253840e-06 5.634289457497253840e-06 5.636267566797598427e-06 5.634948827264035651e-06 4.035123237916780892e-05 4.035123237916780892e-05 4.036771828395821970e-05 4.035672768076460800e-05
-1.742999999999999972e+01 5.641548223345429587e-06 5.641548223345429587e-06 5.643533424004893691e-06 5.642209956898584288e-06 4.040830084953455135e-05 4.040830084953455135e-05 4.042485496187741542e-05 4.041381888698216367e-05
-1.742000000000000171e+01 5.648820918649021092e-06 5.648820918649021092e-06 5.650814097087495923e-06 5.649485311461845188e-06 4.046546718764404616e-05 4.046546718764404616e-05 4.048208979286264220e-05 4.047100805605023807e-05
-1.741000000000000014e+01 5.656108303196503267e-06 5.656108303196503267e-06 5.658109459413988825e-06 5.656775355268998453e-06 4.052273201689985738e-05 4.052273201689985061e-05 4.053942340203208237e-05 4.052829581194393915e-05
-1.739999999999999858e+01 5.663409997093639079e-06 5.663409997093639079e-06 5.665418751195898332e-06 5.664079581794392446e-06 4.058009595889390140e-05 4.058009595889390140e-05 4.059685641270536913e-05 4.058568277683106409e-05
-1.739000000000000057e+01 5.670726633497494768e-06 5.670726633497494768e-06 5.672742605590285600e-06 5.671398624195092559e-06 4.063755963349373205e-05 4.063755963349373205e-05 4.065438944649152217e-05 4.064316957115966886e-05
-1.737999999999999901e+01 5.678057579251003248e-06 5.678057579251003248e-06 5.680081529122804808e-06 5.678732229208270434e-06 4.069512365892837550e-05 4.069512365892837550e-05 4.071202312337537889e-05 4.070075681374404555e-05
-1.737000000000000099e+01 5.685402834354165365e-06 5.685402834354165365e-06 5.687434762004976805e-06 5.686080143571101947e-06 4.075278865187285742e-05 4.075278865187285742e-05 4.076975806180271780e-05 4.075844512184947981e-05
-1.735999999999999943e+01 5.692762778701219000e-06 5.692762778701219000e-06 5.694802937393868679e-06 5.693442831598768046e-06 4.081055522753151711e-05 4.081055522753151711e-05 4.082759487876405386e-05 4.081623511127569376e-05
-1.735000000000000142e+01 5.700137665554991664e-06 5.700137665554992511e-06 5.702185168869584985e-06 5.700820166659856669e-06 4.086842399972022389e-05 4.086842399972021711e-05 4.088553418987724784e-05 4.087412739643922510e-05
-1.733999999999999986e+01 5.707527621546894573e-06 5.707527621546894573e-06 5.709583102640498621e-06 5.708212781911428973e-06 4.092639558094759067e-05 4.092639558094759744e-05 4.094357660946905869e-05 4.093212259045474893e-05
-1.732999999999999829e+01 5.714931760257037363e-06 5.714931760257037363e-06 5.716994965866828014e-06 5.715619495460300631e-06 4.098447058249529972e-05 4.098447058249529972e-05 4.100172275065555746e-05 4.099022130521538337e-05
-1.732000000000000028e+01 5.722350841473900030e-06 5.722350841473899183e-06 5.724422024862699715e-06 5.723041235936833541e-06 4.104264961449747309e-05 4.104264961449747309e-05 4.105997322542170771e-05 4.104842415147221571e-05
-1.730999999999999872e+01 5.729784485303241305e-06 5.729784485303241305e-06 5.731864026365289598e-06 5.730477665657256273e-06 4.110093328601918238e-05 4.110093328601918238e-05 4.111832864469992278e-05 4.110673173891275800e-05
-1.730000000000000071e+01 5.737233704796362768e-06 5.737233704796362768e-06 5.739320590480358936e-06 5.737929333357693694e-06 4.115932220513415893e-05 4.115932220513415893e-05 4.117678961844783693e-05 4.116514467623871826e-05
-1.728999999999999915e+01 5.744697613533379135e-06 5.744697613533379135e-06 5.746792603627796399e-06 5.745395943564851839e-06 4.121781697900144014e-05 4.121781697900144014e-05 4.123535675572502621e-05 4.122366357124264679e-05
-1.728000000000000114e+01 5.752176084882874111e-06 5.752176084882873264e-06 5.754279052756301256e-06 5.752877074174017057e-06 4.127641821394110777e-05 4.127641821394110777e-05 4.129403066476903812e-05 4.128228903088374896e-05
-1.726999999999999957e+01 5.759670005264738059e-06 5.759670005264738059e-06 5.761781204180001749e-06 5.760373738236493469e-06 4.133512651550888783e-05 4.133512651550888783e-05 4.135281195307036423e-05 4.134102166136271556e-05
-1.725999999999999801e+01 5.767178614890493525e-06 5.767178614890493525e-06 5.769297918216181698e-06 5.767885049332389018e-06 4.139394248856963915e-05 4.139394248856963915e-05 4.141170122744655891e-05 4.139986206819528584e-05
-1.725000000000000000e+01 5.774702420285793838e-06 5.774702420285794685e-06 5.776829828021904800e-06 5.775411556197831107e-06 4.145286673736968999e-05 4.145286673736968999e-05 4.147069909411531458e-05 4.145881085628490270e-05
-1.723999999999999844e+01 5.782241801344875184e-06 5.782241801344875184e-06 5.784377060228584812e-06 5.782953554306112009e-06 4.151189986560783975e-05 4.151189986560783975e-05 4.152980615876664924e-05 4.151786862999412087e-05
-1.723000000000000043e+01 5.789795365122198954e-06 5.789795365122198954e-06 5.791939234941982160e-06 5.790509988395460305e-06 4.157104247650523577e-05 4.157104247650523577e-05 4.158902302663396915e-05 4.157703599321480904e-05
-1.721999999999999886e+01 5.797364631194715818e-06 5.797364631194715818e-06 5.799516732056336417e-06 5.798081998148588787e-06 4.163029517287396947e-05 4.163029517287396947e-05 4.164835030256409471e-05 4.163631354943734907e-05
-1.721000000000000085e+01 5.804949472931017105e-06 5.804949472931017105e-06 5.807109298308820919e-06 5.805669414723618941e-06 4.168965855718466959e-05 4.168965855718466959e-05 4.170778859108638517e-05 4.169570190181856801e-05
-1.719999999999999929e+01 5.812549003911208215e-06 5.812549003911209062e-06 5.814717820119326876e-06 5.813271942647249180e-06 4.174913323163299762e-05 4.174913323163299762e-05 4.176733849648056900e-05 4.175520165324885701e-05
-1.719000000000000128e+01 5.820164363818009565e-06 5.820164363818009565e-06 5.822340904542312288e-06 5.820889877392776857e-06 4.180871979820525563e-05 4.180871979820525563e-05 4.182700062284382212e-05 4.181481340641811790e-05
-1.717999999999999972e+01 5.827794919494353222e-06 5.827794919494354069e-06 5.829979817891902858e-06 5.828523218960202818e-06 4.186841885874330961e-05 4.186841885874330961e-05 4.188677557415667387e-05 4.187453776388109995e-05
-1.717000000000000171e+01 5.835440797571652941e-06 5.835440797571653788e-06 5.837634306905279544e-06 5.836171967349528757e-06 4.192823101500889625e-05 4.192823101500889625e-05 4.194666395434802522e-05 4.193437532812193698e-05
-1.716000000000000014e+01 5.843102251312736235e-06 5.843102251312736235e-06 5.845303865056785627e-06 5.843836122560752981e-06 4.198815686874735368e-05 4.198815686874735368e-05 4.200666636735942843e-05 4.199432670161804752e-05
-1.714999999999999858e+01 5.850779154086188500e-06 5.850779154086188500e-06 5.852989505397725227e-06 5.851515937856702154e-06 4.204819702175111506e-05 4.204819702175111506e-05 4.206678341720849253e-05 4.205439248690356744e-05
-1.714000000000000057e+01 5.858471632523422646e-06 5.858471632523422646e-06 5.860690214876795919e-06 5.859211159974546223e-06 4.210835207592280915e-05 4.210835207592280915e-05 4.212701570805166545e-05 4.211457328663241662e-05
-1.712999999999999901e+01 5.866179686624439520e-06 5.866179686624439520e-06 5.868406626651062247e-06 5.866921999966647096e-06 4.216862263333820502e-05 4.216862263333820502e-05 4.218736384424649424e-05 4.217486970364097261e-05
-1.712000000000000099e+01 5.873903569652063246e-06 5.873903569652063246e-06 5.876138740720522518e-06 5.874648626674883286e-06 4.222900929630895347e-05 4.222900929630895347e-05 4.224782843041324174e-05 4.223528234101037160e-05
-1.710999999999999943e+01 5.881642775080644728e-06 5.881642775080644728e-06 5.883886683716589641e-06 5.882390744625959982e-06 4.228951266744507097e-05 4.228951266744506419e-05 4.230841007149625913e-05 4.229581180212880261e-05
-1.710000000000000142e+01 5.889397809435833909e-06 5.889397809435833909e-06 5.891650202376442880e-06 5.890148607082703848e-06 4.235013334971730837e-05 4.235013334971730837e-05 4.236910937282476223e-05 4.235645869075312407e-05
-1.708999999999999986e+01 5.897168799349044545e-06 5.897168799349044545e-06 5.899429549962902123e-06 5.897922382886997636e-06 4.241087194651922828e-05 4.241087194651922828e-05 4.242992694017345203e-05 4.241722361107063620e-05
-1.707999999999999829e+01 5.904955491557448277e-06 5.904955491557448277e-06 5.907225106370205251e-06 5.905712029828367268e-06 4.247172906172898423e-05 4.247172906172898423e-05 4.249086337982274880e-05 4.247810716776025038e-05
-1.707000000000000028e+01 5.912758012692462248e-06 5.912758012692462248e-06 5.915035985178467830e-06 5.913517336854464391e-06 4.253270529977074075e-05 4.253270529977074075e-05 4.255191929861880954e-05 4.253910996605343486e-05
-1.705999999999999872e+01 5.920575982859844344e-06 5.920575982859844344e-06 5.922863072807577681e-06 5.921338346175755456e-06 4.259380126567567328e-05 4.259380126567568006e-05 4.261309530403330133e-05 4.260023261179488263e-05
-1.705000000000000071e+01 5.928410541742313287e-06 5.928410541742311593e-06 5.930705862731879781e-06 5.929175648738834322e-06 4.265501756514255476e-05 4.265501756514255476e-05 4.267439200422303252e-05 4.266147571150271853e-05
-1.703999999999999915e+01 5.936260676288561569e-06 5.936260676288561569e-06 5.938565241371269576e-06 5.937028864649464803e-06 4.271635480459775940e-05 4.271635480459775940e-05 4.273581000808942117e-05 4.272283987242830655e-05
-1.703000000000000114e+01 5.944126893024246757e-06 5.944126893024246757e-06 5.946439942411613738e-06 5.944897909486701288e-06 4.277781359125476513e-05 4.277781359125476513e-05 4.279734992533780767e-05 4.278432570261577931e-05
-1.701999999999999957e+01 5.952009318580774135e-06 5.952009318580774982e-06 5.954331105535631839e-06 5.952783247565727268e-06 4.283939453317324930e-05 4.283939453317324930e-05 4.285901236653663870e-05 4.284593381096104577e-05
-1.700999999999999801e+01 5.959908079589564236e-06 5.959908079589564236e-06 5.962238477480496365e-06 5.960684878886541048e-06 4.290109823931747982e-05 4.290109823931747982e-05 4.292079794317650874e-05 4.290766480727048720e-05
-1.700000000000000000e+01 5.967822416262136218e-06 5.967822416262136218e-06 5.970161931614794409e-06 5.968602254713022846e-06 4.296292531961439447e-05 4.296292531961439447e-05 4.298270726772910005e-05 4.296951930231929408e-05
-1.698999999999999844e+01 5.975753215018379596e-06 5.975753215018379596e-06 5.978101341307112213e-06 5.976535923781289904e-06 4.302487638501123306e-05 4.302487638501123306e-05 4.304474095370591931e-05 4.303149790790946407e-05
-1.698000000000000043e+01 5.983700222595471094e-06 5.983700222595471094e-06 5.986057466345929773e-06 5.984485970512289524e-06 4.308695204753284423e-05 4.308695204753283745e-05 4.310689961571692586e-05 4.309360123692754262e-05
-1.696999999999999886e+01 5.991663565624821081e-06 5.991663565624821081e-06 5.994029673574178308e-06 5.992452268274607105e-06 4.314915292033862646e-05 4.314915292033862646e-05 4.316918386952915313e-05 4.315582990340213309e-05
-1.696000000000000085e+01 5.999643117475015798e-06 5.999643117475015798e-06 6.002018469517515385e-06 6.000434901489182327e-06 4.321147961777935378e-05 4.321147961777935378e-05 4.323159433212507943e-05 4.321818452256125781e-05
-1.694999999999999929e+01 6.007639384671711966e-06 6.007639384671711119e-06 6.010023474281697193e-06 6.008434081208372862e-06 4.327393275545379824e-05 4.327393275545379824e-05 4.329413162176106637e-05 4.328066571088954977e-05
-1.694000000000000128e+01 6.015651734057839110e-06 6.015651734057839110e-06 6.018045067760964154e-06 6.016449511958881356e-06 4.333651295026519649e-05 4.333651295026519649e-05 4.335679635802576357e-05 4.334327408618538326e-05
-1.692999999999999972e+01 6.023680925421878919e-06 6.023680925421878919e-06 6.026082996692491298e-06 6.024481615845416378e-06 4.339922082047773677e-05 4.339922082047773677e-05 4.341958916189839798e-05 4.340601026761795717e-05
-1.692000000000000171e+01 6.031725945712526426e-06 6.031725945712525579e-06 6.034137261076276928e-06 6.032529717500442695e-06 4.346205698577303221e-05 4.346205698577303221e-05 4.348251065580713114e-05 4.346887487578439852e-05
-1.691000000000000014e+01 6.039788314506734846e-06 6.039788314506734846e-06 6.042208873963625166e-06 6.040595167659031620e-06 4.352502206730659429e-05 4.352502206730659429e-05 4.354556146368738243e-05 4.353186853276686604e-05
-1.689999999999999858e+01 6.047866638858963874e-06 6.047866638858964721e-06 6.050296695671821524e-06 6.048676657796584220e-06 4.358811668776459754e-05 4.358811668776459754e-05 4.360874221104005076e-05 4.359499186218974862e-05
-1.689000000000000057e+01 6.055962438346170112e-06 6.055962438346170112e-06 6.058401106095101341e-06 6.056775327595814137e-06 4.365134147142056981e-05 4.365134147142056304e-05 4.367205352498968200e-05 4.365824548927694506e-05
-1.687999999999999901e+01 6.064074193391396111e-06 6.064074193391396111e-06 6.066522105233466310e-06 6.064890164005419793e-06 4.371469704419251613e-05 4.371469704419251613e-05 4.373549603434264321e-05 4.372163004090921838e-05
-1.687000000000000099e+01 6.072202663783121019e-06 6.072202663783121019e-06 6.074660326243980978e-06 6.073021884603407954e-06 4.377818403370013750e-05 4.377818403370013750e-05 4.379907036964508001e-05 4.378514614568178049e-05
-1.685999999999999943e+01 6.080348482678407687e-06 6.080348482678407687e-06 6.082815009338167889e-06 6.081170658231660523e-06 4.384180306932229361e-05 4.384180306932229361e-05 4.386277716324088076e-05 4.384879443396180911e-05
-1.685000000000000142e+01 6.088510890288779507e-06 6.088510890288779507e-06 6.090986534410265771e-06 6.089336104995941313e-06 4.390555478225468237e-05 4.390555478225468237e-05 4.392661704932947805e-05 4.391257553794627642e-05
-1.683999999999999986e+01 6.096689886614237328e-06 6.096689886614237328e-06 6.099175407985926260e-06 6.097518393738133921e-06 4.396943980556782444e-05 4.396943980556782444e-05 4.399059066402372483e-05 4.397649009171978446e-05
-1.682999999999999829e+01 6.104886231443256061e-06 6.104886231443256061e-06 6.107381123539497720e-06 6.105717862142002999e-06 4.403345877426506123e-05 4.403345877426506123e-05 4.405469864540776363e-05 4.404053873131263095e-05
-1.682000000000000028e+01 6.113099544881598675e-06 6.113099544881598675e-06 6.115603427808153486e-06 6.113934172523783894e-06 4.409761232534095275e-05 4.409761232534095275e-05 4.411894163359517373e-05 4.410472209475901738e-05
-1.680999999999999872e+01 6.121329700297852259e-06 6.121329700297852259e-06 6.123843207211785615e-06 6.122167535935830044e-06 4.416190109783968225e-05 4.416190109783968225e-05 4.418332027078713181e-05 4.416904082215549425e-05
-1.680000000000000071e+01 6.129577077586256388e-06 6.129577077586256388e-06 6.132100208487565748e-06 6.130418121220025893e-06 4.422632573291381317e-05 4.422632573291381317e-05 4.424783520133135188e-05 4.423349555571965715e-05
-1.678999999999999915e+01 6.137841423483982704e-06 6.137841423483982704e-06 6.140373798478433575e-06 6.138685548482132712e-06 4.429088687388322231e-05 4.429088687388322231e-05 4.431248707178116078e-05 4.429808693984920180e-05
-1.678000000000000114e+01 6.146123244516685382e-06 6.146123244516685382e-06 6.148664863604272683e-06 6.146970450879215894e-06 4.435558516629436505e-05 4.435558516629436505e-05 4.437727653095535965e-05 4.436281562118136551e-05
-1.676999999999999957e+01 6.154421907527299031e-06 6.154421907527299031e-06 6.156973530496503604e-06 6.155272448517033324e-06 4.442042125797980481e-05 4.442042125797980481e-05 4.444220422999860048e-05 4.442768224865273444e-05
-1.675999999999999801e+01 6.162738045672886502e-06 6.162738045672886502e-06 6.165299419260881682e-06 6.163591836868884049e-06 4.448539579911821009e-05 4.448539579911821009e-05 4.450727082244237243e-05 4.449268747355960657e-05
-1.675000000000000000e+01 6.171071532322036581e-06 6.171071532322036581e-06 6.173642403265997396e-06 6.171928489303356005e-06 4.455050944229474452e-05 4.455050944229474452e-05 4.457247696426660491e-05 4.455783194961869347e-05
-1.673999999999999844e+01 6.179422114211924295e-06 6.179422114211925989e-06 6.182003115668914444e-06 6.180282448030922423e-06 4.461576284256181611e-05 4.461576284256181611e-05 4.463782331396179230e-05 4.462311633302847258e-05
-1.673000000000000043e+01 6.187790551131024558e-06 6.187790551131025405e-06 6.190380796681152831e-06 6.188653966314401496e-06 4.468115665750047012e-05 4.468115665750047012e-05 4.470331053259164056e-05 4.468854128253086478e-05
-1.671999999999999886e+01 6.196176083290863304e-06 6.196176083290863304e-06 6.198776459354020064e-06 6.197042875311914711e-06 4.474669154728214799e-05 4.474669154728215477e-05 4.476893928385616774e-05 4.475410745947348791e-05
-1.671000000000000085e+01 6.204579597111327509e-06 6.204579597111327509e-06 6.207189343899036995e-06 6.205449512707230953e-06 4.481236817473107639e-05 4.481236817473106961e-05 4.483471023415512308e-05 4.481981552787242529e-05
-1.669999999999999929e+01 6.213000206172527655e-06 6.213000206172527655e-06 6.215620336736091446e-06 6.213873583027048636e-06 4.487818720538697473e-05 4.487818720538697473e-05 4.490062405265190073e-05 4.488566615447527210e-05
-1.669000000000000128e+01 6.221438796894357495e-06 6.221438796894357495e-06 6.224068298182470624e-06 6.222315297323727973e-06 4.494414930756860299e-05 4.494414930756860299e-05 4.496668141133765669e-05 4.495166000882496778e-05
-1.667999999999999972e+01 6.229894736119746553e-06 6.229894736119746553e-06 6.232534114658065739e-06 6.230774528965852666e-06 4.501025515243771609e-05 4.501025515243771609e-05 4.503288298509578504e-05 4.501779776332374359e-05
-1.667000000000000171e+01 6.238368657005762764e-06 6.238368657005762764e-06 6.241017912794284618e-06 6.239251742268603664e-06 4.507650541406350614e-05 4.507650541406351292e-05 4.509922945176672609e-05 4.508408009329792408e-05
-1.666000000000000014e+01 6.246860179658168246e-06 6.246860179658167399e-06 6.249519439328305679e-06 6.247746599548213775e-06 4.514290076948788500e-05 4.514290076948788500e-05 4.516572149221305236e-05 4.515050767706294530e-05
-1.664999999999999858e+01 6.255369430708372522e-06 6.255369430708372522e-06 6.258038947522953044e-06 6.256259269646566594e-06 4.520944189879113945e-05 4.520944189879113945e-05 4.523235979038501544e-05 4.521708119598909134e-05
-1.664000000000000057e+01 6.263896916682031462e-06 6.263896916682031462e-06 6.266576437378228409e-06 6.264790090247429315e-06 4.527612948515822341e-05 4.527612948515822341e-05 4.529914503338645189e-05 4.528380133456763064e-05
-1.662999999999999901e+01 6.272441877790663377e-06 6.272441877790663377e-06 6.275131528999890505e-06 6.273338428193739933e-06 4.534296421494568032e-05 4.534296421494567354e-05 4.536607791154121093e-05 4.535066878047753515e-05
-1.662000000000000099e+01 6.281005200454162865e-06 6.281005200454162865e-06 6.283704602282178058e-06 6.281905001063500980e-06 4.540994677774901951e-05 4.540994677774901951e-05 4.543315911846025309e-05 4.541768422465277533e-05
-1.660999999999999943e+01 6.289586504778287811e-06 6.289586504778287811e-06 6.292296037119331491e-06 6.290489682225302936e-06 4.547707786647058726e-05 4.547707786647058726e-05 4.550038935110920266e-05 4.548484836135013024e-05
-1.660000000000000142e+01 6.298185664131626153e-06 6.298185664131626153e-06 6.300905580248526679e-06 6.299092302837260509e-06 4.554435817738800707e-05 4.554435817738800707e-05 4.556776930987690326e-05 4.555216188821764817e-05
-1.658999999999999986e+01 6.306803185039831222e-06 6.306803185039831222e-06 6.309533231669758540e-06 6.307713200583140893e-06 4.561178841022304684e-05 4.561178841022303328e-05 4.563529969864463731e-05 4.561962550636356796e-05
-1.657999999999999829e+01 6.315438560977247992e-06 6.315438560977247992e-06 6.318178738120207186e-06 6.316351953358233825e-06 4.567936926821094677e-05 4.567936926821094677e-05 4.570298122485637554e-05 4.568723992042608744e-05
-1.657000000000000028e+01 6.324092298469531489e-06 6.324092298469531489e-06 6.326842986019757896e-06 6.325009194319606393e-06 4.574710145817047923e-05 4.574710145817047923e-05 4.577081459959001593e-05 4.575500583864365361e-05
-1.655999999999999872e+01 6.332764397516679171e-06 6.332764397516679171e-06 6.335525595474173639e-06 6.333684796835844841e-06 4.581498569057429986e-05 4.581498569057429986e-05 4.583880053762969312e-05 4.582292397292609309e-05
-1.655000000000000071e+01 6.341455111381518550e-06 6.341455111381518550e-06 6.344226186589216534e-06 6.342378803117418160e-06 4.588302267962029486e-05 4.588302267962029486e-05 4.590693975753920607e-05 4.589099503892660312e-05
-1.653999999999999915e+01 6.350163680275572172e-06 6.350163680275572172e-06 6.352945392521949432e-06 6.351090917691031541e-06 4.595121314330346364e-05 4.595121314330346364e-05 4.597523298173665859e-05 4.595921975611452862e-05
-1.653000000000000114e+01 6.358890990618728707e-06 6.358890990618729554e-06 6.361683213272374874e-06 6.359821731503277994e-06 4.601955780348881102e-05 4.601955780348880424e-05 4.604368093657019084e-05 4.602759884784927096e-05
-1.651999999999999957e+01 6.367636789148163182e-06 6.367636789148163182e-06 6.370439522209078258e-06 6.368571033501801541e-06 4.608805738598516113e-05 4.608805738598516113e-05 4.611228435239490348e-05 4.609613304145507073e-05
-1.650999999999999801e+01 6.376401075863876446e-06 6.376401075863876446e-06 6.379214319332058735e-06 6.377338823686604723e-06 4.615671262062010963e-05 4.615671262062010963e-05 4.618104396365098124e-05 4.616482306829706458e-05
-1.650000000000000000e+01 6.385183850765868498e-06 6.385183850765868498e-06 6.388007731272730063e-06 6.386125144268156534e-06 4.622552424131620247e-05 4.622552424131620247e-05 4.624996050894285998e-05 4.623366966385842615e-05
-1.648999999999999844e+01 6.393985367116963463e-06 6.393985367116963463e-06 6.396820011293918906e-06 6.394930248509282791e-06 4.629449298616845632e-05 4.629449298616845632e-05 4.631903473111968804e-05 4.630267356781886916e-05
-1.648000000000000043e+01 6.402805751548575942e-06 6.402805751548575942e-06 6.405650906132797753e-06 6.403754136409983495e-06 4.636361959752336310e-05 4.636361959752336310e-05 4.638826737735689894e-05 4.637183552413454623e-05
-1.646999999999999886e+01 6.411644750797877578e-06 6.411644750797877578e-06 6.414500289157955387e-06 6.412596596917903514e-06 4.643290482205941224e-05 4.643290482205941224e-05 4.645765919923896305e-05 4.644115628111926929e-05
-1.646000000000000085e+01 6.420502618127698423e-06 6.420502618127698423e-06 6.423368920157867570e-06 6.421458052137753958e-06 4.650234941086930034e-05 4.650234941086930034e-05 4.652721095284363017e-05 4.651063659152741706e-05
-1.644999999999999929e+01 6.429379100275208424e-06 6.429379100275208424e-06 6.432256545869709331e-06 6.430338248806707315e-06 4.657195411954394331e-05 4.657195411954394331e-05 4.659692339882730359e-05 4.658027721263839448e-05
-1.644000000000000128e+01 6.438274957028886730e-06 6.438274957028886730e-06 6.441162913030656544e-06 6.439237609029477233e-06 4.664171970825816218e-05 4.664171970825815541e-05 4.666679730251197287e-05 4.665007890634276575e-05
-1.642999999999999972e+01 6.447189808494493766e-06 6.447189808494493766e-06 6.450088654797772062e-06 6.448156090595587096e-06 4.671164694185834767e-05 4.671164694185834767e-05 4.673683343397368466e-05 4.672004243923012215e-05
-1.642000000000000171e+01 6.456123654672032920e-06 6.456123654672032073e-06 6.459032758119751765e-06 6.457093355821271406e-06 4.678173658995193391e-05 4.678173658995193391e-05 4.680703256813251119e-05 4.679016858267879978e-05
-1.641000000000000014e+01 6.465076115667261231e-06 6.465076115667261231e-06 6.467996615942137652e-06 6.466049615758886987e-06 4.685198942699874932e-05 4.685198942699874254e-05 4.687739548484424665e-05 4.686045811294725069e-05
-1.639999999999999858e+01 6.474048077900070754e-06 6.474048077900070754e-06 6.476979595107867720e-06 6.475025250302670025e-06 4.692240623240421729e-05 4.692240623240421729e-05 4.694792296899374348e-05 4.693091181126739269e-05
-1.639000000000000057e+01 6.483039288107636521e-06 6.483039288107636521e-06 6.485981568985524824e-06 6.484020048400266237e-06 4.699298779061439330e-05 4.699298779061439330e-05 4.701861581059009850e-05 4.700153046393961933e-05
-1.637999999999999901e+01 6.492049619658543926e-06 6.492049619658543926e-06 6.495002664206526108e-06 6.493033967841204936e-06 4.706373489121280448e-05 4.706373489121280448e-05 4.708947480486360771e-05 4.707231486242974115e-05
-1.637000000000000099e+01 6.501079452447032545e-06 6.501079452447032545e-06 6.504043893822173998e-06 6.502067599572079131e-06 4.713464832901895620e-05 4.713464832901896297e-05 4.716050075236461841e-05 4.714326580346751253e-05
-1.635999999999999943e+01 6.510128279947449047e-06 6.510128279947449047e-06 6.513104118149748077e-06 6.511120226014882904e-06 4.720572890418853261e-05 4.720572890418853261e-05 4.723169445906437360e-05 4.721438408914714401e-05
-1.635000000000000142e+01 6.519196861948275122e-06 6.519196861948275122e-06 6.522183463820667184e-06 6.520192395905739425e-06 4.727697742231522362e-05 4.727697742231521684e-05 4.730305673645775362e-05 4.728567052702940029e-05
-1.633999999999999986e+01 6.528284818555267806e-06 6.528284818555267806e-06 6.531282690623403690e-06 6.529284109244646152e-06 4.734839469453414420e-05 4.734839469453414420e-05 4.737458840166821342e-05 4.735712593024550061e-05
-1.632999999999999829e+01 6.537392529662666676e-06 6.537392529662666676e-06 6.540401292032310194e-06 6.538395450452547849e-06 4.741998153762684614e-05 4.741998153762685291e-05 4.744629027755475263e-05 4.742875111760282852e-05
-1.632000000000000028e+01 6.546519615376234697e-06 6.546519615376234697e-06 6.549539774573034945e-06 6.547526335108502293e-06 4.749173877412805775e-05 4.749173877412805775e-05 4.751816319282100665e-05 4.750054691369236953e-05
-1.630999999999999872e+01 6.555666582221622658e-06 6.555666582221621811e-06 6.558698138245580483e-06 6.556677100896275831e-06 4.756366723243388048e-05 4.756366723243388048e-05 4.759020798212668227e-05 4.757251414899814774e-05
-1.630000000000000071e+01 6.564832670410351411e-06 6.564832670410351411e-06 6.567875876524293478e-06 6.565847072448332382e-06 4.763576774691218101e-05 4.763576774691218101e-05 4.766242548620119564e-05 4.764465366000851922e-05
-1.628999999999999915e+01 6.574019019625140526e-06 6.574019019625141373e-06 6.577073369303413505e-06 6.575037136184564852e-06 4.770804115801458934e-05 4.770804115801458934e-05 4.773481655195966158e-05 4.771696628932961342e-05
-1.628000000000000114e+01 6.583224996708921222e-06 6.583224996708921222e-06 6.586290616582939716e-06 6.584246870000260438e-06 4.778048831239086180e-05 4.778048831239086180e-05 4.780738203262134941e-05 4.778945288580103111e-05
-1.626999999999999957e+01 6.592450854924523553e-06 6.592450854924523553e-06 6.595528504782765016e-06 6.593476738210604323e-06 4.785311006300539888e-05 4.785311006300539888e-05 4.788012278783068670e-05 4.786211430461383267e-05
-1.625999999999999801e+01 6.601696974166184552e-06 6.601696974166184552e-06 6.604785387694517352e-06 6.602726445342296615e-06 4.792590726925621613e-05 4.792590726925621613e-05 4.795303968378085836e-05 4.793495140743109462e-05
-1.625000000000000000e+01 6.610962974539662949e-06 6.610962974539663796e-06 6.614063544683631628e-06 6.611996497920986407e-06 4.799888079709663225e-05 4.799888079709663225e-05 4.802613359334008224e-05 4.800796506251111558e-05
-1.623999999999999844e+01 6.620248856044961287e-06 6.620248856044961287e-06 6.623360569753263419e-06 6.621286093947728947e-06 4.807203151915955257e-05 4.807203151915955257e-05 4.809940539618085285e-05 4.808115614483332611e-05
-1.623000000000000043e+01 6.629554871944907078e-06 6.629554871944907078e-06 6.632678489006015882e-06 6.630596077631943911e-06 4.814536031488477472e-05 4.814536031488477472e-05 4.817285597891201074e-05 4.815452553622719351e-05
-1.621999999999999886e+01 6.638881148870908148e-06 6.638881148870908148e-06 6.642016289390589132e-06 6.639926195710802092e-06 4.821886807064931649e-05 4.821886807064931649e-05 4.824648623521389507e-05 4.822807412550417602e-05
-1.621000000000000085e+01 6.648227433560143762e-06 6.648227433560143762e-06 6.651374730695458930e-06 6.649276532605248253e-06 4.829255567990075915e-05 4.829255567990075915e-05 4.832029706597670810e-05 4.830180280859273988e-05
-1.619999999999999929e+01 6.657594739063914650e-06 6.657594739063913803e-06 6.660753179763561577e-06 6.658647552630463344e-06 4.836642404329408732e-05 4.836642404329408732e-05 4.839428937944202397e-05 4.837571248867672384e-05
-1.619000000000000128e+01 6.666981672436678814e-06 6.666981672436678814e-06 6.670152143120548710e-06 6.668038495997969062e-06 4.844047406883168657e-05 4.844047406883168657e-05 4.846846409134773970e-05 4.844980407633703084e-05
-1.617999999999999972e+01 6.676389499992566190e-06 6.676389499992564496e-06 6.679571747397830696e-06 6.677450249127654077e-06 4.851470667200698668e-05 4.851470667200698668e-05 4.854282212507632631e-05 4.852407848969676881e-05
-1.617000000000000171e+01 6.685817461943096784e-06 6.685817461943096784e-06 6.689011865963998862e-06 6.686882263283396912e-06 4.858912277595162169e-05 4.858912277595162169e-05 4.861736441180664422e-05 4.859853665456996254e-05
-1.616000000000000014e+01 6.695266064813925619e-06 6.695266064813925619e-06 6.698472245556224002e-06 6.696334791728025080e-06 4.866372331158635772e-05 4.866372331158635772e-05 4.869209189066920777e-05 4.867317950461397215e-05
-1.614999999999999858e+01 6.704735435236463911e-06 6.704735435236463911e-06 6.707953645962982722e-06 6.705808172145303233e-06 4.873850921777578141e-05 4.873850921777578141e-05 4.876700550890504797e-05 4.874800798148554371e-05
-1.614000000000000057e+01 6.714225193316473780e-06 6.714225193316473780e-06 6.717455307395803497e-06 6.715301898009583121e-06 4.881348144148701365e-05 4.881348144148701365e-05 4.884210622202841734e-05 4.882302303500082392e-05
-1.612999999999999901e+01 6.723735718948192258e-06 6.723735718948192258e-06 6.726977863011744098e-06 6.724816433636043154e-06 4.888864093795240083e-05 4.888864093795240083e-05 4.891739499399319461e-05 4.889822562329934565e-05
-1.612000000000000099e+01 6.733267138763033949e-06 6.733267138763033949e-06 6.736521439442219125e-06 6.734351905656096239e-06 4.896398867083644137e-05 4.896398867083644137e-05 4.899287279736340943e-05 4.897361671301209965e-05
-1.610999999999999943e+01 6.742819326129586790e-06 6.742819326129586790e-06 6.746085783424406998e-06 6.743908145227860475e-06 4.903952561240708960e-05 4.903952561240708960e-05 4.906854061348783953e-05 4.904919727943400399e-05
-1.610000000000000142e+01 6.752392534310673212e-06 6.752392534310673212e-06 6.755671148221129298e-06 6.753485405614157445e-06 4.911525274371143725e-05 4.911525274371143725e-05 4.914439943267901253e-05 4.912496830670063578e-05
-1.608999999999999986e+01 6.761986763306295756e-06 6.761986763306294909e-06 6.765277407200972270e-06 6.763083644604521543e-06 4.919117105475623303e-05 4.919117105475623303e-05 4.922045025439672071e-05 4.920093078796972666e-05
-1.607999999999999829e+01 6.771601633222214847e-06 6.771601633222214847e-06 6.774904813626765119e-06 6.772702693357064938e-06 4.926728154469315929e-05 4.926728154469316607e-05 4.929669408743636046e-05 4.927708572560755742e-05
-1.607000000000000028e+01 6.781237777215494184e-06 6.781237777215494184e-06 6.784553620761331123e-06 6.782343058397440112e-06 4.934358522200932632e-05 4.934358522200932632e-05 4.937313195012236073e-05 4.935343413138034005e-05
-1.605999999999999872e+01 6.790895448548960431e-06 6.790895448548960431e-06 6.794223068816195369e-06 6.792004655304705693e-06 4.942008310472293016e-05 4.942008310472293016e-05 4.944976487050715448e-05 4.942997702665100041e-05
-1.605000000000000071e+01 6.800574140696964495e-06 6.800574140696964495e-06 6.803914297474071496e-06 6.801687526289332366e-06 4.949677622058470418e-05 4.949677622058470418e-05 4.952659388657600477e-05 4.950671544258181567e-05
-1.603999999999999915e+01 6.810273980290913353e-06 6.810273980290913353e-06 6.813626546946482051e-06 6.811391502509436535e-06 4.957366560728499491e-05 4.957366560728499491e-05 4.960362004645818025e-05 4.958365042034273013e-05
-1.603000000000000114e+01 6.819995220593639602e-06 6.819995220593639602e-06 6.823360070496253699e-06 6.821116837227843172e-06 4.965075231266695004e-05 4.965075231266695004e-05 4.968084440864489336e-05 4.966078301132626448e-05
-1.601999999999999957e+01 6.829738241499376038e-06 6.829738241499376038e-06 6.833115501280450984e-06 6.830863994759734071e-06 4.972803739494587966e-05 4.972803739494587966e-05 4.975826804221413673e-05 4.973811427736863201e-05
-1.600999999999999801e+01 6.839502029956821084e-06 6.839502029956821084e-06 6.842892459404836027e-06 6.840632173106159399e-06 4.980552192293516330e-05 4.980552192293515653e-05 4.983589202706290575e-05 4.981564529097773960e-05
-1.600000000000000000e+01 6.849288105542933036e-06 6.849288105542932189e-06 6.852690691606582163e-06 6.850422300897483592e-06 4.988320697627863517e-05 4.988320697627863517e-05 4.991371745414673950e-05 4.989337713556801231e-05
-1.599000000000000021e+01 6.859095075312167354e-06 6.859095075312167354e-06 6.862510577779926425e-06 6.860233576134754275e-06 4.996109364569004368e-05 4.996109364569004368e-05 4.999174542572676295e-05 4.997131090570227892e-05
-1.598000000000000043e+01 6.868924078947239371e-06 6.868924078947239371e-06 6.872352244556285957e-06 6.870066800816922131e-06 5.003918303319932804e-05 5.003918303319932804e-05 5.006997705562437966e-05 5.004944770734101643e-05
-1.596999999999999886e+01 6.878774609922496605e-06 6.878774609922496605e-06 6.882215945198481494e-06 6.879921721681158799e-06 5.011747625240651805e-05 5.011747625240651805e-05 5.014841346948379773e-05 5.012778865809894009e-05
-1.596000000000000085e+01 6.888647301395006142e-06 6.888647301395006142e-06 6.892101679706515578e-06 6.889798760832175389e-06 5.019597442874316231e-05 5.019597442874316231e-05 5.022705580504255860e-05 5.020633488750963678e-05
-1.594999999999999929e+01 6.898541646839115498e-06 6.898541646839115498e-06 6.902008308397674569e-06 6.899697200691967675e-06 5.027467869974181354e-05 5.027467869974181354e-05 5.030590521241075976e-05 5.028508753729812669e-05
-1.593999999999999950e+01 6.908457899517649646e-06 6.908457899517649646e-06 6.911937857374558234e-06 6.909617885469952791e-06 5.035359021531382817e-05 5.035359021531382817e-05 5.038496285435902563e-05 5.036404776166221377e-05
-1.592999999999999972e+01 6.918396186062022340e-06 6.918396186062023187e-06 6.921888933691632199e-06 6.919560435271893704e-06 5.043271013803590753e-05 5.043271013803590753e-05 5.046422990661616169e-05 5.044321672756266569e-05
-1.591999999999999993e+01 6.928356506472233581e-06 6.928356506472235275e-06 6.931862297137367987e-06 6.929525103360612846e-06 5.051203964344584777e-05 5.051203964344584777e-05 5.054370755817681044e-05 5.052259561502283307e-05
-1.591000000000000014e+01 6.938338987379697125e-06 6.938338987379697125e-06 6.941857947711767293e-06 6.939511974157053283e-06 5.059157992034763444e-05 5.059157992034763444e-05 5.062339701161945463e-05 5.060218561743824343e-05
-1.590000000000000036e+01 6.948343755415822492e-06 6.948343755415822492e-06 6.951875632152006840e-06 6.949521047661215863e-06 5.067133217112668777e-05 5.067133217112668099e-05 5.070329948343552687e-05 5.068198794189629177e-05
-1.589000000000000057e+01 6.958370557317788101e-06 6.958370557317788101e-06 6.961915730352321120e-06 6.959552281662633288e-06 5.075129761207544860e-05 5.075129761207544860e-05 5.078341620436963223e-05 5.076200380950684089e-05
-1.587999999999999901e+01 6.968419772979830136e-06 6.968419772979830136e-06 6.971978495575541033e-06 6.969606013845067666e-06 5.083147747373000284e-05 5.083147747373000284e-05 5.086374841977140575e-05 5.084223445574381284e-05
-1.587000000000000099e+01 6.978491782296187326e-06 6.978491782296187326e-06 6.982063294664596104e-06 6.979682286418988840e-06 5.091187300121817808e-05 5.091187300121817130e-05 5.094429738995935039e-05 5.092268113079856433e-05
-1.585999999999999943e+01 6.988585952109795124e-06 6.988585952109795124e-06 6.992170634145142206e-06 6.989780846121578614e-06 5.099248545461983081e-05 5.099248545461983081e-05 5.102506439059699411e-05 5.100334509994554062e-05
-1.584999999999999964e+01 6.998702535683481890e-06 6.998702535683480196e-06 7.002300893911416370e-06 6.999901988426126717e-06 5.107331610933976452e-05 5.107331610933976452e-05 5.110605071308192883e-05 5.108422764392047918e-05
-1.583999999999999986e+01 7.008841912911480422e-06 7.008841912911480422e-06 7.012453694069181564e-06 7.010045839964046905e-06 5.115436625649412574e-05 5.115436625649412574e-05 5.118725766494834747e-05 5.116533005931218610e-05
-1.583000000000000007e+01 7.019003577268145860e-06 7.019003577268144166e-06 7.022629034618435248e-06 7.020212063051576220e-06 5.123563720331068480e-05 5.123563720331068480e-05 5.126868657028379106e-05 5.124665365896839366e-05
-1.582000000000000028e+01 7.029188288541951423e-06 7.029188288541951423e-06 7.032827295453417841e-06 7.030401290845774127e-06 5.131713027354398355e-05 5.131713027354398355e-05 5.135033877016099990e-05 5.132819977241632911e-05
-1.580999999999999872e+01 7.039395793470072986e-06 7.039395793470072986e-06 7.043048349942714741e-06 7.040613312294287187e-06 5.139884680790572977e-05 5.139884680790572977e-05 5.143221562308561461e-05 5.140996974629902472e-05
-1.580000000000000071e+01 7.049626218683922613e-06 7.049626218683922613e-06 7.053292198086327642e-06 7.050848211818058470e-06 5.148078816451159687e-05 5.148078816451159687e-05 5.151431850546097355e-05 5.149196494482806028e-05
-1.578999999999999915e+01 7.059879690814914906e-06 7.059879690814914906e-06 7.063559093147083209e-06 7.061106158258970725e-06 5.156295571934505916e-05 5.156295571934505916e-05 5.159664881207071834e-05 5.157418675025360544e-05
-1.578000000000000114e+01 7.070155956600219812e-06 7.070155956600219812e-06 7.073849288387803872e-06 7.071387067196081730e-06 5.164535086673916381e-05 5.164535086673916381e-05 5.167920795658050161e-05 5.165663656335294082e-05
-1.576999999999999957e+01 7.080455269302668230e-06 7.080455269302668230e-06 7.084162530545668048e-06 7.081691023050335401e-06 5.172797501987738488e-05 5.172797501987738488e-05 5.176199737205969156e-05 5.173931580393816281e-05
-1.575999999999999979e+01 7.090778008816494654e-06 7.090778008816494654e-06 7.094498946252083565e-06 7.092018321295024856e-06 5.181082961131437236e-05 5.181082961131437236e-05 5.184501851152432684e-05 5.182222591138435945e-05
-1.575000000000000000e+01 7.101123921878874959e-06 7.101123921878874959e-06 7.104858282244228838e-06 7.102368708667326816e-06 5.189391609351771446e-05 5.189391609351771446e-05 5.192827284850235858e-05 5.190536834517926024e-05
-1.574000000000000021e+01 7.111492755226985868e-06 7.111492755226985868e-06 7.115241424941992537e-06 7.112742311798655040e-06 5.197723593943187858e-05 5.197723593943187858e-05 5.201176187762243994e-05 5.198874458549540355e-05
-1.573000000000000043e+01 7.121885521912127265e-06 7.121885521912128112e-06 7.125648121082547150e-06 7.123139721635600842e-06 5.206079064306539490e-05 5.206079064306539490e-05 5.209548711522772683e-05 5.207235613378616995e-05
-1.571999999999999886e+01 7.132301588777235451e-06 7.132301588777235451e-06 7.136078370665896066e-06 7.133560516073455656e-06 5.214458172010256998e-05 5.214458172010256998e-05 5.217945010001592989e-05 5.215620451340701651e-05
-1.571000000000000085e+01 7.142740955822310428e-06 7.142740955822310428e-06 7.146531793797798862e-06 7.144004568480805726e-06 5.222861070854114001e-05 5.222861070854113323e-05 5.226365239370729822e-05 5.224029127026318597e-05
-1.569999999999999929e+01 7.153204129573002985e-06 7.153204129573002985e-06 7.157008897003907175e-06 7.154472385383304381e-06 5.231287916935733388e-05 5.231287916935733388e-05 5.234809558174216120e-05 5.232461797348561192e-05
-1.568999999999999950e+01 7.163690730135076934e-06 7.163690730135076934e-06 7.167509680284221853e-06 7.164963713518124958e-06 5.239738868719983044e-05 5.239738868719983044e-05 5.243278127400985791e-05 5.240918621613651078e-05
-1.567999999999999972e+01 7.174200884139941797e-06 7.174200884139941797e-06 7.178034396901565325e-06 7.175478721727149357e-06 5.248214087111447302e-05 5.248214087111447302e-05 5.251771110561091770e-05 5.249399761594661899e-05
-1.566999999999999993e+01 7.184735351376077569e-06 7.184735351376077569e-06 7.188582920224530611e-06 7.186017874325561916e-06 5.256713735530135431e-05 5.256713735530135431e-05 5.260288673765454515e-05 5.257905381608574222e-05
-1.566000000000000014e+01 7.195293498686418012e-06 7.195293498686418012e-06 7.199155250253111782e-06 7.196580749208648986e-06 5.265237979990643300e-05 5.265237979990642622e-05 5.268830985809376739e-05 5.266435648596888005e-05
-1.564999999999999858e+01 7.205875579333790637e-06 7.205875579333790637e-06 7.209751766881550106e-06 7.207167641849711307e-06 5.273786989184962030e-05 5.273786989184962030e-05 5.277398218260029718e-05 5.274990732209984366e-05
-1.564000000000000057e+01 7.216481593318195443e-06 7.216481593318195443e-06 7.220372343478434368e-06 7.217778510038274803e-06 5.282360934569164701e-05 5.282360934569164701e-05 5.285990545548193738e-05 5.283570804895508391e-05
-1.562999999999999901e+01 7.227111793902453168e-06 7.227111793902453168e-06 7.231017359937999061e-06 7.228413649247634285e-06 5.290959990454238102e-05 5.290959990454238102e-05 5.294608145064507462e-05 5.292176041990995233e-05
-1.562000000000000099e+01 7.237766307717985191e-06 7.237766307717985191e-06 7.241686562997421754e-06 7.239073059477797378e-06 5.299584334101319045e-05 5.299584334101319045e-05 5.303251197260510833e-05 5.300806621821049867e-05
-1.560999999999999943e+01 7.248444881501960610e-06 7.248444881501960610e-06 7.252379572762462025e-06 7.249756445255460799e-06 5.308234145821648321e-05 5.308234145821647644e-05 5.311919885754804046e-05 5.309462725799366444e-05
-1.559999999999999964e+01 7.259147895148617307e-06 7.259147895148617307e-06 7.263097022390186963e-06 7.260464270895808039e-06 5.316909609081575005e-05 5.316909609081575005e-05 5.320614397444632963e-05 5.318144538535927432e-05
-1.558999999999999986e+01 7.269875348657958669e-06 7.269875348657958669e-06 7.273839165143418995e-06 7.271196620819778777e-06 5.325610910612947206e-05 5.325610910612947206e-05 5.329334922623269583e-05 5.326852247949721332e-05
-1.558000000000000007e+01 7.280627242029979614e-06 7.280627242029979614e-06 7.284605747759333999e-06 7.281953410606431640e-06 5.334338240529270104e-05 5.334338240529270104e-05 5.338081655103577207e-05 5.335586045387372698e-05
-1.557000000000000028e+01 7.291403448633272315e-06 7.291403448633273162e-06 7.295397150132169007e-06 7.292734682466239008e-06 5.343091792448028348e-05 5.343091792448028348e-05 5.346854792348198045e-05 5.344346125748083558e-05
-1.555999999999999872e+01 7.302204601624898776e-06 7.302204601624898776e-06 7.306212865736274924e-06 7.303540689662024159e-06 5.351871763619592948e-05 5.351871763619592948e-05 5.355654535606841000e-05 5.353132687615341621e-05
-1.555000000000000071e+01 7.313030067847795300e-06 7.313030067847795300e-06 7.317053654360128357e-06 7.314371263351906037e-06 5.360678355063169391e-05 5.360678355063169391e-05 5.364481090061231359e-05 5.361945933395856714e-05
-1.553999999999999915e+01 7.323880607090438493e-06 7.323880607090438493e-06 7.327919009478076824e-06 7.325226741219650988e-06 5.369511771710291118e-05 5.369511771710291118e-05 5.373334664978305177e-05 5.370786069466296030e-05
-1.553000000000000114e+01 7.334756219352829203e-06 7.334756219352829203e-06 7.338809564247184869e-06 7.336107334317614143e-06 5.378372222556408603e-05 5.378372222556408603e-05 5.382215473872323252e-05 5.379653306328379927e-05
-1.551999999999999957e+01 7.345656398109314099e-06 7.345656398109314946e-06 7.349725065404628368e-06 7.347012620541085240e-06 5.387259920821190005e-05 5.387259920821189327e-05 5.391123734676621620e-05 5.388547858773000317e-05
-1.550999999999999979e+01 7.356581523254135296e-06 7.356581523254135296e-06 7.360665512950403934e-06 7.357942853152891791e-06 5.396175084118219812e-05 5.396175084118219812e-05 5.400059669925783950e-05 5.397469946054074525e-05
-1.550000000000000000e+01 7.367532354575767707e-06 7.367532354575767707e-06 7.371630906884515801e-06 7.368898538678683739e-06 5.405117934634836809e-05 5.405117934634836809e-05 5.409023506949093706e-05 5.406419792072922667e-05
-1.549000000000000021e+01 7.378507752391494305e-06 7.378507752391494305e-06 7.382621753732612218e-06 7.379879086171866378e-06 5.414088699322957052e-05 5.414088699322957052e-05 5.418015478076172736e-05 5.415397625574029173e-05
-1.548000000000000043e+01 7.389508349858381328e-06 7.389508349858381328e-06 7.393637800231868213e-06 7.390884833316209443e-06 5.423087610101770881e-05 5.423087610101770881e-05 5.427035820855856624e-05 5.424403680353132343e-05
-1.546999999999999886e+01 7.400534400239253748e-06 7.400534400239253748e-06 7.404679679539348331e-06 7.401916160005951660e-06 5.432114904073335169e-05 5.432114904073335169e-05 5.436084778289393697e-05 5.433438195478688238e-05
-1.546000000000000085e+01 7.411586156796937382e-06 7.411586156796937382e-06 7.415746378603750147e-06 7.412972897399208586e-06 5.441170823752130095e-05 5.441170823752130095e-05 5.445162599079230803e-05 5.442501415527830331e-05
-1.544999999999999929e+01 7.422663239637193503e-06 7.422663239637193503e-06 7.426839037107788997e-06 7.424055172127392283e-06 5.450255617309802871e-05 5.450255617309802871e-05 5.454269537894782433e-05 5.451593590838129392e-05
-1.543999999999999950e+01 7.433765775391436715e-06 7.433765775391436715e-06 7.437957401788640754e-06 7.435162984190504446e-06 5.459369538836421169e-05 5.459369538836421169e-05 5.463405855656707850e-05 5.460714977776516955e-05
-1.542999999999999972e+01 7.444894143953904051e-06 7.444894143953903203e-06 7.449101599277715788e-06 7.446296629061840732e-06 5.468512848619728361e-05 5.468512848619727683e-05 5.472571819841443155e-05 5.469865839026966174e-05
-1.541999999999999993e+01 7.456047965430355088e-06 7.456047965430355088e-06 7.460270743155122041e-06 7.457455558005277124e-06 5.477685813444047893e-05 5.477685813444047893e-05 5.481767704807918835e-05 5.479046443898670862e-05
-1.541000000000000014e+01 7.467227619715031943e-06 7.467227619715031943e-06 7.471466479629233260e-06 7.468640573019765151e-06 5.486888706910685357e-05 5.486888706910685357e-05 5.490993792148604770e-05 5.488257068656658721e-05
-1.539999999999999858e+01 7.478433360070757893e-06 7.478433360070757893e-06 7.482687795648741091e-06 7.479851505263419524e-06 5.496121809781888244e-05 5.496121809781888244e-05 5.500250371067325560e-05 5.497497996877034242e-05
-1.539000000000000057e+01 7.489665059866121722e-06 7.489665059866121722e-06 7.493935451002125528e-06 7.491088523578122144e-06 5.505385410350678821e-05 5.505385410350678821e-05 5.509537738786499052e-05 5.506769519829285338e-05
-1.537999999999999901e+01 7.500922719101121737e-06 7.500922719101122584e-06 7.505208939163734935e-06 7.502351459121992803e-06 5.514679804839135800e-05 5.514679804839135800e-05 5.518856200986901618e-05 5.516071936888391298e-05
-1.537000000000000099e+01 7.512206591038585449e-06 7.512206591038585449e-06 7.516508513396391743e-06 7.513640565157854779e-06 5.524005297828033168e-05 5.524005297828033168e-05 5.528206072283325267e-05 5.525405555979796975e-05
-1.535999999999999943e+01 7.523516675678511165e-06 7.523516675678511165e-06 7.527834933488579335e-06 7.524956094948534735e-06 5.533362202721106397e-05 5.533362202721106397e-05 5.537587676740026333e-05 5.534770694060747053e-05
-1.534999999999999964e+01 7.534852593126661851e-06 7.534852593126661851e-06 7.539187186388988509e-06 7.536297457547437121e-06 5.542750842247599804e-05 5.542750842247599804e-05 5.547001348430356750e-05 5.544167677641851668e-05
-1.533999999999999986e+01 7.546215736328577813e-06 7.546215736328577813e-06 7.550566411780337988e-06 7.547665961479164256e-06 5.552171549007292947e-05 5.552171549007292947e-05 5.556447432045504275e-05 5.553596843353363164e-05
-1.533000000000000007e+01 7.557604712338717052e-06 7.557604712338717052e-06 7.561971849874151164e-06 7.559060424850528422e-06 5.561624666062696599e-05 5.561624666062696599e-05 5.565926283558057417e-05 5.563058538561150657e-05
-1.532000000000000028e+01 7.569020407576970777e-06 7.569020407576970777e-06 7.573403753933251315e-06 7.570481523029064854e-06 5.571110547583813546e-05 5.571110547583813546e-05 5.575438270946808824e-05 5.572553122038145757e-05
-1.530999999999999872e+01 7.580462948674753591e-06 7.580462948674753591e-06 7.584862503851878014e-06 7.581929467067128681e-06 5.580629559551570994e-05 5.580629559551570994e-05 5.584983774990206953e-05 5.582080964697782303e-05
-1.530000000000000071e+01 7.591931702474997563e-06 7.591931702474997563e-06 7.596348226261448406e-06 7.593403877070480330e-06 5.590182080526935967e-05 5.590182080526935967e-05 5.594563190136940604e-05 5.591642450396936158e-05
-1.528999999999999915e+01 7.603427555397595594e-06 7.603427555397595594e-06 7.607860541267715294e-06 7.604905217354301596e-06 5.599768502493746974e-05 5.599768502493746974e-05 5.604176925463434449e-05 5.601237976816976358e-05
-1.528000000000000114e+01 7.614950634073958902e-06 7.614950634073958055e-06 7.619399575502100904e-06 7.616433614550006236e-06 5.609389231784474262e-05 5.609389231784474262e-05 5.613825405729532621e-05 5.610867956432827048e-05
-1.526999999999999957e+01 7.626500178715609184e-06 7.626500178715609184e-06 7.630965962121663004e-06 7.627988773184293508e-06 5.619044690099559596e-05 5.619044690099559596e-05 5.623509072545500049e-05 5.620532817581538844e-05
-1.525999999999999979e+01 7.638077202373853101e-06 7.638077202373853101e-06 7.642559574494990380e-06 7.639571326414232194e-06 5.628735315632627022e-05 5.628735315632627022e-05 5.633228385665586786e-05 5.630233005643612480e-05
-1.525000000000000000e+01 7.649680945260208117e-06 7.649680945260208117e-06 7.654180285990670122e-06 7.651180725503696581e-06 5.638461564315876086e-05 5.638461564315876086e-05 5.642983824425960621e-05 5.639968984352571383e-05
-1.524000000000000021e+01 7.661312167163156767e-06 7.661312167163156767e-06 7.665828349871529743e-06 7.662817561399282222e-06 5.648223911202257324e-05 5.648223911202257324e-05 5.652775889347887698e-05 5.649741237250801911e-05
-1.523000000000000043e+01 7.672970614819871540e-06 7.672970614819871540e-06 7.677503386243329669e-06 7.674481538627690917e-06 5.658022852003931428e-05 5.658022852003931428e-05 5.662605103930773193e-05 5.659550269312878457e-05
-1.521999999999999886e+01 7.684656668124588622e-06 7.684656668124590316e-06 7.689206534788785234e-06 7.686173290345986364e-06 5.667858904809841997e-05 5.667858904809841997e-05 5.672472016664014316e-05 5.669396608761232093e-05
-1.521000000000000085e+01 7.696370073814488971e-06 7.696370073814487277e-06 7.700936529193767348e-06 7.697892225607580634e-06 5.677732612009367343e-05 5.677732612009367343e-05 5.682377203292175125e-05 5.679280809103637507e-05
-1.519999999999999929e+01 7.708110831889564116e-06 7.708110831889564116e-06 7.712694889035230918e-06 7.709638850938118588e-06 5.687644542453911976e-05 5.687644542453911976e-05 5.692321269374472757e-05 5.689203451427431559e-05
-1.518999999999999950e+01 7.719879702138293206e-06 7.719879702138293206e-06 7.724480601261872673e-06 7.721413335179486362e-06 5.697595293894376731e-05 5.697595293894376731e-05 5.702304853187749073e-05 5.699165146992167286e-05
-1.517999999999999972e+01 7.731675798140790113e-06 7.731675798140790113e-06 7.736294045767932187e-06 7.733215214016503009e-06 5.707585495739844782e-05 5.707585495739844782e-05 5.712328629032082468e-05 5.709166540170590903e-05
-1.516999999999999993e+01 7.743500259579770171e-06 7.743500259579770171e-06 7.748135729079059402e-06 7.745045416079533813e-06 5.717615812191848175e-05 5.717615812191848175e-05 5.722393311010679168e-05 5.719208311798123817e-05
-1.516000000000000014e+01 7.755352326666752538e-06 7.755352326666750844e-06 7.760005018038194008e-06 7.756903223790565232e-06 5.727686945819966978e-05 5.727686945819966978e-05 5.732499657371286397e-05 5.729291183003739214e-05
-1.514999999999999858e+01 7.767232632558804299e-06 7.767232632558804299e-06 7.771903052328044562e-06 7.768789439148552183e-06 5.737799641658510909e-05 5.737799641658509553e-05 5.742648475516052767e-05 5.739415919611023280e-05
-1.514000000000000057e+01 7.779140797361685882e-06 7.779140797361685882e-06 7.783829072160140388e-06 7.780703555627837948e-06 5.747954691921751852e-05 5.747954691921751852e-05 5.752840627811777206e-05 5.749583337218428100e-05
-1.512999999999999901e+01 7.791077327601048921e-06 7.791077327601048921e-06 7.795782697640240216e-06 7.792645784280779353e-06 5.758152941457619353e-05 5.758152941457619353e-05 5.763077038364583504e-05 5.759794307093272489e-05
-1.512000000000000099e+01 7.803042096645481355e-06 7.803042096645481355e-06 7.807765068451059381e-06 7.804616420580672901e-06 5.768395294088286357e-05 5.768395294088286357e-05 5.773358700964541159e-05 5.770049763047037280e-05
-1.510999999999999943e+01 7.815035231126393552e-06 7.815035231126393552e-06 7.819776057961187515e-06 7.816615506737992669e-06 5.778682720023042428e-05 5.778682720023042428e-05 5.783686688460050050e-05 5.780350709502045647e-05
-1.509999999999999964e+01 7.827056604412376838e-06 7.827056604412375144e-06 7.831815286276381656e-06 7.828642831700376750e-06 5.789016264576713069e-05 5.789016264576713069e-05 5.794062163893552887e-05 5.790698231015660804e-05
-1.508999999999999986e+01 7.839107102923317341e-06 7.839107102923317341e-06 7.843883386553712278e-06 7.840699197466781756e-06 5.799397058490067715e-05 5.799397058490069070e-05 5.804486393826446312e-05 5.801093503602193914e-05
-1.508000000000000007e+01 7.851186220133563425e-06 7.851186220133563425e-06 7.855980105530348481e-06 7.852784181932492342e-06 5.809826330232762553e-05 5.809826330232762553e-05 5.814960764411942394e-05 5.811537808292489393e-05
-1.507000000000000028e+01 7.863293956043120172e-06 7.863293956043120172e-06 7.868105949731940207e-06 7.864897953939391258e-06 5.820305420783232649e-05 5.820305420783232649e-05 5.825486800956210346e-05 5.822032547507557644e-05
-1.505999999999999872e+01 7.875430184020567050e-06 7.875430184020567050e-06 7.880260539264254658e-06 7.877040302435130151e-06 5.830835801536636765e-05 5.830835801536636765e-05 5.836066191965277330e-05 5.832579265012849835e-05
-1.505000000000000071e+01 7.887595790485802045e-06 7.887595790485802045e-06 7.892444380652941776e-06 7.889211987208181391e-06 5.841419096212623221e-05 5.841419096212623221e-05 5.846700819050407578e-05 5.843179670491885803e-05
-1.503999999999999915e+01 7.899790268913166745e-06 7.899790268913166745e-06 7.904656587478106963e-06 7.901412375101479586e-06 5.852057107954496308e-05 5.852057107954496308e-05 5.857392794634266674e-05 5.853835670181087108e-05
-1.503000000000000114e+01 7.912013872565492050e-06 7.912013872565492050e-06 7.916898679316711904e-06 7.913642141482564205e-06 5.862751853296158371e-05 5.862751853296158371e-05 5.868144510321025994e-05 5.864549405637779105e-05
-1.501999999999999957e+01 7.924266474811364204e-06 7.924266474811364204e-06 7.929169769748860305e-06 7.925900906457197367e-06 5.873505605468181019e-05 5.873505605468181019e-05 5.878958700455387423e-05 5.875323303797250272e-05
-1.500999999999999979e+01 7.936548835439257273e-06 7.936548835439257273e-06 7.941470238668795129e-06 7.938189303182435994e-06 5.884320950938174571e-05 5.884320950938174571e-05 5.889838529029934385e-05 5.886160143635426939e-05
-1.500000000000000000e+01 7.948860447923523009e-06 7.948860447923523009e-06 7.953800339339337113e-06 7.950507078395461044e-06 5.895200864796783382e-05 5.895200864796783382e-05 5.900787715142823218e-05 5.897063148245464457e-05
-1.499000000000000021e+01 7.961201438895575168e-06 7.961201438895575168e-06 7.966160071760493031e-06 7.962854316517213891e-06 5.906148815368251792e-05 5.906148815368251792e-05 5.911810703068838806e-05 5.908036111268446334e-05
-1.498000000000000043e+01 7.973572188249644855e-06 7.973572188249644855e-06 7.978549182669428597e-06 7.975231186389573898e-06 5.917168913418294581e-05 5.917168913418294581e-05 5.922912910644818001e-05 5.919083579160469506e-05
-1.496999999999999886e+01 7.985972316091504352e-06 7.985972316091504352e-06 7.990968685117455552e-06 7.987637772433485827e-06 5.928266129403964827e-05 5.928266129403964827e-05 5.934101132290607291e-05 5.930211130366178530e-05
-1.496000000000000085e+01 7.998402708841034707e-06 7.998402708841034707e-06 8.003417439421853480e-06 8.000074285701308196e-06 5.939446615852655520e-05 5.939446615852656875e-05 5.945384171155843875e-05 5.941425800953718079e-05
-1.494999999999999929e+01 8.010862859972589365e-06 8.010862859972589365e-06 8.015896205371098141e-06 8.012540641772092855e-06 5.950718217702522645e-05 5.950718217702522645e-05 5.956773835371244731e-05 5.952736756925429781e-05
-1.493999999999999950e+01 8.023353022748990756e-06 8.023353022748990756e-06 8.028405236228017047e-06 8.025037093908667316e-06 5.962091284479678350e-05 5.962091284479678350e-05 5.968286524715366508e-05 5.964156364558241070e-05
-1.492999999999999972e+01 8.035873197170245657e-06 8.035873197170245657e-06 8.040944785255437711e-06 8.037563726531976341e-06 5.973579952783528499e-05 5.973579952783528499e-05 5.979945714417171410e-05 5.975701873328077265e-05
-1.491999999999999993e+01 8.048423509867757658e-06 8.048423509867757658e-06 8.053513966033467228e-06 8.050120328589661413e-06 5.985204150797263908e-05 5.985204150797263908e-05 5.991785730953843963e-05 5.987398010849458163e-05
-1.491000000000000014e+01 8.061004087472947293e-06 8.061004087472947293e-06 8.066113791613410564e-06 8.062707322186434485e-06 5.996992673728870335e-05 5.996992673728870335e-05 6.003857281156208886e-05 5.999280876204650078e-05
-1.489999999999999858e+01 8.073615309880047359e-06 8.073615309880047359e-06 8.078743882101029839e-06 8.075324833953709315e-06 6.008987752660191391e-05 6.008987752660191391e-05 6.016235160047703618e-05 6.011403555122696822e-05
-1.489000000000000057e+01 8.086256543931997546e-06 8.086256543931997546e-06 8.091404997284797426e-06 8.087972695049596377e-06 6.021251561274058568e-05 6.021251561274058568e-05 6.029028351778553630e-05 6.023843824775555793e-05
-1.487999999999999901e+01 8.098929055942925251e-06 8.098929055942925251e-06 8.104096124113416828e-06 8.100651411999755777e-06 6.033875002564618127e-05 6.033875002564618127e-05 6.042392260701383847e-05 6.036714088610205345e-05
-1.487000000000000099e+01 8.111631706230111751e-06 8.111631706230111751e-06 8.116818402269601685e-06 8.113360604909941164e-06 6.046988805485445237e-05 6.046988805485445237e-05 6.056542007176001727e-05 6.050173206048964971e-05
-1.485999999999999943e+01 8.124365254582041276e-06 8.124365254582041276e-06 8.129571451859107342e-06 8.126100653674397196e-06 6.060776360492838439e-05 6.060776360492839795e-05 6.071764623072593576e-05 6.064439114686089700e-05
-1.484999999999999964e+01 8.137129827630119113e-06 8.137129827630119113e-06 8.142355399513354330e-06 8.138871684924530852e-06 6.075486802505047337e-05 6.075486802505047337e-05 6.088426757776479071e-05 6.079800120928857915e-05
-1.483999999999999986e+01 8.149925298742936587e-06 8.149925298742936587e-06 8.155170625126578835e-06 8.151673740870817901e-06 6.091445684728549921e-05 6.091445684728549921e-05 6.106973505506692464e-05 6.096621624987931672e-05
-1.483000000000000007e+01 8.162751921183317822e-06 8.162751921183319516e-06 8.168017002067368796e-06 8.164506948144668712e-06 6.109059406237394543e-05 6.109059406237394543e-05 6.127913681125196415e-05 6.115344164533328953e-05
-1.482000000000000028e+01 8.175609821582679963e-06 8.175609821582679963e-06 8.180894910229960398e-06 8.177371517798438414e-06 6.128808763764829126e-05 6.128808763764829126e-05 6.151787817130165538e-05 6.136468448219939908e-05
-1.480999999999999872e+01 8.188498873309604171e-06 8.188498873309604171e-06 8.193804096351529518e-06 8.190267280990245954e-06 6.151227115700909462e-05 6.151227115700909462e-05 6.179117654403792524e-05 6.160523961935203364e-05
-1.480000000000000071e+01 8.201419202995504203e-06 8.201419202995504203e-06 8.206744433800664093e-06 8.203194279930558629e-06 6.176860135732073313e-05 6.176860135732073313e-05 6.210339854104635429e-05 6.188020041856258878e-05
-1.478999999999999915e+01 8.214371190534621326e-06 8.214371190534621326e-06 8.219716429103014066e-06 8.216152936724085008e-06 6.206207240829404476e-05 6.206207240829404476e-05 6.245731415515774103e-05 6.219381965724861470e-05
-1.478000000000000114e+01 8.227355089189781359e-06 8.227355089189781359e-06 8.232720208889993192e-06 8.229143462423183609e-06 6.239649229790779231e-05 6.239649229790779231e-05 6.285338609274799897e-05 6.254879022952120808e-05
-1.476999999999999957e+01 8.240370139172503459e-06 8.240370139172505153e-06 8.245755646530187715e-06 8.242165308291732109e-06 6.277371598256482508e-05 6.277371598256482508e-05 6.328923664209026509e-05 6.294555620240662938e-05
-1.475999999999999979e+01 8.253417860059747616e-06 8.253417860059747616e-06 8.258823248549250967e-06 8.255219656222916529e-06 6.319297029313224569e-05 6.319297029313224569e-05 6.375942745988906989e-05 6.338178934871786731e-05
-1.475000000000000000e+01 8.266496732274553842e-06 8.266496732274555536e-06 8.271922888315765801e-06 8.268305450954959522e-06 6.365042153674037100e-05 6.365042153674038456e-05 6.425564431094577011e-05 6.385216246147551759e-05
-1.474000000000000021e+01 8.279607895499642550e-06 8.279607895499642550e-06 8.285053806041259847e-06 8.281423199013514418e-06 6.413911673395999936e-05 6.413911673396001292e-05 6.476730531465115014e-05 6.434851292752372532e-05
-1.473000000000000043e+01 8.292751096472182842e-06 8.292751096472182842e-06 8.298218027828337955e-06 8.294573406924236241e-06 6.464937115110592635e-05 6.464937115110592635e-05 6.528252444861432698e-05 6.486042225027542033e-05
-1.471999999999999886e+01 8.305926461823593556e-06 8.305926461823593556e-06 8.311414160731455585e-06 8.307755694792880334e-06 6.516958813821174237e-05 6.516958813821174237e-05 6.578928487142438584e-05 6.537615371594930375e-05
-1.471000000000000085e+01 8.319134751342347064e-06 8.319134751342347064e-06 8.324642711276267760e-06 8.320970737986987860e-06 6.568740308471400003e-05 6.568740308471400003e-05 6.627663067036486334e-05 6.588381227993095899e-05
-1.469999999999999929e+01 8.332375078608553849e-06 8.332375078608553849e-06 8.337903679462772786e-06 8.334217945559960726e-06 6.619096740810150406e-05 6.619096740810150406e-05 6.673568376079860886e-05 6.637253952566720566e-05
-1.468999999999999950e+01 8.345648076779280998e-06 8.345648076779280998e-06 8.351197951710863569e-06 8.347498035089809086e-06 6.667015321677596058e-05 6.667015321677596058e-05 6.716033451413065669e-05 6.683354698256087736e-05
-1.467999999999999972e+01 8.358953619223114754e-06 8.358953619223114754e-06 8.364524261706402547e-06 8.360810500050876222e-06 6.711747550888105102e-05 6.711747550888105102e-05 6.754752714245563128e-05 6.726082605340592466e-05
-1.466999999999999993e+01 8.372291705940053424e-06 8.372291705940053424e-06 8.377883749132116912e-06 8.374155720337408485e-06 6.752859193577937208e-05 6.752859193577937208e-05 6.789714298301132627e-05 6.765144228485669466e-05
-1.466000000000000014e+01 8.385663096718576156e-06 8.385663096718576156e-06 8.391276413988001584e-06 8.387534202475052428e-06 6.790233198094535307e-05 6.790233198094536662e-05 6.821155521558868872e-05 6.800540639249312710e-05
-1.464999999999999858e+01 8.399067538295855437e-06 8.399067538295855437e-06 8.404701496485575719e-06 8.400945524359096096e-06 6.824030242015824887e-05 6.824030242015824887e-05 6.849497211512407379e-05 6.832519231848017244e-05
-1.464000000000000057e+01 8.412504904040479206e-06 8.412504904040479206e-06 8.418160262938973490e-06 8.414390023673310069e-06 6.854619015394317332e-05 6.854619015394317332e-05 6.875269757167628009e-05 6.861502595985419987e-05
-1.462999999999999901e+01 8.425975827109511161e-06 8.425975827109511161e-06 8.431652460085367384e-06 8.427868038101463236e-06 6.882492167204053103e-05 6.882492167204053103e-05 6.899042186902457898e-05 6.888008840436853346e-05
-1.462000000000000099e+01 8.439479674345890992e-06 8.439479674345890992e-06 8.445177581399109155e-06 8.441378976696964278e-06 6.908183726614873065e-05 6.908183726614874421e-05 6.921362336618582152e-05 6.912576596616108976e-05
-1.460999999999999943e+01 8.453017332169503133e-06 8.453017332169503133e-06 8.458737019825731483e-06 8.454923894721578685e-06 6.932200518130044147e-05 6.932200518130045503e-05 6.942712492383333351e-05 6.935704509547808570e-05
-1.459999999999999964e+01 8.466588420686113091e-06 8.466588420686111397e-06 8.472329762313939567e-06 8.468502201228721916e-06 6.954975008835264402e-05 6.954975008835264402e-05 6.963481708089031084e-05 6.957810575253187081e-05
-1.458999999999999986e+01 8.480193193158541603e-06 8.480193193158541603e-06 8.485956442020797105e-06 8.482114276112625076e-06 6.976841651604699462e-05 6.976841651604699462e-05 6.983953771856277128e-05 6.979212358355225802e-05
-1.458000000000000007e+01 8.493831649586792057e-06 8.493831649586792057e-06 8.499616679052061135e-06 8.495759992741881185e-06 6.998034301009487337e-05 6.998034301009487337e-05 7.004308524074568895e-05 7.000125708697847856e-05
-1.457000000000000028e+01 8.507504043233693659e-06 8.507504043233691965e-06 8.513311106564798743e-06 8.509439731010728122e-06 7.018699344683569544e-05 7.018699344683569544e-05 7.024633635830633820e-05 7.020677441732591873e-05
-1.455999999999999872e+01 8.521210627362065451e-06 8.521210627362065451e-06 8.527039724559008234e-06 8.523153659761046943e-06 7.038917967177731353e-05 7.038917967177731353e-05 7.044943712023852710e-05 7.040926548793106042e-05
-1.455000000000000071e+01 8.534951401971909126e-06 8.534951401971909126e-06 8.540801899877627606e-06 8.536901567940482518e-06 7.058731220676061409e-05 7.058731220676061409e-05 7.065203485776619656e-05 7.060888642376247492e-05
-1.453999999999999915e+01 8.548726367063229768e-06 8.548726367063229768e-06 8.554599025466196315e-06 8.550683919864219182e-06 7.078162878718240896e-05 7.078162878718240896e-05 7.085351895935544978e-05 7.080559217790673783e-05
-1.453000000000000114e+01 8.562535649267434356e-06 8.562535649267434356e-06 8.568430974693307383e-06 8.564500757742724235e-06 7.097236888694106462e-05 7.097236888694106462e-05 7.105324085714713261e-05 7.099932621034308277e-05
-1.451999999999999957e+01 8.576379121953112521e-06 8.576379121953112521e-06 8.582296734507649066e-06 8.578351659471290805e-06 7.115988146681471505e-05 7.115988146681471505e-05 7.125068932793446569e-05 7.119015075385464548e-05
-1.450999999999999979e+01 8.590257671540152087e-06 8.590257671540153781e-06 8.596197571223353844e-06 8.592237638101220468e-06 7.134466929519759238e-05 7.134466929519759238e-05 7.144560627775159922e-05 7.137831495604890540e-05
-1.450000000000000000e+01 8.604170791502906498e-06 8.604170791502908192e-06 8.610132851683359711e-06 8.606158144896390903e-06 7.152738413753122703e-05 7.152738413753122703e-05 7.163803931705817532e-05 7.156426919737354764e-05
-1.449000000000000021e+01 8.618118735104198186e-06 8.618118735104199880e-06 8.624104095464618189e-06 8.620113855224338187e-06 7.170879226797095330e-05 7.170879226797095330e-05 7.182833840735426711e-05 7.174864098109872909e-05
-1.448000000000000043e+01 8.632101502344025456e-06 8.632101502344025456e-06 8.638109529727348550e-06 8.634104178138465922e-06 7.188972956434882319e-05 7.188972956434883674e-05 7.201711210490429683e-05 7.193219041120065677e-05
-1.446999999999999886e+01 8.646119599748045025e-06 8.646119599748043331e-06 8.652150167522855762e-06 8.648129789006313577e-06 7.207106136909251475e-05 7.207106136909251475e-05 7.220516351592489834e-05 7.211576208470329573e-05
-1.446000000000000085e+01 8.660173027316250119e-06 8.660173027316250119e-06 8.666226515376789766e-06 8.662190856669763899e-06 7.225365954464813153e-05 7.225365954464813153e-05 7.239342612433634740e-05 7.230024840454418993e-05
-1.444999999999999929e+01 8.674261278522994183e-06 8.674261278522994183e-06 8.680337433606435227e-06 8.676286663550806735e-06 7.243840130332711671e-05 7.243840130332711671e-05 7.258291407701806066e-05 7.248657222789077373e-05
-1.443999999999999950e+01 8.688385239788163345e-06 8.688385239788165039e-06 8.694484948314398692e-06 8.690418475963577951e-06 7.262619560358048480e-05 7.262619560358049835e-05 7.277470293068150824e-05 7.267569804594750616e-05
-1.442999999999999972e+01 8.702544911111766076e-06 8.702544911111766076e-06 8.708667539923726944e-06 8.704585787382419134e-06 7.281803955622981241e-05 7.281803955622981241e-05 7.296994806215205767e-05 7.286867572487055631e-05
-1.441999999999999993e+01 8.716740419125204272e-06 8.716740419125204272e-06 8.722885968222895744e-06 8.718788935491100865e-06 7.301511239012284794e-05 7.301511239012284794e-05 7.316994881880307066e-05 7.306672453301626003e-05
-1.441000000000000014e+01 8.730971004040007257e-06 8.730971004040007257e-06 8.737140359843315461e-06 8.733027455974443889e-06 7.321891806198960531e-05 7.321891806198960531e-05 7.337626822949574025e-05 7.327136811782497007e-05
-1.439999999999999858e+01 8.745237805538890363e-06 8.745237805538890363e-06 8.751430588153577420e-06 8.747302066410453280e-06 7.343149528490515226e-05 7.343149528490515226e-05 7.359092611361005406e-05 7.348463889447346190e-05
-1.439000000000000057e+01 8.759541203516089779e-06 8.759541203516088085e-06 8.765757412942159075e-06 8.761613273324778979e-06 7.365571549424055470e-05 7.365571549424055470e-05 7.381668809935000011e-05 7.370937302927701843e-05
-1.437999999999999901e+01 8.773880311551715986e-06 8.773880311551715986e-06 8.780120074420576197e-06 8.775960232508003852e-06 7.389569405942272384e-05 7.389569405942272384e-05 7.405747879777917415e-05 7.394962230554153609e-05
-1.437000000000000099e+01 8.788255636171420621e-06 8.788255636171422316e-06 8.794519332377313014e-06 8.790343534906717521e-06 7.415733260307927593e-05 7.415733260307927593e-05 7.431894914864169697e-05 7.421120478493340724e-05
-1.435999999999999943e+01 8.802667683900857015e-06 8.802667683900857015e-06 8.808955060180955772e-06 8.804763475994223268e-06 7.444899439405973244e-05 7.444899439405973244e-05 7.460921730924982185e-05 7.450240203245642439e-05
-1.434999999999999964e+01 8.817116201477197656e-06 8.817116201477197656e-06 8.823427257831502777e-06 8.819219886928631567e-06 7.478228560730320533e-05 7.478228560730320533e-05 7.493977638735370775e-05 7.483478253398671517e-05
-1.433999999999999986e+01 8.831601062269032174e-06 8.831601062269032174e-06 8.837936811748845238e-06 8.833712978762304325e-06 7.517287203621985043e-05 7.517287203621985043e-05 7.532651576497139811e-05 7.522408661247036632e-05
-1.433000000000000007e+01 8.846123026064834637e-06 8.846123026064834637e-06 8.852482835513091945e-06 8.848242962547586509e-06 7.564120876274903411e-05 7.564120876274903411e-05 7.579073609602895642e-05 7.569105120717568391e-05
-1.432000000000000028e+01 8.860682092864605045e-06 8.860682092864605045e-06 8.867065835649894534e-06 8.862810007126369337e-06 7.621300908033890823e-05 7.621300908033890823e-05 7.635995897105057743e-05 7.626199237724280700e-05
-1.430999999999999872e+01 8.875278009405519273e-06 8.875278009405520967e-06 8.881685938790665068e-06 8.877413985867235667e-06 7.691924347925433629e-05 7.691924347925433629e-05 7.706825799964062812e-05 7.696891498604976239e-05
-1.430000000000000071e+01 8.889911155581816895e-06 8.889911155581818589e-06 8.896343651461058571e-06 8.892055320874895760e-06 7.779545663735756150e-05 7.779545663735756150e-05 7.795579486334950573e-05 7.784890271268821410e-05
-1.428999999999999915e+01 8.904581658024908280e-06 8.904581658024908280e-06 8.911038467135418324e-06 8.906733927728411628e-06 7.888023422366229260e-05 7.888023422366230615e-05 7.906726182798924207e-05 7.894257675843794242e-05
-1.428000000000000114e+01 8.919289263471970997e-06 8.919289263471969303e-06 8.925771272233638925e-06 8.921449933059191946e-06 8.021274717883925052e-05 8.021274717883925052e-05 8.044903567932448687e-05 8.029151001233433382e-05
-1.426999999999999957e+01 8.934035111605713605e-06 8.934035111605713605e-06 8.940541306967241227e-06 8.936203843392890044e-06 8.182944205747681092e-05 8.182944205747681092e-05 8.214504445007656127e-05 8.193464285501006104e-05
-1.425999999999999979e+01 8.948817936112015483e-06 8.948817936112015483e-06 8.955349331124702684e-06 8.950995067782911217e-06 8.376011154619105055e-05 8.376011154619105055e-05 8.419161743609862147e-05 8.390394684282690752e-05
-1.425000000000000000e+01 8.963639129936414396e-06 8.963639129936414396e-06 8.970195218074609539e-06 8.965824492649146675e-06 8.602373922903643608e-05 8.602373922903643608e-05 8.661188081554895815e-05 8.621978642454061011e-05
-1.424000000000000021e+01 8.978498059921848339e-06 8.978498059921848339e-06 8.985079094448377243e-06 8.980691738097356844e-06 8.862463388016802448e-05 8.862463388016802448e-05 8.941050366988753488e-05 8.888659047674119461e-05
-1.423000000000000043e+01 8.993395105962553499e-06 8.993395105962553499e-06 9.000001340140241981e-06 8.995597184021782993e-06 9.154942220344867575e-05 9.154942220344867575e-05 9.256971617246527234e-05 9.188952019312087913e-05
-1.421999999999999886e+01 9.008330521321355694e-06 9.008330521321355694e-06 9.014961955150205448e-06 9.010540999264304482e-06 9.476543645475164453e-05 9.476543645475164453e-05 9.604745721552776440e-05 9.519277670834369804e-05
-1.421000000000000085e+01 9.023304052735430799e-06 9.023304052735432493e-06 9.029960939478264256e-06 9.025523014983040257e-06 9.822090947092474984e-05 9.822090947092474984e-05 9.977824809958439395e-05 9.874002234714466283e-05
-1.419999999999999929e+01 9.038316459993252881e-06 9.038316459993252881e-06 9.044998546387249304e-06 9.040543822124585022e-06 1.018471829744613092e-04 1.018471829744613092e-04 1.036769688687804803e-04 1.024571116059010329e-04
-1.418999999999999950e+01 9.053367363200587447e-06 9.053367363200585753e-06 9.060074902508567573e-06 9.055603209636580258e-06 1.055628681379028907e-04 1.055628681379028907e-04 1.076452170026425163e-04 1.062569844261494506e-04
-1.417999999999999972e+01 9.068457015620255235e-06 9.068457015620256929e-06 9.075190387736462025e-06 9.070701472992325859e-06 1.092796061745505997e-04 1.092796061745505997e-04 1.115794624600283851e-04 1.100462249363765146e-04
-1.416999999999999993e+01 9.083585417252264713e-06 9.083585417252264713e-06 9.090344495545279329e-06 9.085838443349935687e-06 1.129088085567025459e-04 1.129088085567025459e-04 1.153798833454553298e-04 1.137325001529534513e-04
-1.416000000000000014e+01 9.098752821359434924e-06 9.098752821359433230e-06 9.105537985723500329e-06 9.101014542814120004e-06 1.163685645180297286e-04 1.163685645180297286e-04 1.189586467016542318e-04 1.172319252459045404e-04
-1.414999999999999858e+01 9.113959481204588297e-06 9.113959481204588297e-06 9.120770605008294123e-06 9.116229855805825267e-06 1.195898357880807624e-04 1.195898357880807624e-04 1.222465136327044108e-04 1.204753950696219560e-04
-1.414000000000000057e+01 9.129205396787734998e-06 9.129205396787734998e-06 9.136042733293900286e-06 9.131484508956456760e-06 1.225211433763639783e-04 1.225211433763639783e-04 1.251969673622307911e-04 1.234130847049862492e-04
-1.412999999999999901e+01 9.144491201265930253e-06 9.144491201265930253e-06 9.151354243948906756e-06 9.146778882160255754e-06 1.251311843212018072e-04 1.251311843212018072e-04 1.277875122342380190e-04 1.260166269588805445e-04
-1.412000000000000099e+01 9.159816134850699997e-06 9.159816134850703385e-06 9.166705643498968556e-06 9.162112637733456748e-06 1.274091557081434404e-04 1.274091557081434404e-04 1.300182701185633144e-04 1.282788605116167227e-04
-1.410999999999999943e+01 9.175181083961938828e-06 9.175181083961938828e-06 9.182097185206904730e-06 9.177486451043595823e-06 1.293629384499889146e-04 1.293629384499889146e-04 1.319084111974052796e-04 1.302114293657943606e-04
-1.409999999999999964e+01 9.190585795336814152e-06 9.190585795336814152e-06 9.197528362547068722e-06 9.192899984406899009e-06 1.310156187067449134e-04 1.310156187067449134e-04 1.334912241694411069e-04 1.318408205276436445e-04
-1.408999999999999986e+01 9.206030648869565543e-06 9.206030648869565543e-06 9.212999555413695026e-06 9.208353617717609268e-06 1.324010350875665955e-04 1.324010350875665955e-04 1.348087106481392534e-04 1.332035936077574634e-04
-1.408000000000000007e+01 9.221515517928786021e-06 9.221515517928786021e-06 9.228511270332442052e-06 9.223847435396671364e-06 1.335591007768541466e-04 1.335591007768541466e-04 1.359065077311429190e-04 1.343415697616170436e-04
-1.407000000000000028e+01 9.237040529145880871e-06 9.237040529145880871e-06 9.244063380671892658e-06 9.239381479654550902e-06 1.345315593582340375e-04 1.345315593582340375e-04 1.368297365894380856e-04 1.352976184353020625e-04
-1.405999999999999872e+01 9.252606062415093057e-06 9.252606062415093057e-06 9.259655759800629698e-06 9.254955961543606400e-06 1.353586429147136006e-04 1.353586429147136006e-04 1.376201059945687539e-04 1.361124639413319941e-04
-1.405000000000000071e+01 9.268212244367834640e-06 9.268212244367834640e-06 9.275289420769964916e-06 9.270571303168544732e-06 1.360768717011466252e-04 1.360768717011466252e-04 1.383143492889909369e-04 1.368226975637614048e-04
-1.403999999999999915e+01 9.283859454898343500e-06 9.283859454898345194e-06 9.290963223897174506e-06 9.286227377897953835e-06 1.367180189945225630e-04 1.367180189945225901e-04 1.389438753569055465e-04 1.374599711153168908e-04
-1.403000000000000114e+01 9.299547567375209269e-06 9.299547567375210963e-06 9.306678308864982274e-06 9.301924481205135298e-06 1.373091086062305452e-04 1.373091086062305452e-04 1.395354042680268896e-04 1.380512071601626509e-04
-1.401999999999999957e+01 9.315276075272776923e-06 9.315276075272776923e-06 9.322434675673379749e-06 9.317662275406311763e-06 1.378732355389856404e-04 1.378732355389856404e-04 1.401123198336550466e-04 1.386195969705421272e-04
-1.400999999999999979e+01 9.331046118273765184e-06 9.331046118273766878e-06 9.338232197690956562e-06 9.333441478079496773e-06 1.384309877054890536e-04 1.384309877054890536e-04 1.406964843650387420e-04 1.391861532586722650e-04
-1.400000000000000000e+01 9.346857189852520722e-06 9.346857189852520722e-06 9.354070874917716103e-06 9.349261751540919747e-06 1.390022725922776298e-04 1.390022725922776298e-04 1.413102963892405031e-04 1.397716138579318938e-04
-1.399000000000000021e+01 9.362710176428933054e-06 9.362710176428933054e-06 9.369951720404959950e-06 9.365124024420940890e-06 1.396083882428992510e-04 1.396083882428992510e-04 1.419787939686969829e-04 1.403985234848318373e-04
-1.398000000000000043e+01 9.378604571477352236e-06 9.378604571477353930e-06 9.385873721101383135e-06 9.381027621352029203e-06 1.402741903614103565e-04 1.402741903614103565e-04 1.427316003255105204e-04 1.410933270161103840e-04
-1.396999999999999886e+01 9.394540628260605782e-06 9.394540628260605782e-06 9.401837890058290626e-06 9.396973048859834628e-06 1.410301782312774709e-04 1.410301782312774709e-04 1.436044729524479598e-04 1.418882764716676429e-04
-1.396000000000000085e+01 9.410518473410102366e-06 9.410518473410102366e-06 9.417843974012858298e-06 9.412960306944355472e-06 1.419142577652948505e-04 1.419142577652948234e-04 1.446401721745379165e-04 1.428228959017092058e-04
-1.394999999999999929e+01 9.426539119977145258e-06 9.426539119977145258e-06 9.433892352859318950e-06 9.428990197604536489e-06 1.429728435775248904e-04 1.429728435775248904e-04 1.458883322762195291e-04 1.439446731437564366e-04
-1.393999999999999950e+01 9.442600921753372572e-06 9.442600921753370878e-06 9.449982899966263906e-06 9.445061581157669119e-06 1.442608871684696601e-04 1.442608871684696872e-04 1.474040467237615923e-04 1.453086070202336375e-04
-1.392999999999999972e+01 9.458705904841384075e-06 9.458705904841384075e-06 9.466116248490758560e-06 9.461176019391175570e-06 1.458404001881162060e-04 1.458404001881162060e-04 1.492449777650755119e-04 1.469752593804359746e-04
-1.391999999999999993e+01 9.474852802927055759e-06 9.474852802927055759e-06 9.482292018538559950e-06 9.477332541464223258e-06 1.477771388728123974e-04 1.477771388728123974e-04 1.514670031490237309e-04 1.490070936315495266e-04
-1.391000000000000014e+01 9.491042629061684121e-06 9.491042629061682427e-06 9.498510463372498975e-06 9.493531907165287943e-06 1.501353500420720950e-04 1.501353500420721221e-04 1.541186819215810693e-04 1.514631273352417531e-04
-1.389999999999999858e+01 9.507275383245275937e-06 9.507275383245275937e-06 9.514772089518223883e-06 9.509774285336259150e-06 1.529708534980713387e-04 1.529708534980713116e-04 1.572351208623575924e-04 1.543922759528334413e-04
-1.389000000000000057e+01 9.523550812215001999e-06 9.523550812215003693e-06 9.531076896975732981e-06 9.526059507135247354e-06 1.563231871630246491e-04 1.563231871630246220e-04 1.608320801441659020e-04 1.578261514900717243e-04
-1.387999999999999901e+01 9.539869675759341457e-06 9.539869675759341457e-06 9.547424252587965958e-06 9.542387868035549060e-06 1.602079715362823517e-04 1.602079715362823517e-04 1.649013016582908341e-04 1.617724149102851882e-04
-1.387000000000000099e+01 9.556231593984054737e-06 9.556231593984053043e-06 9.563815549300465661e-06 9.558759579089522786e-06 1.646109148310326894e-04 1.646109148310326894e-04 1.694080071007704263e-04 1.662099455876119621e-04
-1.385999999999999943e+01 9.572637073414791780e-06 9.572637073414791780e-06 9.580250533850399495e-06 9.575174893559994352e-06 1.694848674297533980e-04 1.694848674297533980e-04 1.742912747338686051e-04 1.710870031977918004e-04
-1.384999999999999964e+01 9.589085987420142219e-06 9.589085987420142219e-06 9.596728699712119213e-06 9.591633558184134550e-06 1.747509654961333929e-04 1.747509654961333929e-04 1.794675874326665779e-04 1.763231728083111303e-04
-1.383999999999999986e+01 9.605579095788580119e-06 9.605579095788580119e-06 9.613250933305519412e-06 9.608136374960893217e-06 1.803042091396976664e-04 1.803042091396976664e-04 1.848373155423020100e-04 1.818152446072324657e-04
-1.383000000000000007e+01 9.622115512100221047e-06 9.622115512100221047e-06 9.629817361262007073e-06 9.624682795154149723e-06 1.860229324554066050e-04 1.860229324554065779e-04 1.902933604859874037e-04 1.874464084656002317e-04
-1.382000000000000028e+01 9.638696376037773561e-06 9.638696376037771867e-06 9.646427856950168440e-06 9.641273536341904058e-06 1.917807544510275407e-04 1.917807544510275407e-04 1.957307524687859819e-04 1.930974204569470482e-04
-1.380999999999999872e+01 9.655321307707006556e-06 9.655321307707004862e-06 9.663083053527075680e-06 9.657908556313697394e-06 1.974589905080665643e-04 1.974589905080665643e-04 2.010557675024842339e-04 1.986579161728724903e-04
-1.380000000000000071e+01 9.671990813633561505e-06 9.671990813633561505e-06 9.679782444467068689e-06 9.674588023911397233e-06 2.029573415470409497e-04 2.029573415470409497e-04 2.061931673267218101e-04 2.040359501402679032e-04
-1.378999999999999915e+01 9.688704387291798630e-06 9.688704387291796936e-06 9.696526283032980058e-06 9.691311685872193004e-06 2.082010339197053769e-04 2.082010339197054040e-04 2.110904779507487077e-04 2.091641819300531539e-04
-1.378000000000000114e+01 9.705463041733012732e-06 9.705463041733012732e-06 9.713315329013282162e-06 9.708080470826436440e-06 2.131433823453550858e-04 2.131433823453550858e-04 2.157187619996059889e-04 2.140018422301053868e-04
-1.376999999999999957e+01 9.722266397062969320e-06 9.722266397062969320e-06 9.730149202513737119e-06 9.724893998879893049e-06 2.177637798500348045e-04 2.177637798500348045e-04 2.200700004242730828e-04 2.185325200414476091e-04
-1.375999999999999979e+01 9.739115086438730398e-06 9.739115086438730398e-06 9.747028410059998261e-06 9.741752860979152454e-06 2.220621101887077702e-04 2.220621101887077702e-04 2.241518389617467970e-04 2.227586864463874548e-04
-1.375000000000000000e+01 9.756008729966058086e-06 9.756008729966058086e-06 9.763953204914889710e-06 9.758656888282335294e-06 2.260512633545164250e-04 2.260512633545164250e-04 2.279809404282501619e-04 2.266944890457609949e-04
-1.374000000000000021e+01 9.772947707539188570e-06 9.772947707539188570e-06 9.780922827289935707e-06 9.775606080789438180e-06 2.297496565486405260e-04 2.297496565486405260e-04 2.315763980334780239e-04 2.303585703769196649e-04
-1.373000000000000043e+01 9.789932525683778567e-06 9.789932525683778567e-06 9.797938290236437830e-06 9.792601113867998886e-06 2.331753870465036688e-04 2.331753870465036688e-04 2.349545428176463553e-04 2.337684389702178976e-04
-1.371999999999999886e+01 9.806962551242759298e-06 9.806962551242760993e-06 9.814999973648633958e-06 9.809641692044717518e-06 2.363430138641154461e-04 2.363430138641153919e-04 2.381260766745053035e-04 2.369373681342453624e-04
-1.371000000000000085e+01 9.824038797267437424e-06 9.824038797267437424e-06 9.832106991106639659e-06 9.826728195213838734e-06 2.392631749235954951e-04 2.392631749235954951e-04 2.410958690341205525e-04 2.398740729604371719e-04
-1.369999999999999929e+01 9.841161137126399187e-06 9.841161137126397493e-06 9.849260482293163490e-06 9.843860918848653955e-06 2.419445407209775008e-04 2.419445407209775008e-04 2.438651385428302406e-04 2.425847399949283779e-04
-1.368999999999999950e+01 9.858329444188227445e-06 9.858329444188227445e-06 9.866460573839620901e-06 9.861039820738690801e-06 2.443971616454832245e-04 2.443971616454832245e-04 2.464352571249763479e-04 2.450765268053142114e-04
-1.367999999999999972e+01 9.875544098347161770e-06 9.875544098347161770e-06 9.883707012483186074e-06 9.878265069725835408e-06 2.466361502036072033e-04 2.466361502036072033e-04 2.488121668550016602e-04 2.473614890874053737e-04
-1.366999999999999993e+01 9.892805352866034757e-06 9.892805352866034757e-06 9.901000304749512339e-06 9.895537003493860053e-06 2.486848147171111505e-04 2.486848147171111505e-04 2.510104258950139958e-04 2.494600184430787295e-04
-1.366000000000000014e+01 9.910113461007663755e-06 9.910113461007662061e-06 9.918340070744356734e-06 9.912855664253228646e-06 2.505767044944950971e-04 2.505767044944950971e-04 2.530561364443544427e-04 2.514031818111148067e-04
-1.364999999999999858e+01 9.927468422772055539e-06 9.927468422772053845e-06 9.935727196887617245e-06 9.930221347477241080e-06 2.523563885288540218e-04 2.523563885288540218e-04 2.549883442821464577e-04 2.532337071132848699e-04
-1.364000000000000057e+01 9.944870238159201638e-06 9.944870238159203332e-06 9.953161050022220010e-06 9.947633842113542225e-06 2.540790501107366233e-04 2.540790501107366233e-04 2.568588261824363743e-04 2.550056421346365764e-04
-1.362999999999999901e+01 9.962319413694763854e-06 9.962319413694765548e-06 9.970642643199473384e-06 9.965093823529668160e-06 2.558090759061627741e-04 2.558090759061627741e-04 2.587303947539289109e-04 2.567828488554181349e-04
-1.362000000000000099e+01 9.979816202641561229e-06 9.979816202641561229e-06 9.988171849787963610e-06 9.982601418357029254e-06 2.576177801617358020e-04 2.576177801617358020e-04 2.606739427632175391e-04 2.586365010288963991e-04
-1.360999999999999943e+01 9.997360225105359269e-06 9.997360225105359269e-06 1.000574841652486487e-05 1.000015628891186001e-05 2.595802942224417981e-04 2.595802942224417981e-04 2.627644535350923149e-04 2.606416806599919523e-04
-1.359999999999999964e+01 1.001495211424321659e-05 1.001495211424321659e-05 1.002337348309289589e-05 1.001775923719310856e-05 2.617715717851802366e-04 2.617715717851802366e-04 2.650761852429335086e-04 2.628731096044312730e-04
-1.358999999999999986e+01 1.003259199668655203e-05 1.003259199668655373e-05 1.004104578317792249e-05 1.003540992551700772e-05 2.642614952593348005e-04 2.642614952593348005e-04 2.676772695923434770e-04 2.654000867036710441e-04
-1.358000000000000007e+01 1.005027999906676919e-05 1.005027999906676919e-05 1.005876708961972540e-05 1.005310902925108849e-05 2.671092496616418580e-04 2.671092496616418580e-04 2.706241055269576856e-04 2.682808682834137825e-04
-1.357000000000000028e+01 1.006801624801529198e-05 1.006801624801529367e-05 1.007653689589265807e-05 1.007085646397441627e-05 2.703574146503437241e-04 2.703574146503437241e-04 2.739560855735503658e-04 2.715569716247459922e-04
-1.355999999999999872e+01 1.008580099679494452e-05 1.008580099679494452e-05 1.009435418894541383e-05 1.008865206084509983e-05 2.740265548903273395e-04 2.740265548903273395e-04 2.776913789467394880e-04 2.752481629091314071e-04
-1.355000000000000071e+01 1.010363449866854756e-05 1.010363449866854586e-05 1.011222112151201130e-05 1.010649670628303378e-05 2.781113186558809187e-04 2.781113186558809187e-04 2.818245823621304876e-04 2.793490732246307570e-04
-1.353999999999999915e+01 1.012151662700469072e-05 1.012151662700468903e-05 1.013013744032962634e-05 1.012439023144633536e-05 2.825790816683159692e-04 2.825790816683159692e-04 2.863269459590486645e-04 2.838283697652268676e-04
-1.353000000000000114e+01 1.013944763506619643e-05 1.013944763506619643e-05 1.014810175245271612e-05 1.014233234086170469e-05 2.873719540643459420e-04 2.873719540643459420e-04 2.911495929848818874e-04 2.886311670378579057e-04
-1.351999999999999957e+01 1.015742815601013179e-05 1.015742815601013179e-05 1.016611621061530262e-05 1.016032417421185540e-05 2.924124841388197238e-04 2.924124841388197238e-04 2.962296881429401585e-04 2.936848854735265354e-04
-1.350999999999999979e+01 1.017545780994226060e-05 1.017545780994226060e-05 1.018418068818596871e-05 1.017836543602349607e-05 2.976127387448489268e-04 2.976127387448489268e-04 3.014989811035426247e-04 2.989081528644134747e-04
-1.350000000000000000e+01 1.019353735665105693e-05 1.019353735665105693e-05 1.020229341232493534e-05 1.019645604187568533e-05 3.028857683586297844e-04 3.028857683586297844e-04 3.068936746757430388e-04 3.042217371310008511e-04
-1.349000000000000021e+01 1.021166628961087084e-05 1.021166628961087084e-05 1.022045691566045902e-05 1.021459649829406803e-05 3.081579343076903347e-04 3.081579343076903347e-04 3.123642658142118753e-04 3.095600448098642177e-04
-1.348000000000000043e+01 1.022984498871594021e-05 1.022984498871593852e-05 1.023867081829830354e-05 1.023278693191006132e-05 3.133803136696717098e-04 3.133803136696717098e-04 3.178839354357592675e-04 3.148815209250342652e-04
-1.346999999999999886e+01 1.024807434038615286e-05 1.024807434038615286e-05 1.025693461371281728e-05 1.025102776482837546e-05 3.185374672565096103e-04 3.185374672565096103e-04 3.234542566629756868e-04 3.201763970586650053e-04
-1.346000000000000085e+01 1.026635345820162266e-05 1.026635345820162266e-05 1.027524842853541230e-05 1.026931844831288813e-05 3.236522421685634251e-04 3.236522421685634251e-04 3.291073666123178472e-04 3.254706169831482867e-04
-1.344999999999999929e+01 1.028468360847647871e-05 1.028468360847647871e-05 1.029361327581739186e-05 1.028766016425678366e-05 3.287858474564106059e-04 3.287858474564106059e-04 3.349042033905007482e-04 3.308252994344407076e-04
-1.343999999999999950e+01 1.030306415805365052e-05 1.030306415805365221e-05 1.031203118166135913e-05 1.030605316592288616e-05 3.340331050416227169e-04 3.340331050416227169e-04 3.409289010039067910e-04 3.363317036957173540e-04
-1.342999999999999972e+01 1.032149574009020858e-05 1.032149574009020858e-05 1.033049657428515119e-05 1.032449601815519058e-05 3.395133680648892223e-04 3.395133680648891681e-04 3.472798487573207533e-04 3.421021949623663993e-04
-1.341999999999999993e+01 1.033997848121756324e-05 1.033997848121756324e-05 1.034901401241963277e-05 1.034299032495158472e-05 3.453580718315666645e-04 3.453580718315666645e-04 3.540583083461288803e-04 3.482581506697540697e-04
-1.341000000000000014e+01 1.035851200154147495e-05 1.035851200154147495e-05 1.036758336943338502e-05 1.036153579083877887e-05 3.516962368321858361e-04 3.516962368321858361e-04 3.613558035820193929e-04 3.549160924154636703e-04
-1.339999999999999858e+01 1.037709744074466410e-05 1.037709744074466410e-05 1.038620375890652013e-05 1.038013288013194888e-05 3.586394894724943892e-04 3.586394894724943892e-04 3.692418037068618836e-04 3.621735942172835360e-04
-1.339000000000000057e+01 1.039573416567006363e-05 1.039573416567006363e-05 1.040487644715317226e-05 1.039878159283109984e-05 3.662683552919820842e-04 3.662683552919820842e-04 3.777534352239415622e-04 3.700967152693018921e-04
-1.337999999999999901e+01 1.041442306273755965e-05 1.041442306273755965e-05 1.042360244722463792e-05 1.041748285756658348e-05 3.746216711527867245e-04 3.746216711527867787e-04 3.868889842934210743e-04 3.787107755329981564e-04
-1.337000000000000099e+01 1.043316362542150391e-05 1.043316362542150391e-05 1.044237783354712115e-05 1.043623502813004299e-05 3.836908738224554280e-04 3.836908738224554280e-04 3.966066600661143191e-04 3.879961359036750764e-04
-1.335999999999999943e+01 1.045195686677319800e-05 1.045195686677319800e-05 1.046120767137713494e-05 1.045504046830784365e-05 3.934205271457032389e-04 3.934205271457032389e-04 4.068293924007782567e-04 3.978901488973948753e-04
-1.334999999999999964e+01 1.047080228026699536e-05 1.047080228026699536e-05 1.048009044113772606e-05 1.047389833389057170e-05 4.037156593569307282e-04 4.037156593569307282e-04 4.174553726584123280e-04 4.082955637907579281e-04
-1.333999999999999986e+01 1.048970024579713218e-05 1.048970024579713218e-05 1.049902449662052755e-05 1.049280832940492895e-05 4.144553234380736755e-04 4.144553234380736755e-04 4.283728057325049648e-04 4.190944842028840691e-04
-1.333000000000000007e+01 1.050865139652066877e-05 1.050865139652066877e-05 1.051801300361085960e-05 1.051177193221739792e-05 4.255104588826850889e-04 4.255104588826850889e-04 4.394762380581858537e-04 4.301657186078520286e-04
-1.332000000000000028e+01 1.052765509928054651e-05 1.052765509928054651e-05 1.053705558221448431e-05 1.053078859359185798e-05 4.367629564023917891e-04 4.367629564023917891e-04 4.506812150056288915e-04 4.414023759368041746e-04
-1.330999999999999872e+01 1.054671236712806020e-05 1.054671236712806020e-05 1.055614729380630079e-05 1.054985734268747486e-05 4.481221904660671971e-04 4.481221904660671971e-04 4.619341476542827883e-04 4.527261761954723580e-04
-1.330000000000000071e+01 1.056582320006322170e-05 1.056582320006322170e-05 1.057529624279673181e-05 1.056898088097439117e-05 4.595354795551434362e-04 4.595354795551434362e-04 4.732151828508479358e-04 4.640953806537116569e-04
-1.328999999999999915e+01 1.058498747145460878e-05 1.058498747145460878e-05 1.059449812371774017e-05 1.058815768887565371e-05 4.709900338422060169e-04 4.709900338422060169e-04 4.845333795750014121e-04 4.755044824198045362e-04
-1.328000000000000114e+01 1.060420556119646272e-05 1.060420556119646272e-05 1.061375344309497751e-05 1.060738818849596765e-05 4.825057520575261609e-04 4.825057520575261609e-04 4.959152193513269085e-04 4.869755744887930768e-04
-1.326999999999999957e+01 1.062347772255161103e-05 1.062347772255161103e-05 1.063306473355670030e-05 1.062667339288664135e-05 4.941202962545474973e-04 4.941202962545474973e-04 5.073889678821089880e-04 4.985431867970679942e-04
-1.325999999999999979e+01 1.064280408215146407e-05 1.064280408215146407e-05 1.065242920921182625e-05 1.064601245783825259e-05 5.058696661062983112e-04 5.058696661062983112e-04 5.189682868769077227e-04 5.102358730298347817e-04
-1.325000000000000000e+01 1.066218590631015093e-05 1.066218590631015093e-05 1.067184598364046245e-05 1.066540593208692200e-05 5.177685339739881206e-04 5.177685339739881206e-04 5.306385709737950970e-04 5.220585463072570766e-04
-1.324000000000000021e+01 1.068162028250517386e-05 1.068162028250517386e-05 1.069131986883630114e-05 1.068485347794888239e-05 5.297946268595863642e-04 5.297946268595863642e-04 5.423487899011753986e-04 5.339793478734493034e-04
-1.323000000000000043e+01 1.070111088304751316e-05 1.070111088304751316e-05 1.071085124469358189e-05 1.070435767026286940e-05 5.418804606620054041e-04 5.418804606620054041e-04 5.540103551919915584e-04 5.459237588386676001e-04
-1.321999999999999886e+01 1.072065631499162088e-05 1.072065631499162088e-05 1.073043390627306962e-05 1.072391551208543882e-05 5.539140525391260134e-04 5.539140525391262303e-04 5.655030633655573451e-04 5.577770561479365296e-04
-1.321000000000000085e+01 1.074025695823173661e-05 1.074025695823173661e-05 1.075007532482812850e-05 1.074352974709720227e-05 5.657482627736412032e-04 5.657482627736337222e-04 5.766868027221903415e-04 5.693944427564884584e-04
-1.319999999999999929e+01 1.075991382581916700e-05 1.075991382581916700e-05 1.076976916878811139e-05 1.076319894014214959e-05 5.772166793703031483e-04 5.772166793702653096e-04 5.874167453173695635e-04 5.806167013526460433e-04
-1.318999999999999950e+01 1.077962590470260032e-05 1.077962590470259863e-05 1.078951961698964513e-05 1.078292380879828249e-05 5.881528138482905064e-04 5.881528138481865314e-04 5.975593098838120811e-04 5.912883125267629674e-04
-1.317999999999999972e+01 1.079939344814486915e-05 1.079939344814486915e-05 1.080932780911544506e-05 1.080270490180172835e-05 5.984090356692111246e-04 5.984090356689445193e-04 6.070063146691894633e-04 6.012747953357817747e-04
-1.316999999999999993e+01 1.081921822898575762e-05 1.081921822898575593e-05 1.082919146580007881e-05 1.082254264125719915e-05 6.078721206707603545e-04 6.078721206701186153e-04 6.156853478031517691e-04 6.104765297146769491e-04
-1.316000000000000014e+01 1.083909872764830065e-05 1.083909872764830065e-05 1.084911299304039250e-05 1.084243681611233127e-05 6.164733398079325294e-04 6.164733398064395830e-04 6.235652695592839353e-04 6.188373163912186826e-04
-1.314999999999999858e+01 1.085903697023511325e-05 1.085903697023511325e-05 1.086908985820812457e-05 1.086238793289278312e-05 6.241923443732756401e-04 6.241923443699355385e-04 6.306567575528593652e-04 6.263471487653568840e-04
-1.314000000000000057e+01 1.087903105727499586e-05 1.087903105727499586e-05 1.088912408740588663e-05 1.088239540065195832e-05 6.310553728458257686e-04 6.310553728386408693e-04 6.370086844866946433e-04 6.330398100570537243e-04
-1.312999999999999901e+01 1.089908162192501387e-05 1.089908162192501387e-05 1.090921492084519785e-05 1.090245938823174130e-05 6.371292388615541844e-04 6.371292388466963863e-04 6.427016824583265840e-04 6.389867200555257544e-04
-1.312000000000000099e+01 1.091919043702495310e-05 1.091919043702495310e-05 1.092936400473442859e-05 1.092258162626144549e-05 6.425130293339224906e-04 6.425130293043891487e-04 6.478404781245565526e-04 6.442888455876226222e-04
-1.310999999999999943e+01 1.093935610962926560e-05 1.093935610962926729e-05 1.094957133907357377e-05 1.094276118611070222e-05 6.473293783765906749e-04 6.473293783201619633e-04 6.525464309052908833e-04 6.490683958673478405e-04
-1.309999999999999964e+01 1.095957990605208556e-05 1.095957990605208556e-05 1.096983502439144567e-05 1.096299827883187170e-05 6.517167588918655738e-04 6.517167587882383975e-04 6.569512954664304214e-04 6.534616043821781309e-04
-1.308999999999999986e+01 1.097986119313634419e-05 1.097986119313634250e-05 1.099015822647336109e-05 1.098329353758201593e-05 6.558235894043540305e-04 6.558235892214503166e-04 6.611927073692465190e-04 6.576132953316836220e-04
-1.308000000000000007e+01 1.100020111056476022e-05 1.100020111056476022e-05 1.101054018553084428e-05 1.100364746888678824e-05 6.598042872636736235e-04 6.598042869534201729e-04 6.654114039860913000e-04 6.616733260677283655e-04
-1.307000000000000028e+01 1.102059864528602698e-05 1.102059864528602698e-05 1.103097697599010268e-05 1.102405808885405448e-05 6.638168594011216797e-04 6.638168588953922153e-04 6.697498201848165215e-04 6.657945128271101388e-04
-1.305999999999999872e+01 1.104105544350851654e-05 1.104105544350851654e-05 1.105147632236731103e-05 1.104452906979478137e-05 6.680213039673240554e-04 6.680213031752254638e-04 6.743515092690515259e-04 6.701313721372004206e-04
-1.305000000000000071e+01 1.106157150523222210e-05 1.106157150523222210e-05 1.107203214635465817e-05 1.106505838560636746e-05 6.725779767833852361e-04 6.725779755914914303e-04 6.793607192158342958e-04 6.748388905302369874e-04
-1.303999999999999915e+01 1.108214594403725925e-05 1.108214594403725755e-05 1.109264951320865877e-05 1.108564713376105739e-05 6.776451516078213977e-04 6.776451498851126165e-04 6.849213907580914765e-04 6.800705640836751274e-04
-1.303000000000000114e+01 1.110277964634351918e-05 1.110277964634351918e-05 1.111332576366964089e-05 1.110629501878555975e-05 6.833751953296181032e-04 6.833751929385334855e-04 6.911747941697113503e-04 6.859750608126210158e-04
-1.301999999999999957e+01 1.112347273878241057e-05 1.112347273878241057e-05 1.113406241731455604e-05 1.112700263162646076e-05 6.899090268874945612e-04 6.899090237014999074e-04 6.982550131596484489e-04 6.926910212495476392e-04
-1.300999999999999979e+01 1.114422661429947627e-05 1.114422661429947627e-05 1.115485985403764382e-05 1.114777102754553099e-05 6.973688263083603536e-04 6.973688222348601359e-04 7.062816378840189443e-04 7.003397621424131084e-04
-1.300000000000000000e+01 1.116503975331776307e-05 1.116503975331776307e-05 1.117571136237402934e-05 1.116859695633651567e-05 7.058492898733937726e-04 7.058492848788743262e-04 7.153494833178914575e-04 7.090160193567199244e-04
-1.299000000000000021e+01 1.118591291562574672e-05 1.118591291562574842e-05 1.119662973209640711e-05 1.118948518778263295e-05 7.154080865227575511e-04 7.154080806551922200e-04 7.255159108413177698e-04 7.187773593397558470e-04
-1.298000000000000043e+01 1.120684762080038213e-05 1.120684762080038213e-05 1.121760787184565592e-05 1.121043437114880730e-05 7.260565645787545042e-04 7.260565579831326690e-04 7.367873270739697198e-04 7.296334832119522615e-04
-1.296999999999999886e+01 1.122784171610764901e-05 1.122784171610765070e-05 1.123864400878199335e-05 1.123144248033243215e-05 7.377521046114505175e-04 7.377520975266911975e-04 7.491073977598905042e-04 7.415371999660106675e-04
-1.296000000000000085e+01 1.124889710101874522e-05 1.124889710101874522e-05 1.125974650057867138e-05 1.125251356753871891e-05 7.503937261282639859e-04 7.503937188795123652e-04 7.623500394067812954e-04 7.543791614715192155e-04
-1.294999999999999929e+01 1.127001453532214313e-05 1.127001453532214313e-05 1.128090471019701245e-05 1.127364459361376454e-05 7.638225048075208100e-04 7.638224977691950501e-04 7.763200489805119689e-04 7.679883505190759430e-04
-1.293999999999999950e+01 1.129119275270371366e-05 1.129119275270371366e-05 1.130212800836156504e-05 1.129483783792299802e-05 7.778279552352113839e-04 7.778279487922911848e-04 7.907631500376209903e-04 7.821396846883744113e-04
-1.292999999999999972e+01 1.131243225968911352e-05 1.131243225968911352e-05 1.132341094992157491e-05 1.131609182309993511e-05 7.921607336547210453e-04 7.921607281495185232e-04 8.053854279579467914e-04 7.965689632540621200e-04
-1.291999999999999993e+01 1.133373419596105635e-05 1.133373419596105635e-05 1.134475809360790847e-05 1.133740882851000650e-05 8.065509687819804804e-04 8.065509644601375752e-04 8.198800698338251820e-04 8.109940010253144848e-04
-1.291000000000000014e+01 1.135509894141377496e-05 1.135509894141377496e-05 1.136616627363524047e-05 1.135878805215426403e-05 8.207304154966817492e-04 8.207304124453737365e-04 8.339575584469930466e-04 8.251394621296828441e-04
-1.289999999999999858e+01 1.137652434331325581e-05 1.137652434331325581e-05 1.138763726284335671e-05 1.138022864982329057e-05 8.344557456881495803e-04 8.344557437592620835e-04 8.473745864902247887e-04 8.387620253125454119e-04
-1.289000000000000057e+01 1.139801534028460320e-05 1.139801534028460151e-05 1.140917156775790205e-05 1.140173408277570113e-05 8.475298903320737688e-04 8.475298890276427048e-04 8.599571611451239982e-04 8.516723135016133822e-04
-1.287999999999999901e+01 1.141956636054564576e-05 1.141956636054564576e-05 1.143076956827311777e-05 1.142330076312147033e-05 8.598185488656635714e-04 8.598185471515235653e-04 8.716146193908847666e-04 8.637505718026906344e-04
-1.287000000000000099e+01 1.144118221609007910e-05 1.144118221609007910e-05 1.145242695892096494e-05 1.144493046370037382e-05 8.712597631957020444e-04 8.712597591979852818e-04 8.823431464893060966e-04 8.749542229609976992e-04
-1.285999999999999943e+01 1.146285948786974537e-05 1.146285948786974537e-05 1.147415133758622150e-05 1.146662343777523741e-05 8.818656003561208424e-04 8.818655908908177351e-04 8.922193359731623533e-04 8.853168424067003103e-04
-1.284999999999999964e+01 1.148460400092964515e-05 1.148460400092964684e-05 1.149594397058300638e-05 1.148838399081410172e-05 8.917162158539670503e-04 8.917161957470593750e-04 9.013858483481461707e-04 8.949394199830575320e-04
-1.283999999999999986e+01 1.150640980359337257e-05 1.150640980359337257e-05 1.151779460076688496e-05 1.151020473598454393e-05 9.009475957626118022e-04 9.009475569448885694e-04 9.100320340846337333e-04 9.039757289307112599e-04
-1.283000000000000007e+01 1.152828082143472188e-05 1.152828082143472188e-05 1.153971158581110585e-05 1.153209107622684931e-05 9.097349211759423165e-04 9.097348515863356699e-04 9.183724630008054286e-04 9.126140785876942548e-04
-1.282000000000000028e+01 1.155021452182543659e-05 1.155021452182543659e-05 1.156169315287588493e-05 1.155404073217558717e-05 9.182737239882724856e-04 9.182736063914680126e-04 9.266258561316027169e-04 9.210577288371143327e-04
-1.280999999999999872e+01 1.157221533686497445e-05 1.157221533686497445e-05 1.158373955522405140e-05 1.157605674298466733e-05 9.267608856819457494e-04 9.267606965913458006e-04 9.349962244743980581e-04 9.295059355825634195e-04
-1.280000000000000071e+01 1.159427756813975201e-05 1.159427756813975032e-05 1.160585091948701903e-05 1.159813535192217322e-05 9.353772160255296444e-04 9.353769249989236185e-04 9.436573315571934652e-04 9.381371575272155761e-04
-1.278999999999999915e+01 1.161640969995442317e-05 1.161640969995442317e-05 1.162802635924489321e-05 1.162028191971791431e-05 9.442729536056656929e-04 9.442725232187396166e-04 9.527410520328968759e-04 9.470955096191006201e-04
-1.278000000000000114e+01 1.163860616052683347e-05 1.163860616052683347e-05 1.165026904028299752e-05 1.164249378711222205e-05 9.535571249094096976e-04 9.535565116833412489e-04 9.623298146557799498e-04 9.564811504161769293e-04
-1.276999999999999957e+01 1.166086492375437299e-05 1.166086492375437130e-05 1.167257858270709408e-05 1.166476947673861223e-05 9.632912854026674451e-04 9.632904418453215080e-04 9.724530652918986998e-04 9.663449308466292176e-04
-1.275999999999999979e+01 1.168319244783909586e-05 1.168319244783909416e-05 1.169495321367740385e-05 1.168711270311853242e-05 9.734877402904004717e-04 9.734866180101865068e-04 9.830875251499475095e-04 9.766872944835115321e-04
-1.275000000000000000e+01 1.170558607352133351e-05 1.170558607352133351e-05 1.171739356635098715e-05 1.170952190446455196e-05 9.841119197810473031e-04 9.841104733935130376e-04 9.941609272086280279e-04 9.874611067943962674e-04
-1.274000000000000021e+01 1.172804529427543772e-05 1.172804529427543772e-05 1.173990192009328481e-05 1.173199750288138618e-05 9.950882173963423397e-04 9.950864087125712264e-04 1.005558872811176344e-03 9.985778329733635203e-04
-1.273000000000000043e+01 1.175057378241237520e-05 1.175057378241237520e-05 1.176247700859015587e-05 1.175454152447163655e-05 1.006308368618742113e-03 1.006306170463684615e-03 1.017134422973533635e-03 1.009916320685320121e-03
-1.271999999999999886e+01 1.177316469983585397e-05 1.177316469983585566e-05 1.178512073131280161e-05 1.177715004366150544e-05 1.017641397756774034e-03 1.017638796767969056e-03 1.028719980989950067e-03 1.021333391838231269e-03
-1.271000000000000085e+01 1.179582792379608261e-05 1.179582792379608261e-05 1.180783004910730880e-05 1.179982863223315744e-05 1.028944268335149842e-03 1.028941266243890446e-03 1.040140848717974967e-03 1.032675461099005158e-03
-1.269999999999999929e+01 1.181855813577371217e-05 1.181855813577371217e-05 1.183060686144487364e-05 1.182257437766409820e-05 1.040072571579353034e-03 1.040069184759353019e-03 1.051229552299289081e-03 1.043790436212664900e-03
-1.268999999999999950e+01 1.184135457598027198e-05 1.184135457598027198e-05 1.185345306779668721e-05 1.184538740658574146e-05 1.050890737241562791e-03 1.050886994642637358e-03 1.061839692470173619e-03 1.054539141451457922e-03
-1.267999999999999972e+01 1.186421927051836349e-05 1.186421927051836349e-05 1.187636714858579461e-05 1.186826856320750606e-05 1.061281289590824701e-03 1.061277229473736898e-03 1.071857818912900660e-03 1.064805445992487347e-03
-1.266999999999999993e+01 1.188715234601940046e-05 1.188715234601940046e-05 1.189935252286034522e-05 1.189121907163304871e-05 1.071152592886341279e-03 1.071148258962562614e-03 1.081211807370374874e-03 1.074504219739759589e-03
-1.266000000000000014e+01 1.191015570195457907e-05 1.191015570195457738e-05 1.192240285904969699e-05 1.191423808765295228e-05 1.080444423741761147e-03 1.080439861363252738e-03 1.089874542928536772e-03 1.083586276011183624e-03
-1.264999999999999858e+01 1.193322465296161915e-05 1.193322465296161915e-05 1.194552334904177325e-05 1.193732421832167221e-05 1.089130689530617068e-03 1.089125942466825751e-03 1.097862384639439887e-03 1.092039672212294235e-03
-1.264000000000000057e+01 1.195636553061116783e-05 1.195636553061116783e-05 1.196871462599364447e-05 1.196048189573865948e-05 1.097218799930148227e-03 1.097213908073605120e-03 1.105228723875384097e-03 1.099887143959712554e-03
-1.262999999999999901e+01 1.197957580227496356e-05 1.197957580227496356e-05 1.199197631001106093e-05 1.198370930485366438e-05 1.104745611421752496e-03 1.104740609528185409e-03 1.112053772855899937e-03 1.107179997935279353e-03
-1.262000000000000099e+01 1.200285559458442346e-05 1.200285559458442346e-05 1.201530700814849163e-05 1.200700606577244562e-05 1.111770412598329190e-03 1.111765329959380801e-03 1.118432323017300774e-03 1.113989355191670255e-03
-1.260999999999999943e+01 1.202620655374791114e-05 1.202620655374791453e-05 1.203870861987712598e-05 1.203037390912431834e-05 1.118365945619436124e-03 1.118360806426727579e-03 1.124461412326370306e-03 1.120396054790844670e-03
-1.259999999999999964e+01 1.204962589387434766e-05 1.204962589387434766e-05 1.206217962562001075e-05 1.205381047112290202e-05 1.124608839412006948e-03 1.124603663519962776e-03 1.130229671701882222e-03 1.126480724877950649e-03
-1.258999999999999986e+01 1.207311918674589764e-05 1.207311918674589595e-05 1.208572306453105237e-05 1.207732047934094922e-05 1.130570900204154721e-03 1.130565704005776027e-03 1.135809643283491356e-03 1.132315415831140846e-03
-1.258000000000000007e+01 1.209668136710604134e-05 1.209668136710603964e-05 1.210933843008459922e-05 1.210090038809889509e-05 1.136312487971512806e-03 1.136307285184232161e-03 1.141253732003746305e-03 1.137957835053163540e-03
-1.257000000000000028e+01 1.212031496758304200e-05 1.212031496758304200e-05 1.213302306302098444e-05 1.212455099939568948e-05 1.141878753183645911e-03 1.141873555421630843e-03 1.146593809951664770e-03 1.143448706185646885e-03
-1.255999999999999872e+01 1.214402049470254958e-05 1.214402049470254958e-05 1.215678063565117814e-05 1.214827387501875967e-05 1.147298944135338858e-03 1.147293761240629094e-03 1.151843962288220079e-03 1.148812222554729560e-03
-1.255000000000000071e+01 1.216779604899336959e-05 1.216779604899336959e-05 1.218061152786942161e-05 1.217206787528538693e-05 1.152588450106547483e-03 1.152583290281298991e-03 1.157005486192862025e-03 1.154059075526902905e-03
-1.253999999999999915e+01 1.219164479624082730e-05 1.219164479624082730e-05 1.220451232062756545e-05 1.219593397103640556e-05 1.157752835541234248e-03 1.157747705368118284e-03 1.162073055110435325e-03 1.159191198673262691e-03
-1.253000000000000114e+01 1.221556850928469666e-05 1.221556850928469836e-05 1.222848845907636051e-05 1.221987515921524958e-05 1.162792887155537132e-03 1.162787791611107589e-03 1.167040926271174176e-03 1.164207201679272677e-03
-1.251999999999999957e+01 1.223956414897107632e-05 1.223956414897107802e-05 1.225253627090484005e-05 1.224388818961566423e-05 1.167709657295948420e-03 1.167704599854551759e-03 1.171908177075882320e-03 1.169107478075460688e-03
-1.250999999999999979e+01 1.226363057561724418e-05 1.226363057561724587e-05 1.227665968168679664e-05 1.226797361097376166e-05 1.172508611689657533e-03 1.172503594596005548e-03 1.176682184351117997e-03 1.173898130212260287e-03
-1.250000000000000000e+01 1.228777361426819573e-05 1.228777361426819573e-05 1.230085539900549971e-05 1.229213420918062926e-05 1.177202229192754858e-03 1.177197253954141189e-03 1.181379877012978495e-03 1.178593120053291659e-03
-1.249000000000000021e+01 1.231198781977317844e-05 1.231198781977317844e-05 1.232512253644105976e-05 1.231636605866247278e-05 1.181810707242057388e-03 1.181805775331203285e-03 1.186026657970265909e-03 1.183214380181175744e-03
-1.248000000000000043e+01 1.233627445844631632e-05 1.233627445844631632e-05 1.234946590598716055e-05 1.234067160762659716e-05 1.186360757212215258e-03 1.186355870985912782e-03 1.190653290216095797e-03 1.187789972804741351e-03
-1.246999999999999886e+01 1.236064049501532019e-05 1.236064049501532019e-05 1.237388550764380715e-05 1.236505549922481359e-05 1.190882778444053236e-03 1.190877942170060627e-03 1.195291380995411670e-03 1.192350700536508367e-03
-1.246000000000000085e+01 1.238507681201846740e-05 1.238507681201846740e-05 1.239837842888849844e-05 1.238951068430848001e-05 1.195406970571499892e-03 1.195402191501083360e-03 1.199968358365212763e-03 1.196925840145932366e-03
-1.244999999999999929e+01 1.240959012092062942e-05 1.240959012092063111e-05 1.242294517624689282e-05 1.241404180602938558e-05 1.199959125174317100e-03 1.199954414483888438e-03 1.204702952881810552e-03 1.201538830846672103e-03
-1.243999999999999950e+01 1.243417915540768901e-05 1.243417915540768901e-05 1.244758980192419998e-05 1.243864937091319210e-05 1.204556900525377864e-03 1.204552273992973285e-03 1.209502117680998079e-03 1.206203764066449743e-03
-1.242999999999999972e+01 1.245884264916550861e-05 1.245884264916550861e-05 1.247230825371520177e-05 1.246333118401540689e-05 1.209207321868025842e-03 1.209202800077075271e-03 1.214360081114076659e-03 1.210923401019725924e-03
-1.241999999999999993e+01 1.248358275492811360e-05 1.248358275492811360e-05 1.249710458382511805e-05 1.248809003122711565e-05 1.213906050925738292e-03 1.213901658860057960e-03 1.219259819850711073e-03 1.215689176545502658e-03
-1.241000000000000014e+01 1.250839719333006655e-05 1.250839719333006655e-05 1.252197524657438735e-05 1.251292321107817236e-05 1.218638642118331132e-03 1.218634408040658460e-03 1.224176783513542888e-03 1.220483277890844305e-03
-1.239999999999999858e+01 1.253329178941636974e-05 1.253329178941636974e-05 1.254692404090539019e-05 1.253783587324604153e-05 1.223383645299553572e-03 1.223379598941048150e-03 1.229084285989884198e-03 1.225282510076828712e-03
-1.239000000000000057e+01 1.255826008498495040e-05 1.255826008498495040e-05 1.257194957387258709e-05 1.256282324794749653e-05 1.228117075044413316e-03 1.228113245272494450e-03 1.233959688104760855e-03 1.230063336140556352e-03
-1.237999999999999901e+01 1.258330537245255772e-05 1.258330537245255772e-05 1.259705501126130672e-05 1.258788858538880569e-05 1.232817542744983489e-03 1.232813955042752702e-03 1.238790411128808545e-03 1.234807302972181723e-03
-1.237000000000000099e+01 1.260842967792179147e-05 1.260842967792179147e-05 1.262223516118361049e-05 1.261303150567573115e-05 1.237471276245838457e-03 1.237467950459318795e-03 1.243578921753711077e-03 1.239506049486289443e-03
-1.235999999999999943e+01 1.263363236823558458e-05 1.263363236823558458e-05 1.264749521552743359e-05 1.263825331733286758e-05 1.242076339893381613e-03 1.242073288748000775e-03 1.248346057112032122e-03 1.244165228584471648e-03
-1.234999999999999964e+01 1.265891179718557513e-05 1.265891179718557513e-05 1.267283276829592652e-05 1.266355212088902559e-05 1.246645570341442695e-03 1.246642799161081557e-03 1.253132322185295921e-03 1.248806897229273391e-03
-1.233999999999999986e+01 1.268427113055708672e-05 1.268427113055708503e-05 1.269825035211735254e-05 1.268893087107717363e-05 1.251207979005677581e-03 1.251205486884297228e-03 1.257997006921056024e-03 1.253470157603677306e-03
-1.233000000000000007e+01 1.270970872214174390e-05 1.270970872214174221e-05 1.272374454794356057e-05 1.271438733074234833e-05 1.255808566991449852e-03 1.255806349398125819e-03 1.263015094940652923e-03 1.258210003776742865e-03
-1.232000000000000028e+01 1.273522495183378793e-05 1.273522495183378793e-05 1.274932118081954103e-05 1.273992369482904066e-05 1.260506602288782646e-03 1.260504654789623745e-03 1.268271998918111708e-03 1.263094418665506322e-03
-1.230999999999999872e+01 1.276082045279028591e-05 1.276082045279028591e-05 1.277497505885737059e-05 1.276553865481264747e-05 1.265372423102075795e-03 1.265370745623239836e-03 1.273856224613332784e-03 1.268199797779549689e-03
-1.230000000000000071e+01 1.278649725111384777e-05 1.278649725111384777e-05 1.280070934784236942e-05 1.279123461669002165e-05 1.270482804152904283e-03 1.270481405044451275e-03 1.279850230062838700e-03 1.273604813086731419e-03
-1.228999999999999915e+01 1.281225306743902758e-05 1.281225306743902758e-05 1.282652569398290281e-05 1.281701060962031876e-05 1.275914921952450969e-03 1.275913821079100374e-03 1.286320062599864396e-03 1.279382935210471913e-03
-1.228000000000000114e+01 1.283808840829148886e-05 1.283808840829148886e-05 1.285242042496799893e-05 1.284286574718366114e-05 1.281739057958407226e-03 1.281738288146754652e-03 1.293304795885758234e-03 1.285594047330306921e-03
-1.226999999999999957e+01 1.286400669271938098e-05 1.286400669271938098e-05 1.287839987236829985e-05 1.286880441926902060e-05 1.288010414757729703e-03 1.288010021153415631e-03 1.300807242487640389e-03 1.292275892799595385e-03
-1.225999999999999979e+01 1.289000475493737529e-05 1.289000475493737529e-05 1.290445833777022721e-05 1.289482261588165982e-05 1.294760769989237569e-03 1.294760807192633532e-03 1.308787691686037064e-03 1.299436422955969461e-03
-1.225000000000000000e+01 1.291608525420513864e-05 1.291608525420513864e-05 1.293059898695910287e-05 1.292092316512312841e-05 1.301991057616923991e-03 1.301991584827716375e-03 1.317162328908366231e-03 1.307048323784335605e-03
-1.224000000000000021e+01 1.294224654431431255e-05 1.294224654431431255e-05 1.295682106014645277e-05 1.294710471625836098e-05 1.309666210313344993e-03 1.309667285065057533e-03 1.325807427052991738e-03 1.315046974143798016e-03
-1.223000000000000043e+01 1.296849166441880512e-05 1.296849166441880512e-05 1.298312873616889868e-05 1.297337068833550184e-05 1.317713579172155852e-03 1.317715250528751075e-03 1.334569404628836590e-03 1.323332744776581100e-03
-1.221999999999999886e+01 1.299481719547046188e-05 1.299481719547046188e-05 1.300951505029873145e-05 1.299971648041321728e-05 1.326025876087518277e-03 1.326028178328438317e-03 1.343279631359535573e-03 1.331777895258497461e-03
-1.221000000000000085e+01 1.302122680978025975e-05 1.302122680978025975e-05 1.303598848684061344e-05 1.302614736880037708e-05 1.334468874238881270e-03 1.334471822033895432e-03 1.351771764355974874e-03 1.340237486876250453e-03
-1.219999999999999929e+01 1.304771936766548846e-05 1.304771936766548846e-05 1.306254410716944544e-05 1.305266094750014022e-05 1.342893185592023905e-03 1.342896771451428670e-03 1.359898751685538910e-03 1.348562902909664117e-03
-1.218999999999999950e+01 1.307429765501722016e-05 1.307429765501722016e-05 1.308918267107370320e-05 1.307925932703604784e-05 1.351148542642557557e-03 1.351152737033272299e-03 1.367546663784147088e-03 1.356615981153325720e-03
-1.217999999999999972e+01 1.310095685984177786e-05 1.310095685984177786e-05 1.311590455844762630e-05 1.310593942604372790e-05 1.359098398885784202e-03 1.359103152953518951e-03 1.374643221028380756e-03 1.364281590955894637e-03
-1.216999999999999993e+01 1.312770483328674835e-05 1.312770483328674835e-05 1.314271293507653492e-05 1.313270753388334501e-05 1.366632522849313544e-03 1.366637773155435697e-03 1.381160066354138747e-03 1.371476787452962807e-03
-1.216000000000000014e+01 1.315453207799617280e-05 1.315453207799617280e-05 1.316960767432901361e-05 1.315955727677378640e-05 1.373675658225261172e-03 1.373681332739264604e-03 1.387109149795710209e-03 1.378155380253411923e-03
-1.214999999999999858e+01 1.318144834458883925e-05 1.318144834458883925e-05 1.319658497726268358e-05 1.318649388881345459e-05 1.380191152894342166e-03 1.380197177141359848e-03 1.392534681975535465e-03 1.384307670670412421e-03
-1.214000000000000057e+01 1.320844869443965188e-05 1.320844869443965188e-05 1.322364978250263895e-05 1.321351572379398090e-05 1.386179494321294805e-03 1.386185796847406917e-03 1.397502717266998953e-03 1.389956002811900369e-03
-1.212999999999999901e+01 1.323553464712555374e-05 1.323553464712555205e-05 1.325080031720910578e-05 1.324062320382006883e-05 1.391672653275363757e-03 1.391679169772538959e-03 1.402090483521179192e-03 1.395147435523027158e-03
-1.212000000000000099e+01 1.326270708906644452e-05 1.326270708906644282e-05 1.327803873411609929e-05 1.326781763741632831e-05 1.396725791332298003e-03 1.396732467165306361e-03 1.406377160998088446e-03 1.399945139831897676e-03
-1.210999999999999943e+01 1.328996665341938790e-05 1.328996665341938790e-05 1.330536161417547177e-05 1.329509830700474919e-05 1.401408112000069846e-03 1.401414902951058023e-03 1.410437136642298667e-03 1.404420050531142395e-03
-1.209999999999999964e+01 1.331731220050166348e-05 1.331731220050166178e-05 1.333277288296102426e-05 1.332246576132144871e-05 1.405794456891346512e-03 1.405801328706700239e-03 1.414336059261029873e-03 1.408643948286358947e-03
-1.208999999999999986e+01 1.334474461673316246e-05 1.334474461673316246e-05 1.336027279373557918e-05 1.334992067573396803e-05 1.409958752406427745e-03 1.409965679180777160e-03 1.418129440788904469e-03 1.412684624125369647e-03
-1.208000000000000007e+01 1.337226909400181665e-05 1.337226909400181665e-05 1.338785995355360047e-05 1.337746604718574459e-05 1.413969848338105222e-03 1.413976810276725005e-03 1.421863233962282914e-03 1.416603297525704380e-03
-1.207000000000000028e+01 1.339987664147730528e-05 1.339987664147730697e-05 1.341553436241508135e-05 1.340509588178989505e-05 1.417889730697662401e-03 1.417896711500820587e-03 1.425575704632784952e-03 1.420454048943756197e-03
-1.205999999999999872e+01 1.342757485704440797e-05 1.342757485704440797e-05 1.344329931273676423e-05 1.343281634227519396e-05 1.421773709611183056e-03 1.421780693645249838e-03 1.429299954133926576e-03 1.424284785796786417e-03
-1.205000000000000071e+01 1.345536095481203734e-05 1.345536095481203734e-05 1.347115062568201888e-05 1.346062417843536283e-05 1.425672010629807371e-03 1.425678980034719278e-03 1.433066628757980994e-03 1.428139206474169287e-03
-1.203999999999999915e+01 1.348323772067127569e-05 1.348323772067127569e-05 1.349909640566126638e-05 1.348852394900127146e-05 1.429632199453708015e-03 1.429639131355260129e-03 1.436906534854707346e-03 1.432059288554558352e-03
-1.203000000000000114e+01 1.351120173557397871e-05 1.351120173557397871e-05 1.352712892815833032e-05 1.351651079976876201e-05 1.433702004985223629e-03 1.433708869127494918e-03 1.440853060371514180e-03 1.436087978161411198e-03
-1.201999999999999957e+01 1.353925654519970446e-05 1.353925654519970446e-05 1.355525211874700323e-05 1.354458840304880461e-05 1.437932300848646398e-03 1.437939058199152152e-03 1.444944454964604491e-03 1.440271938004134564e-03
-1.200999999999999979e+01 1.356740379575682162e-05 1.356740379575682162e-05 1.358346521763880427e-05 1.357275760305081471e-05 1.442380187829317038e-03 1.442386790974271903e-03 1.449226127702445263e-03 1.444664368835344879e-03
-1.200000000000000000e+01 1.359564095461707030e-05 1.359564095461707030e-05 1.361177291019602041e-05 1.360101827314338700e-05 1.447112218961501022e-03 1.447118615289035926e-03 1.453753162059882994e-03 1.449327998770139764e-03
-1.199000000000000021e+01 1.362397017451447080e-05 1.362397017451447080e-05 1.364016823169093740e-05 1.362936952690662521e-05 1.452207764665850885e-03 1.452213903303986890e-03 1.458593192085507004e-03 1.454338286685114782e-03
-1.198000000000000043e+01 1.365238828966370295e-05 1.365238828966370634e-05 1.366865612074865786e-05 1.365781090002535515e-05 1.457762291596018849e-03 1.457768134694659200e-03 1.463829585884456226e-03 1.459786670725044542e-03
-1.197000000000000064e+01 1.368090188489823632e-05 1.368090188489823632e-05 1.369724176925711020e-05 1.368634851301786038e-05 1.463889940954005153e-03 1.463895479063764132e-03 1.469564532981556268e-03 1.465783317666441996e-03
-1.195999999999999908e+01 1.370950627485578903e-05 1.370950627485578903e-05 1.372591403365195843e-05 1.371497552778784550e-05 1.470724322145033382e-03 1.470729592356080032e-03 1.475921160537380962e-03 1.472458358346164647e-03
-1.194999999999999929e+01 1.373820196606201780e-05 1.373820196606201780e-05 1.375468329770906110e-05 1.374369574327770116e-05 1.478416053971836524e-03 1.478421158111529240e-03 1.483043313655398824e-03 1.479960175246255007e-03
-1.193999999999999950e+01 1.376699225093365659e-05 1.376699225093365659e-05 1.378354209017505910e-05 1.377250886401412409e-05 1.487125510197005035e-03 1.487130629404189493e-03 1.491091333262321763e-03 1.488449157621172169e-03
-1.192999999999999972e+01 1.379587522999951090e-05 1.379587522999951090e-05 1.381249788230330984e-05 1.380141611410077777e-05 1.497009673511478026e-03 1.497015075048528350e-03 1.500232283297257179e-03 1.498085677285754735e-03
-1.191999999999999993e+01 1.382485748809305200e-05 1.382485748809305200e-05 1.384154966104251173e-05 1.383042154574287191e-05 1.508203066752083739e-03 1.508209099511877626e-03 1.510623782150123315e-03 1.509011982804694821e-03
-1.191000000000000014e+01 1.385392712186146645e-05 1.385392712186146475e-05 1.387069299429321382e-05 1.385951574600538054e-05 1.520794317180982442e-03 1.520801393981875997e-03 1.522391964712274150e-03 1.521329225291710935e-03
-1.190000000000000036e+01 1.388309426181778696e-05 1.388309426181778865e-05 1.389993117447215004e-05 1.388870656603590911e-05 1.534801679752880420e-03 1.534810247000215587e-03 1.535605916090383889e-03 1.535072614281159965e-03
-1.189000000000000057e+01 1.391235928785625311e-05 1.391235928785625311e-05 1.392926977336149008e-05 1.391799611635800046e-05 1.550152238170363593e-03 1.550162736240407076e-03 1.550252730047936610e-03 1.550189234819569165e-03
-1.187999999999999901e+01 1.394171688145751934e-05 1.394171688145751934e-05 1.395869866044819783e-05 1.394737747445441273e-05 1.566669964074327666e-03 1.566682784124679697e-03 1.566218535401989534e-03 1.566523761200332154e-03
-1.186999999999999922e+01 1.397117438724353775e-05 1.397117438724353775e-05 1.398822961245367806e-05 1.397685946231358565e-05 1.584076935518436390e-03 1.584092379662898177e-03 1.583280819245055102e-03 1.583816711475463440e-03
-1.185999999999999943e+01 1.400072332090964430e-05 1.400072332090964430e-05 1.401785363854761001e-05 1.400643342678896733e-05 1.602009779505106238e-03 1.602028030998749490e-03 1.601115854922015953e-03 1.601717888475290633e-03
-1.184999999999999964e+01 1.403037229339191170e-05 1.403037229339191170e-05 1.404757504419803596e-05 1.403610654366061866e-05 1.620050255582454121e-03 1.620071363855119699e-03 1.619322181390354639e-03 1.619814600275976081e-03
-1.183999999999999986e+01 1.406011953185055923e-05 1.406011953185055923e-05 1.407739737508451737e-05 1.406587881292854471e-05 1.637765656177454180e-03 1.637789538674020492e-03 1.637457542437060478e-03 1.637670912429511644e-03
-1.183000000000000007e+01 1.408996351670863707e-05 1.408996351670863707e-05 1.410731493279346740e-05 1.409574732207024605e-05 1.654752303379336412e-03 1.654778762950644697e-03 1.655083466175305724e-03 1.654871510835095611e-03
-1.182000000000000028e+01 1.411990589417451050e-05 1.411990589417451050e-05 1.413733392226412283e-05 1.412571523687104625e-05 1.670674604046553475e-03 1.670703357898889073e-03 1.671809728172822833e-03 1.671062563372755199e-03
-1.181000000000000050e+01 1.414994742403665357e-05 1.414994742403665357e-05 1.416745067118551015e-05 1.415578183975294022e-05 1.685293144528357198e-03 1.685323859110874310e-03 1.687330911259737496e-03 1.685982638299656552e-03
-1.180000000000000071e+01 1.418008861282072301e-05 1.418008861282072301e-05 1.419766657250316711e-05 1.418594793271487104e-05 1.698477851343891103e-03 1.698510177185885619e-03 1.701449167172848758e-03 1.699479065234208493e-03
-1.178999999999999915e+01 1.421033199315497361e-05 1.421033199315497361e-05 1.422798352568829160e-05 1.421621583733274684e-05 1.710205550364744245e-03 1.710239151991904422e-03 1.714080509317918340e-03 1.711508403891522046e-03
-1.177999999999999936e+01 1.424067072694311167e-05 1.424067072694311167e-05 1.425840241716077143e-05 1.424658129034899938e-05 1.720544385792678035e-03 1.720578963516652916e-03 1.725245549539586830e-03 1.722122966282972666e-03
-1.176999999999999957e+01 1.427111063923012423e-05 1.427111063923012423e-05 1.428891982787245551e-05 1.427704703544423353e-05 1.729629720390539428e-03 1.729665022871192375e-03 1.735048538027998341e-03 1.731447760429910120e-03
-1.175999999999999979e+01 1.430165400938145043e-05 1.430165400938145043e-05 1.431953968339715504e-05 1.430761590072001919e-05 1.737636923707910376e-03 1.737672751918525708e-03 1.743650184045163892e-03 1.739653286557200137e-03
-1.175000000000000000e+01 1.433229893792588900e-05 1.433229893792588900e-05 1.435026071742072229e-05 1.433828619775750179e-05 1.744755909914650531e-03 1.744792114538335414e-03 1.751239830635772541e-03 1.746929285029586235e-03
-1.174000000000000021e+01 1.436304390528649352e-05 1.436304390528649352e-05 1.438108470278295494e-05 1.436905750445197953e-05 1.751170830320381054e-03 1.751207304951432446e-03 1.758011408581948952e-03 1.753463181284587629e-03
-1.173000000000000043e+01 1.439389334356270817e-05 1.439389334356270817e-05 1.441201315906079602e-05 1.439993328206207079e-05 1.757046510537238959e-03 1.757083182907902795e-03 1.764145762976982758e-03 1.759425152140708026e-03
-1.172000000000000064e+01 1.442484345381215077e-05 1.442484345381215077e-05 1.444304216068045638e-05 1.443090968943491931e-05 1.762521577663321440e-03 1.762558400874642082e-03 1.769800069876510369e-03 1.764960016138157747e-03
-1.170999999999999908e+01 1.445589803497720689e-05 1.445589803497720520e-05 1.447417803921256452e-05 1.446199136972232441e-05 1.767707094098640210e-03 1.767744039043527438e-03 1.775103593902022494e-03 1.770184909014729758e-03
-1.169999999999999929e+01 1.448705632726939569e-05 1.448705632726939569e-05 1.450541370329801786e-05 1.449317545261226918e-05 1.772688992019734932e-03 1.772726041484534634e-03 1.780158198251538234e-03 1.775191077251935933e-03
-1.168999999999999950e+01 1.451831985026567716e-05 1.451831985026567716e-05 1.453675966334407346e-05 1.452446645462514260e-05 1.777532609619996047e-03 1.777569754320904244e-03 1.785041809104730278e-03 1.780048057681877073e-03
-1.167999999999999972e+01 1.454968607133779143e-05 1.454968607133779143e-05 1.456820667525759150e-05 1.455585960597772478e-05 1.782287974005761699e-03 1.782325210505010743e-03 1.789813263927276859e-03 1.784808816146016145e-03
-1.166999999999999993e+01 1.458116106879355643e-05 1.458116106879355643e-05 1.459976183039769826e-05 1.458736132266160597e-05 1.786994951275223172e-03 1.787032281696030464e-03 1.794517423748777417e-03 1.789514885573343468e-03
-1.166000000000000014e+01 1.461274028390210067e-05 1.461274028390210067e-05 1.463142094992776353e-05 1.461896717257732162e-05 1.791687823610315288e-03 1.791725257248448543e-03 1.799189910804240705e-03 1.794200997221001440e-03
-1.165000000000000036e+01 1.464442612266028381e-05 1.464442612266028211e-05 1.466318833931582958e-05 1.465068019487879850e-05 1.796399158779305415e-03 1.796436715719148224e-03 1.803861211523343682e-03 1.798899028673932440e-03
-1.164000000000000057e+01 1.467621605243983920e-05 1.467621605243983920e-05 1.469506285887917602e-05 1.468249832125295091e-05 1.801162979423490259e-03 1.801200696539095696e-03 1.808560117798813528e-03 1.803641264587133161e-03
-1.162999999999999901e+01 1.470811703796847430e-05 1.470811703796847430e-05 1.472704336893509427e-05 1.471442581495734875e-05 1.806017232114635060e-03 1.806055171553531350e-03 1.813316563889468686e-03 1.808462989185878221e-03
-1.161999999999999922e+01 1.474012059494153183e-05 1.474012059494153183e-05 1.475913417495160970e-05 1.474645845494489112e-05 1.811005448311295068e-03 1.811043708276721589e-03 1.818163881725720242e-03 1.813404346104579255e-03
-1.160999999999999943e+01 1.477223812018616513e-05 1.477223812018616513e-05 1.479133363072036888e-05 1.477860329036423361e-05 1.816177349649240316e-03 1.816216076608008403e-03 1.823140395755343864e-03 1.818511274004197889e-03
-1.159999999999999964e+01 1.480446201581760474e-05 1.480446201581760474e-05 1.482363971013875510e-05 1.481085458059132379e-05 1.821588051990183279e-03 1.821627452638812858e-03 1.828290155643205132e-03 1.823835220090734045e-03
-1.158999999999999986e+01 1.483679354814997637e-05 1.483679354814997806e-05 1.485605874477741891e-05 1.484321528035912501e-05 1.827295529588736193e-03 1.827335879600592693e-03 1.833662509707411053e-03 1.829431306298913169e-03
-1.158000000000000007e+01 1.486923778243979975e-05 1.486923778243980145e-05 1.488858503622277516e-05 1.487568686703412489e-05 1.833356187172639545e-03 1.833397833760442479e-03 1.839310217247674961e-03 1.835354746060252401e-03
-1.157000000000000028e+01 1.490178965343055684e-05 1.490178965343055684e-05 1.492122314320569026e-05 1.490826748335560132e-05 1.839818705230983646e-03 1.839862059980659163e-03 1.845285884876829256e-03 1.841655550029490905e-03
-1.156000000000000050e+01 1.493445169375050582e-05 1.493445169375050582e-05 1.495397382551464506e-05 1.494095907100521947e-05 1.846716804369387703e-03 1.846762324210642547e-03 1.851636772258428900e-03 1.848371966946153050e-03
-1.155000000000000071e+01 1.496722770234202888e-05 1.496722770234202718e-05 1.498683619672974327e-05 1.497376386713793424e-05 1.854062025130179042e-03 1.854110181313654371e-03 1.858398387450067944e-03 1.855523531297967191e-03
-1.153999999999999915e+01 1.500011514657687460e-05 1.500011514657687460e-05 1.501980848401120585e-05 1.500667959238831835e-05 1.861837922984957427e-03 1.861889160653611326e-03 1.865587673086152500e-03 1.863104918908240490e-03
-1.152999999999999936e+01 1.503311402645504300e-05 1.503311402645504300e-05 1.505289397977577184e-05 1.503970734422861815e-05 1.869997102575488013e-03 1.870051796305689969e-03 1.873196948785416484e-03 1.871081949222197722e-03
-1.151999999999999957e+01 1.506622687460478039e-05 1.506622687460478039e-05 1.508609483675745474e-05 1.507284952865567128e-05 1.878462160592478131e-03 1.878520573244191107e-03 1.881189925220883106e-03 1.879390886352517304e-03
-1.150999999999999979e+01 1.509945242471197124e-05 1.509945242471197124e-05 1.511940814243376020e-05 1.510610433061923479e-05 1.887130912424680833e-03 1.887193164924671910e-03 1.889500960934731863e-03 1.887941679428028130e-03
-1.150000000000000000e+01 1.513279067677661215e-05 1.513279067677661215e-05 1.515283465659316736e-05 1.513947200338213112e-05 1.895885395063439359e-03 1.895951453140462106e-03 1.898038259684508167e-03 1.896625035962803138e-03
-1.149000000000000021e+01 1.516624669605521949e-05 1.516624669605521949e-05 1.518637754502099303e-05 1.517295697904381123e-05 1.904603302041287752e-03 1.904672982650303190e-03 1.906690973415470572e-03 1.905322419369020505e-03
-1.148000000000000043e+01 1.519981288466301025e-05 1.519981288466301025e-05 1.522003604792876651e-05 1.520655393908492957e-05 1.913169955536738213e-03 1.913242951687871849e-03 1.915339352148806703e-03 1.913917419791138488e-03
-1.147000000000000064e+01 1.523349557417064004e-05 1.523349557417064004e-05 1.525380699953115916e-05 1.524026604929081478e-05 1.921488819113345136e-03 1.921564737999683237e-03 1.923866388977369182e-03 1.922306648696799113e-03
-1.145999999999999908e+01 1.526729603089223118e-05 1.526729603089223118e-05 1.528769863087001769e-05 1.527409689755149561e-05 1.929488926830115946e-03 1.929567333888614327e-03 1.932169048749936887e-03 1.930408436489555648e-03
-1.144999999999999929e+01 1.530121552114191614e-05 1.530121552114191614e-05 1.532170790279142043e-05 1.530804631502508424e-05 1.937128330116080722e-03 1.937208791210079167e-03 1.940167254378972334e-03 1.938168125235044219e-03
-1.143999999999999950e+01 1.533524518072079638e-05 1.533524518072079638e-05 1.535583126961581607e-05 1.534210721035246622e-05 1.944393524478607018e-03 1.944475639853960377e-03 1.947809313540071726e-03 1.945559492624213257e-03
-1.142999999999999972e+01 1.536939767277014586e-05 1.536939767277014586e-05 1.539007620259655695e-05 1.537629051604561735e-05 1.951295576758711780e-03 1.951379003042677703e-03 1.955073251886433466e-03 1.952582610562607866e-03
-1.141999999999999993e+01 1.540366919834759254e-05 1.540366919834759254e-05 1.542443637016300946e-05 1.541059158895273151e-05 1.957864152982384705e-03 1.957948612461230323e-03 1.961964353047043058e-03 1.959259039496886318e-03
-1.141000000000000014e+01 1.543805469219661669e-05 1.543805469219661669e-05 1.545891848378004677e-05 1.544500928939109339e-05 1.964140778879882969e-03 1.964226057941936745e-03 1.968509872444288919e-03 1.965625569755369544e-03
-1.140000000000000036e+01 1.547256428483024764e-05 1.547256428483024764e-05 1.549351975755658997e-05 1.547954944240569509e-05 1.970172490155027312e-03 1.970258430321827989e-03 1.974752244702203570e-03 1.971727721726353102e-03
-1.139000000000000057e+01 1.550719037836371085e-05 1.550719037836371085e-05 1.552823917844133579e-05 1.551420664505625475e-05 1.976006662793584976e-03 1.976093148139174919e-03 1.980742109179976437e-03 1.977613973370912544e-03
-1.137999999999999901e+01 1.554194183699591163e-05 1.554194183699591163e-05 1.556308371116199167e-05 1.554898912838460385e-05 1.981687391499568646e-03 1.981774335873608388e-03 1.986532201815181808e-03 1.983331309729452659e-03
-1.136999999999999922e+01 1.557680979652794468e-05 1.557680979652794468e-05 1.559804829046203788e-05 1.558388929450597800e-05 1.987253418750991370e-03 1.987340755235292907e-03 1.992172734036868134e-03 1.988922302674383993e-03
-1.135999999999999943e+01 1.561180058853045712e-05 1.561180058853045712e-05 1.563313304297289663e-05 1.561891140667794034e-05 1.992737369352147892e-03 1.992825043168507983e-03 1.997708441293575849e-03 1.994423617938076952e-03
-1.134999999999999964e+01 1.564691168037519079e-05 1.564691168037518740e-05 1.566834214753118969e-05 1.565405516942718929e-05 1.998165926937321701e-03 1.998253892052399144e-03 2.003177140601405601e-03 1.999865653197042004e-03
-1.133999999999999986e+01 1.568214813731865526e-05 1.568214813731865526e-05 1.570367307150865211e-05 1.568932311538198641e-05 2.003560574874761659e-03 2.003648793760417872e-03 2.008609438527401200e-03 2.005272935720859954e-03
-1.133000000000000007e+01 1.571750742673260252e-05 1.571750742673260252e-05 1.573912860079637295e-05 1.572471448475385933e-05 2.008938574968013348e-03 2.009027020500241730e-03 2.014029175426480280e-03 2.010664923631578452e-03
-1.132000000000000028e+01 1.575299208124528397e-05 1.575299208124528397e-05 1.577471164791684999e-05 1.576023193680247151e-05 2.014313938858122537e-03 2.014402596912732123e-03 2.019454241113254750e-03 2.016056925628036036e-03
-1.131000000000000050e+01 1.578859830191431065e-05 1.578859830191431065e-05 1.581041626119367226e-05 1.579587095500743232e-05 2.019698231535192821e-03 2.019787103174829242e-03 2.024897501774858537e-03 2.021460945494960634e-03
-1.129999999999999893e+01 1.582433242031033648e-05 1.582433242031033648e-05 1.584624851893466277e-05 1.583163778651844412e-05 2.025101123105791691e-03 2.025190225256839720e-03 2.030367686142317812e-03 2.026886344834983363e-03
-1.128999999999999915e+01 1.586018937117683155e-05 1.586018937117683155e-05 1.588220500209167892e-05 1.586752791481511288e-05 2.030530675244196937e-03 2.030620039204105148e-03 2.035870173583764937e-03 2.032340296010689152e-03
-1.127999999999999936e+01 1.589617295345620177e-05 1.589617295345620177e-05 1.591828976286992025e-05 1.590354522326077233e-05 2.035993401089602334e-03 2.036083068665736021e-03 2.041407687474315179e-03 2.037828052409884801e-03
-1.126999999999999957e+01 1.593228569977668497e-05 1.593228569977668497e-05 1.595449976211548370e-05 1.593969038722295009e-05 2.041494183816885792e-03 2.041584201402124078e-03 2.046980929061268783e-03 2.043353104760092884e-03
-1.125999999999999979e+01 1.596852507751002977e-05 1.596852507751003316e-05 1.599084196455608013e-05 1.597596403985871322e-05 2.047036168206159412e-03 2.047126579409593895e-03 2.052589198234912055e-03 2.048917315283555265e-03
-1.125000000000000000e+01 1.600489488559863190e-05 1.600489488559863190e-05 1.602730940546399192e-05 1.601236639222041857e-05 2.052620749256768400e-03 2.052711587270625825e-03 2.058231043663346586e-03 2.054521126730246647e-03
-1.124000000000000021e+01 1.604138752615770665e-05 1.604138752615770665e-05 1.606390613704444231e-05 1.604889372978661854e-05 2.058247769608592161e-03 2.058339050244024394e-03 2.063904971296322104e-03 2.060163930382979264e-03
-1.123000000000000043e+01 1.607801439601442092e-05 1.607801439601442092e-05 1.610063621150263424e-05 1.608555500117715982e-05 2.063915996323620328e-03 2.064007712789536677e-03 2.069610217823036891e-03 2.065844642312064487e-03
-1.122000000000000064e+01 1.611477042991225496e-05 1.611477042991225496e-05 1.613749355053076162e-05 1.612234480345175718e-05 2.069623896329616901e-03 2.069716016105469913e-03 2.075347569664006461e-03 2.071562494033030947e-03
-1.120999999999999908e+01 1.615165816047946356e-05 1.615165816047946356e-05 1.617448410580521847e-05 1.615926680892138412e-05 2.075370662685859305e-03 2.075463126613165746e-03 2.081120163760622789e-03 2.077317984353216091e-03
-1.119999999999999929e+01 1.618867632140192272e-05 1.618867632140192272e-05 1.621160382512079509e-05 1.619631882264154797e-05 2.081157370989736907e-03 2.081250094355257315e-03 2.086934169145153971e-03 2.083113878163383309e-03
-1.118999999999999950e+01 1.622582617899376322e-05 1.622582617899376322e-05 1.624885916667955069e-05 1.623350384155569125e-05 2.086988092314685100e-03 2.087080967550551235e-03 2.092799216157197831e-03 2.088956092007477911e-03
-1.117999999999999972e+01 1.626310520062672349e-05 1.626310520062672349e-05 1.628624709132757545e-05 1.627081916419367301e-05 2.092870753401893102e-03 2.092963653802064772e-03 2.098728413370039812e-03 2.094854273524666185e-03
-1.116999999999999993e+01 1.630052225049970547e-05 1.630052225049970547e-05 1.632376683927639022e-05 1.630827044675859925e-05 2.098817531176077299e-03 2.098910315248107838e-03 2.104737811974521661e-03 2.100821886132902411e-03
-1.116000000000000014e+01 1.633807099704206539e-05 1.633807099704206539e-05 1.636142410893957167e-05 1.634585536767456862e-05 2.104844601271225329e-03 2.104937117928400419e-03 2.110845234445243249e-03 2.106875651214956333e-03
-1.115000000000000036e+01 1.637575777182444364e-05 1.637575777182444364e-05 1.639921294864072241e-05 1.638357616409653430e-05 2.110971135117109022e-03 2.111063229937767440e-03 2.117068492912546011e-03 2.113034285989140969e-03
-1.114000000000000057e+01 1.641357750959033401e-05 1.641357750959033401e-05 1.643713880353059157e-05 1.642143127423708766e-05 2.117217554391586688e-03 2.117309077057108468e-03 2.123423167922851122e-03 2.119316599790515860e-03
-1.112999999999999901e+01 1.645153021033972973e-05 1.645153021033972973e-05 1.647520243339765494e-05 1.645942095135903926e-05 2.123603192663330117e-03 2.123694005778630801e-03 2.129920268645954864e-03 2.125739155695971494e-03
-1.111999999999999922e+01 1.648962473827153273e-05 1.648962473827153273e-05 1.651340244529636965e-05 1.649755064061314504e-05 2.130143660666765793e-03 2.130233649609018960e-03 2.136564206281718788e-03 2.132313838852501180e-03
-1.110999999999999943e+01 1.652785222918684108e-05 1.652785222918684108e-05 1.655174073869793359e-05 1.653581506569054197e-05 2.136848328515961182e-03 2.136937411519578608e-03 2.143351535975569853e-03 2.139045758670370025e-03
-1.109999999999999964e+01 1.656621774834217113e-05 1.656621774834217113e-05 1.659021668044528643e-05 1.657421739237654516e-05 2.143718388170925710e-03 2.143806525277587756e-03 2.150270827677112310e-03 2.145931913708541781e-03
-1.108999999999999986e+01 1.660472129573752629e-05 1.660472129573752629e-05 1.662883292979808487e-05 1.661275850709104920e-05 2.150745911585289806e-03 2.150833111124155882e-03 2.157303816694307406e-03 2.152960946467917264e-03
-1.108000000000000007e+01 1.664336540400115455e-05 1.664336540400115455e-05 1.666758822044221169e-05 1.665143967614817472e-05 2.157914167926861578e-03 2.158000488969566422e-03 2.164427702497337229e-03 2.160114119797921454e-03
-1.107000000000000028e+01 1.668215133944719349e-05 1.668215133944719349e-05 1.670648255237766348e-05 1.669026174375734902e-05 2.165199228259621304e-03 2.165284778227063046e-03 2.171618185826059561e-03 2.167367397437581448e-03
-1.106000000000000050e+01 1.672107530313325413e-05 1.672107530313325413e-05 1.674551858486410372e-05 1.672922306371020173e-05 2.172572620185852111e-03 2.172657547436090963e-03 2.178852640251471417e-03 2.174694269291138019e-03
-1.104999999999999893e+01 1.676014109400172206e-05 1.676014109400172206e-05 1.678470011684393153e-05 1.676832743494912522e-05 2.180004572531829814e-03 2.180089054390680400e-03 2.186112768897172098e-03 2.182068798606560771e-03
-1.103999999999999915e+01 1.679935124468085207e-05 1.679935124468085207e-05 1.682402107000931712e-05 1.680757451979034042e-05 2.187467264555790700e-03 2.187551492028702322e-03 2.193386216682612685e-03 2.189468324422368280e-03
-1.102999999999999936e+01 1.683870322254239275e-05 1.683870322254239275e-05 1.686348486340841666e-05 1.684696376949773518e-05 2.194937510984104959e-03 2.195021672412333404e-03 2.200666860574919045e-03 2.196875347990452469e-03
-1.101999999999999957e+01 1.687819576127221332e-05 1.687819576127221332e-05 1.690309466282654863e-05 1.688649539512365955e-05 2.202398466755373010e-03 2.202482732529145379e-03 2.207953820623378624e-03 2.204278339969299293e-03
-1.100999999999999979e+01 1.691783519244095075e-05 1.691783519244095075e-05 1.694284996173805801e-05 1.692617344887331984e-05 2.209840179263469328e-03 2.209924689650121562e-03 2.215249523662100959e-03 2.211671464191897283e-03
-1.100000000000000000e+01 1.695761898342036043e-05 1.695761898342035704e-05 1.698274746772621425e-05 1.696599514485564391e-05 2.217259090305540893e-03 2.217343947934502253e-03 2.222557355984997995e-03 2.219053464741680380e-03
-1.099000000000000021e+01 1.699754966683868359e-05 1.699754966683868020e-05 1.702279439878154893e-05 1.700596457748630537e-05 2.224656813902508527e-03 2.224742081786801762e-03 2.229879508026218898e-03 2.226426134571843352e-03
-1.098000000000000043e+01 1.703762091112529003e-05 1.703762091112529003e-05 1.706298606954178865e-05 1.704607596393078957e-05 2.232038650525184492e-03 2.232124355560063857e-03 2.237215546272016201e-03 2.233792850785755284e-03
-1.097000000000000064e+01 1.707784537942146386e-05 1.707784537942146048e-05 1.710332754526344638e-05 1.708633943470212245e-05 2.239412310084125998e-03 2.239498451123500024e-03 2.244562070915829492e-03 2.241157610707818215e-03
-1.095999999999999908e+01 1.711821420752830317e-05 1.711821420752829300e-05 1.714381350742718164e-05 1.712674730749459148e-05 2.246787215465686615e-03 2.246873774618137788e-03 2.251913577928216920e-03 2.248524856004013774e-03
-1.094999999999999929e+01 1.715873372701644153e-05 1.715873372701643814e-05 1.718445206044341383e-05 1.716730650482543004e-05 2.254174568952792713e-03 2.254261524472463748e-03 2.259264388912740531e-03 2.255900160779332909e-03
-1.093999999999999950e+01 1.719940013894351031e-05 1.719940013894351031e-05 1.722523915210694341e-05 1.720801314333132134e-05 2.261588132306346574e-03 2.261675471536888846e-03 2.266611292800926707e-03 2.263291632214720853e-03
-1.092999999999999972e+01 1.724021977488013295e-05 1.724021977488013633e-05 1.726617630199470834e-05 1.724887195058499593e-05 2.269045441336100827e-03 2.269133172365959614e-03 2.273956388946042195e-03 2.270711667549367256e-03
-1.091999999999999993e+01 1.728118756956982017e-05 1.728118756956982017e-05 1.730726591610356492e-05 1.728988035174773509e-05 2.276568999932899583e-03 2.276657160942425692e-03 2.281309557546680293e-03 2.278178572807335045e-03
-1.091000000000000014e+01 1.732230732195493385e-05 1.732230732195493724e-05 1.734850812106492182e-05 1.733104092165826431e-05 2.284186918863164925e-03 2.284275584353042191e-03 2.288690019605857211e-03 2.285717507607354631e-03
-1.090000000000000036e+01 1.736358156466374233e-05 1.736358156466374572e-05 1.738990304351019787e-05 1.737235539094589531e-05 2.291932510548419944e-03 2.292021793677913311e-03 2.296126575021936646e-03 2.293360293082756778e-03
-1.089000000000000057e+01 1.740500776506799421e-05 1.740500776506799421e-05 1.743145220301633104e-05 1.741382257771744208e-05 2.299842529098957214e-03 2.299932579558432253e-03 2.303656305263685269e-03 2.301143804640357667e-03
-1.087999999999999901e+01 1.744658339053942452e-05 1.744658339053942113e-05 1.747315319358649216e-05 1.745543999155511035e-05 2.307954028622185433e-03 2.308045025662940411e-03 2.311321764147242306e-03 2.309106939477455905e-03
-1.086999999999999922e+01 1.748831857159105922e-05 1.748831857159105583e-05 1.751501373973686444e-05 1.749721696097299316e-05 2.316300144530077012e-03 2.316392285043026092e-03 2.319166922230399795e-03 2.317286450601167922e-03
-1.085999999999999943e+01 1.753020824296638871e-05 1.753020824296638532e-05 1.755702624358267334e-05 1.753914757650515025e-05 2.324905402390990694e-03 2.324998884572068367e-03 2.327232341275114764e-03 2.325712209412724319e-03
-1.084999999999999964e+01 1.757225113835127883e-05 1.757225113835127883e-05 1.759919956932281401e-05 1.758123394867512615e-05 2.333781344498120185e-03 2.333876348454517764e-03 2.335550201711578035e-03 2.334402631554738806e-03
-1.083999999999999986e+01 1.761445485563051429e-05 1.761445485563051429e-05 1.764152865170078366e-05 1.762347945432060295e-05 2.342923277906736913e-03 2.343019945318850980e-03 2.344139863504529891e-03 2.343361028910039695e-03
-1.083000000000000007e+01 1.765681559586169255e-05 1.765681559586169594e-05 1.768401222440244133e-05 1.766588113870860881e-05 2.352308774987293960e-03 2.352407190557108223e-03 2.353004593192736804e-03 2.352573519579046618e-03
-1.082000000000000028e+01 1.769933335904482719e-05 1.769933335904482719e-05 1.772666168425495392e-05 1.770844280078153949e-05 2.361898237980192706e-03 2.361998415744323218e-03 2.362129936313916295e-03 2.362008863346144218e-03
-1.081000000000000050e+01 1.774200941149403881e-05 1.774200941149403881e-05 1.776946943337354688e-05 1.775116275212054037e-05 2.371637455209354376e-03 2.371739332344624356e-03 2.371483975402753977e-03 2.371620254318910614e-03
-1.079999999999999893e+01 1.778485008477997796e-05 1.778485008477997796e-05 1.781243800438647501e-05 1.779404605798214477e-05 2.381461731520764184e-03 2.381565171220666969e-03 2.381019429980230952e-03 2.381348777573887368e-03
-1.078999999999999915e+01 1.782784778101786330e-05 1.782784778101786330e-05 1.785556613097960752e-05 1.783708723100511250e-05 2.391300950833712829e-03 2.391405754374057672e-03 2.390677285334148576e-03 2.391127996847306359e-03
-1.077999999999999936e+01 1.787101009809247617e-05 1.787101009809247956e-05 1.789885887840947094e-05 1.788029302486480437e-05 2.401084863300127943e-03 2.401190789681616634e-03 2.400391429872106210e-03 2.400889027617950696e-03
-1.076999999999999957e+01 1.791433450337554821e-05 1.791433450337554821e-05 1.794231118141953536e-05 1.792366006272354506e-05 2.410747979846218896e-03 2.410854769941357233e-03 2.410093687304465816e-03 2.410565479030680937e-03
-1.075999999999999979e+01 1.795781973055296220e-05 1.795781973055296220e-05 1.798593190420871626e-05 1.796719045510487909e-05 2.420233632966418361e-03 2.420341034419306713e-03 2.419718653924189059e-03 2.420097773769971667e-03
-1.075000000000000000e+01 1.800147337750948251e-05 1.800147337750948251e-05 1.802971851414874192e-05 1.801088842305590570e-05 2.429496965554422613e-03 2.429604754607807369e-03 2.429207872698688989e-03 2.429436530953639657e-03
-1.074000000000000021e+01 1.804529037898859955e-05 1.804529037898859955e-05 1.807366721229723691e-05 1.805474932342481539e-05 2.438506776239985491e-03 2.438614773364903773e-03 2.438513049238734843e-03 2.438544866281208180e-03
-1.073000000000000043e+01 1.808927200130444073e-05 1.808927200130443734e-05 1.811778812916722381e-05 1.809877737725870063e-05 2.447246255207646392e-03 2.447354333016080533e-03 2.447598185299972029e-03 2.447399591174566607e-03
-1.072000000000000064e+01 1.813342330971351563e-05 1.813342330971351563e-05 1.816207366687394161e-05 1.814297342876698869e-05 2.455712696683470548e-03 2.455820780024524190e-03 2.456440635855581135e-03 2.455991370854525291e-03
-1.070999999999999908e+01 1.817773923895931465e-05 1.817773923895931465e-05 1.820652509173149739e-05 1.818733452321670777e-05 2.463916299696642092e-03 2.464024359296832292e-03 2.465031171680648336e-03 2.464323943558040762e-03
-1.069999999999999929e+01 1.822222485429834740e-05 1.822222485429834740e-05 1.825114873531055861e-05 1.823186614796908447e-05 2.471878196372350074e-03 2.471986237942889585e-03 2.473373162293369346e-03 2.472412532202869235e-03
-1.068999999999999950e+01 1.826688395467300960e-05 1.826688395467300960e-05 1.829594079866872277e-05 1.827656956933824619e-05 2.479627888492939684e-03 2.479735939751179924e-03 2.481481007786701196e-03 2.480281612010273168e-03
-1.067999999999999972e+01 1.831170767588438916e-05 1.831170767588438916e-05 1.834090508074838561e-05 1.832144014417239023e-05 2.487200322360106231e-03 2.487308420037386090e-03 2.489377967134932118e-03 2.487962236510808146e-03
-1.066999999999999993e+01 1.835670488213139817e-05 1.835670488213139817e-05 1.838604284786367113e-05 1.836648420404215357e-05 2.494632872330826596e-03 2.494741050727091770e-03 2.497093565480936091e-03 2.495489162846285108e-03
-1.066000000000000014e+01 1.840187557341402649e-05 1.840187557341402649e-05 1.843135410001457594e-05 1.841170174894754297e-05 2.501962512100019877e-03 2.502070794105581541e-03 2.504660805470947885e-03 2.502898037225516001e-03
-1.065000000000000036e+01 1.844721721710402269e-05 1.844721721710402269e-05 1.847683630457285203e-05 1.845709024626029687e-05 2.509223422668868317e-03 2.509331813471778281e-03 2.512113442720043197e-03 2.510222892953562976e-03
-1.064000000000000057e+01 1.849273614477202376e-05 1.849273614477202715e-05 1.852249832573739456e-05 1.850265687176048295e-05 2.516445217413569319e-03 2.516553701062344828e-03 2.519483587892856671e-03 2.517494168789589839e-03
-1.062999999999999901e+01 1.853842602484739949e-05 1.853842602484739949e-05 1.856833003299517080e-05 1.854839402756332326e-05 2.523651872825291229e-03 2.523760411787876693e-03 2.526799858534311931e-03 2.524737381049160095e-03
-1.061999999999999922e+01 1.858429445521490411e-05 1.858429445521490411e-05 1.861434155685921349e-05 1.859431015576300611e-05 2.530861361018348597e-03 2.530969898509586712e-03 2.534086223379147275e-03 2.531972494302360717e-03
-1.060999999999999943e+01 1.863033763693216219e-05 1.863033763693216219e-05 1.866053036470126782e-05 1.864040187952186633e-05 2.538085902257149456e-03 2.538194367240911419e-03 2.541361577169185936e-03 2.539213948889082126e-03
-1.059999999999999964e+01 1.867655936894156271e-05 1.867655936894155932e-05 1.870689772283546119e-05 1.868667215357286559e-05 2.545332704358132993e-03 2.545441018829923147e-03 2.548639976432915538e-03 2.546471233206990415e-03
-1.058999999999999986e+01 1.872295838492897148e-05 1.872295838492896809e-05 1.875344236494766282e-05 1.873311971160186972e-05 2.552605031304520499e-03 2.552713119158850179e-03 2.555931380444009630e-03 2.553749843635793292e-03
-1.058000000000000007e+01 1.876953848383677408e-05 1.876953848383677408e-05 1.880017062260851647e-05 1.877974919676068483e-05 2.559903440703724473e-03 2.560011236980516865e-03 2.563242690687112402e-03 2.561052456123784436e-03
-1.057000000000000028e+01 1.881630219829322532e-05 1.881630219829322532e-05 1.884707869687562978e-05 1.882656103115402794e-05 2.567227039269332628e-03 2.567334498626459242e-03 2.570578871238381365e-03 2.568380136378057600e-03
-1.056000000000000050e+01 1.886324446304182237e-05 1.886324446304182237e-05 1.889417291931966346e-05 1.887355394846776827e-05 2.574574622614852950e-03 2.574681725580311650e-03 2.577943955248765146e-03 2.575733434481310060e-03
-1.054999999999999893e+01 1.891036781071080987e-05 1.891036781071080987e-05 1.894144695836995679e-05 1.892072752659719218e-05 2.581945587013698487e-03 2.582052343089216370e-03 2.585341789258968626e-03 2.583113239787294783e-03
-1.053999999999999915e+01 1.895767477392844600e-05 1.895767477392844600e-05 1.898890208034065074e-05 1.896808387606584758e-05 2.589340525582500135e-03 2.589446972885917249e-03 2.592776425437010469e-03 2.590521307968475951e-03
-1.052999999999999936e+01 1.900516788532299572e-05 1.900516788532299572e-05 1.903654588311650629e-05 1.901562721792083370e-05 2.596761459707242273e-03 2.596867661356600226e-03 2.600252134854243603e-03 2.597960418639362178e-03
-1.051999999999999957e+01 1.905284461226620422e-05 1.905284461226620422e-05 1.908437456775514463e-05 1.906335459742918210e-05 2.604211699323293223e-03 2.604317737143866437e-03 2.607773077326203462e-03 2.605434171264454229e-03
-1.050999999999999979e+01 1.910070875370044015e-05 1.910070875370044015e-05 1.913239446582721293e-05 1.911127065774269887e-05 2.611695375676775094e-03 2.611801342650677763e-03 2.615342716040162160e-03 2.612946478122538628e-03
-1.050000000000000000e+01 1.914876157593985124e-05 1.914876157593985124e-05 1.918059671313379567e-05 1.915937328833783272e-05 2.619216739511886789e-03 2.619322732156987698e-03 2.622963115888754613e-03 2.620500862519209700e-03
-1.049000000000000021e+01 1.919699928004203496e-05 1.919699928004203496e-05 1.922899397281619394e-05 1.920766417763342129e-05 2.626779353419554132e-03 2.626885465068568536e-03 2.630634283939099413e-03 2.628099700809074027e-03
-1.048000000000000043e+01 1.924543073020591020e-05 1.924543073020591020e-05 1.927757738067550241e-05 1.925614628036244319e-05 2.634385327967280442e-03 2.634491643510861875e-03 2.638353709321686856e-03 2.635743560266609869e-03
-1.047000000000000064e+01 1.929404579591843067e-05 1.929404579591843067e-05 1.932635326828236483e-05 1.930481495337307539e-05 2.642034740357780860e-03 2.642141332737018254e-03 2.646116226023012812e-03 2.643430766372604265e-03
-1.045999999999999908e+01 1.934285840663502485e-05 1.934285840663502485e-05 1.937532036932264703e-05 1.935367906086422999e-05 2.649725343044470344e-03 2.649832271451084669e-03 2.653914261633919230e-03 2.651157292043157792e-03
-1.044999999999999929e+01 1.939185843184264985e-05 1.939185843184265323e-05 1.942448248273873798e-05 1.940273311547468035e-05 2.657452617501557951e-03 2.657559926994863559e-03 2.661738459667787205e-03 2.658917001388069572e-03
-1.043999999999999950e+01 1.944105726836847594e-05 1.944105726836848271e-05 1.947383580958826226e-05 1.945198344877507364e-05 2.665210170858456611e-03 2.665317892953687502e-03 2.669578592218438060e-03 2.666702218676860869e-03
-1.042999999999999972e+01 1.949044858464185598e-05 1.949044858464185598e-05 1.952338921407010487e-05 1.950142879445127567e-05 2.672990417078727546e-03 2.673098570956799688e-03 2.677424626160925056e-03 2.674504538065484386e-03
-1.041999999999999993e+01 1.954003491329104478e-05 1.954003491329104478e-05 1.957313889724188362e-05 1.955106957460798993e-05 2.680785443242936043e-03 2.680894037297355814e-03 2.685267785538212031e-03 2.682315755359501296e-03
-1.041000000000000014e+01 1.958981878694430049e-05 1.958981878694429711e-05 1.962308232647535050e-05 1.960090663345464711e-05 2.688587938495507965e-03 2.688696972036946561e-03 2.693101462825215047e-03 2.690128791119223046e-03
-1.040000000000000036e+01 1.963980020560161975e-05 1.963980020560162314e-05 1.967322963228352467e-05 1.965094334782891913e-05 2.696392059246324573e-03 2.696501524241245052e-03 2.700921865131059463e-03 2.697938482872876652e-03
-1.039000000000000057e+01 1.968997663663475792e-05 1.968997663663475792e-05 1.972357068415338019e-05 1.970117465247429980e-05 2.704194116256958096e-03 2.704303999083379744e-03 2.708728329344706979e-03 2.705742148228348128e-03
-1.037999999999999901e+01 1.974035821055672739e-05 1.974035821055672739e-05 1.977411561259794978e-05 1.975161067790380152e-05 2.711992993958131822e-03 2.712103277118683466e-03 2.716523287500862728e-03 2.713539852859226005e-03
-1.036999999999999922e+01 1.979093732948276717e-05 1.979093732948276717e-05 1.982486568393135068e-05 1.980224678096562834e-05 2.719790245159075907e-03 2.719900908877644942e-03 2.724311904610522000e-03 2.721334352882413994e-03
-1.035999999999999943e+01 1.984172159129764503e-05 1.984172159129764503e-05 1.987581203395469788e-05 1.985308507218333158e-05 2.727589843916472176e-03 2.727700867508951830e-03 2.732101442406779847e-03 2.729130717944068096e-03
-1.034999999999999964e+01 1.989270339811659321e-05 1.989270339811659321e-05 1.992696479318101056e-05 1.990412386313806679e-05 2.735397623310295394e-03 2.735508986163331761e-03 2.739900424954310864e-03 2.736935678142646006e-03
-1.033999999999999986e+01 1.994389541308089244e-05 1.994389541308089244e-05 1.997832269529616471e-05 1.995537117381931879e-05 2.743220470265219767e-03 2.743332152379524165e-03 2.747717699462328550e-03 2.744756774035690683e-03
-1.033000000000000007e+01 1.999529003830577834e-05 1.999529003830577834e-05 2.002988700661428772e-05 2.000682236107528147e-05 2.751065390004545173e-03 2.751177372089069675e-03 2.755561498038992981e-03 2.752601420044202898e-03
-1.032000000000000028e+01 2.004688854010537154e-05 2.004688854010537154e-05 2.008166152607775840e-05 2.005847953542950275e-05 2.758938582379654759e-03 2.759050845641961274e-03 2.763438613462274474e-03 2.760476013827963503e-03
-1.031000000000000050e+01 2.009869851636444319e-05 2.009869851636444319e-05 2.013364498737244934e-05 2.011034734003377857e-05 2.766844681204895517e-03 2.766957206962166165e-03 2.771353799241830108e-03 2.768385229136297553e-03
-1.029999999999999893e+01 2.015071490182648709e-05 2.015071490182649048e-05 2.018583105892773373e-05 2.016242028752689925e-05 2.774786289997476993e-03 2.774899059400280209e-03 2.779309484817732174e-03 2.776331611405163415e-03
-1.028999999999999915e+01 2.020294529437627440e-05 2.020294529437627440e-05 2.023823240388488554e-05 2.021470766421247698e-05 2.782763900983537941e-03 2.782876894897251020e-03 2.787305857406350250e-03 2.784315551095712781e-03
-1.027999999999999936e+01 2.025538082981489301e-05 2.025538082981489301e-05 2.029085028855802877e-05 2.026720398272927498e-05 2.790776213966107006e-03 2.790889413217732123e-03 2.795341303886633537e-03 2.792335643690157555e-03
-1.026999999999999957e+01 2.030803163865538581e-05 2.030803163865538581e-05 2.034367711506240243e-05 2.031991346412439248e-05 2.798820790595612888e-03 2.798934176489819604e-03 2.803413136459454672e-03 2.800389367848295577e-03
-1.025999999999999979e+01 2.036089392195535705e-05 2.036089392195535705e-05 2.039671794865451611e-05 2.037283526418841233e-05 2.806894904946404153e-03 2.807008459836303309e-03 2.811518461297778017e-03 2.808473942026828638e-03
-1.025000000000000000e+01 2.041397527759958807e-05 2.041397527759958807e-05 2.044997658827675538e-05 2.042597571449197491e-05 2.814996404002415020e-03 2.815110111693842551e-03 2.819655008612877677e-03 2.816587174769711894e-03
-1.024000000000000021e+01 2.046726937401742831e-05 2.046726937401742831e-05 2.050344796867260050e-05 2.047932890556915012e-05 2.823124385201689762e-03 2.823238231033825367e-03 2.827821740126223657e-03 2.824728118787246840e-03
-1.023000000000000043e+01 2.052077874383713258e-05 2.052077874383712920e-05 2.055713842141270538e-05 2.053289863636232352e-05 2.831279537500015330e-03 2.831393508073595973e-03 2.836019094475635601e-03 2.832897380016415490e-03
-1.022000000000000064e+01 2.057450845231522402e-05 2.057450845231522402e-05 2.061105174543944544e-05 2.058668955002329782e-05 2.839464069911192164e-03 2.839578152639307598e-03 2.844248814233068298e-03 2.841097012261189353e-03
-1.020999999999999908e+01 2.062845723313757183e-05 2.062845723313756844e-05 2.066518287549631448e-05 2.064069911392382164e-05 2.847681247448693390e-03 2.847795430222848419e-03 2.852513400182843124e-03 2.849330025951461644e-03
-1.019999999999999929e+01 2.068262635261829325e-05 2.068262635261829325e-05 2.071953814315394949e-05 2.069493028279684646e-05 2.855934645062412850e-03 2.856048916374540839e-03 2.860815331672515033e-03 2.857599631036489285e-03
-1.018999999999999950e+01 2.073701581075740522e-05 2.073701581075740522e-05 2.077411501578409905e-05 2.074938221243297209e-05 2.864227291237369296e-03 2.864341640927796796e-03 2.869156248225004230e-03 2.865908393463390252e-03
-1.017999999999999972e+01 2.079162940649728316e-05 2.079162940649728316e-05 2.082891602601502135e-05 2.080405827966986030e-05 2.872560890170225423e-03 2.872675310836049489e-03 2.877536291396859316e-03 2.874257497467710976e-03
-1.016999999999999993e+01 2.084646967246618862e-05 2.084646967246618862e-05 2.088393864121844466e-05 2.085895932871694515e-05 2.880935283161788554e-03 2.881049771980416334e-03 2.885953757450710356e-03 2.882646270864305370e-03
-1.016000000000000014e+01 2.090153154340760865e-05 2.090153154340760865e-05 2.093919552453567343e-05 2.091408620378363024e-05 2.889348245683064521e-03 2.889462806225623782e-03 2.894405125525010159e-03 2.891072059144566154e-03
-1.015000000000000036e+01 2.095682388352043161e-05 2.095682388352043161e-05 2.099467274651128259e-05 2.096944017118404973e-05 2.897795637633852287e-03 2.897910281188250271e-03 2.902885430185350897e-03 2.899530449669151296e-03
-1.014000000000000057e+01 2.101234162754816149e-05 2.101234162754816149e-05 2.105038550291481783e-05 2.102502291933704468e-05 2.906271850457374430e-03 2.906386596422265694e-03 2.911388870124717067e-03 2.908015772334785441e-03
-1.012999999999999901e+01 2.106808857443317370e-05 2.106808857443317370e-05 2.110632113060499502e-05 2.108083275982378419e-05 2.914770444769557243e-03 2.914885319942414448e-03 2.919909505065744048e-03 2.916521756592571624e-03
-1.011999999999999922e+01 2.112406978943198119e-05 2.112406978943198119e-05 2.116249482535135647e-05 2.113687813473843962e-05 2.923284853854400765e-03 2.923399890588700145e-03 2.928441897775252521e-03 2.925042214072784766e-03
-1.010999999999999943e+01 2.118027894097394023e-05 2.118027894097394023e-05 2.121890152189738243e-05 2.119315313461508763e-05 2.931809040048018351e-03 2.931924273559911951e-03 2.936981598035633568e-03 2.933571637214521001e-03
-1.009999999999999964e+01 2.123672489325795953e-05 2.123672489325795953e-05 2.127554375287134464e-05 2.124966451312908903e-05 2.940338022385378947e-03 2.940453487664859006e-03 2.945525422189136568e-03 2.942105644079791218e-03
-1.008999999999999986e+01 2.129340258102751254e-05 2.129340258102751254e-05 2.133241898564496798e-05 2.130640804923333102e-05 2.948868232894329144e-03 2.948983961750430670e-03 2.954071536812501089e-03 2.950641243819087257e-03
-1.008000000000000007e+01 2.135031580322500520e-05 2.135031580322500181e-05 2.138953101916064818e-05 2.136338754187021952e-05 2.957397694119793391e-03 2.957513712846102615e-03 2.962619392162373858e-03 2.959176933042756766e-03
-1.007000000000000028e+01 2.140746835879279934e-05 2.140746835879279934e-05 2.144688111973251603e-05 2.142060594577270603e-05 2.965926035440704864e-03 2.966042363433746536e-03 2.971169565552218839e-03 2.967712654808889790e-03
-1.006000000000000050e+01 2.146485898141677775e-05 2.146485898141677775e-05 2.150447181998881615e-05 2.147806326094078716e-05 2.974454379456546987e-03 2.974571028902311606e-03 2.979723569432973090e-03 2.976249659263943605e-03
-1.004999999999999893e+01 2.152249020372520199e-05 2.152249020372520199e-05 2.156230691887195446e-05 2.153576244210745168e-05 2.982985134529793619e-03 2.983102111057656190e-03 2.988283661882784256e-03 2.984790302490077877e-03
-1.003999999999999915e+01 2.158036329203219606e-05 2.158036329203219606e-05 2.162038135112540104e-05 2.159370264506326213e-05 2.991521728793091004e-03 2.991639032811310456e-03 2.996852678032833374e-03 2.993337813212411033e-03
-1.002999999999999936e+01 2.163847444739536762e-05 2.163847444739536762e-05 2.167870144831979964e-05 2.165188344770351163e-05 3.000068317738187589e-03 3.000185946121343428e-03 3.005433886091387393e-03 3.001896049983639615e-03
-1.001999999999999957e+01 2.169683506664189034e-05 2.169683506664189034e-05 2.173726341151276470e-05 2.171031118159884733e-05 3.008629493146384917e-03 3.008747440935927078e-03 3.014030863690521454e-03 3.010469265924277816e-03
-1.000999999999999979e+01 2.175544008451523091e-05 2.175544008451523091e-05 2.179607610490320830e-05 2.176898542464455558e-05 3.017210015212980385e-03 3.017328277092563849e-03 3.022647387617683878e-03 3.019061893307742848e-03
-1.000000000000000000e+01 2.181429203364366106e-05 2.181429203364366445e-05 2.185513826217698951e-05 2.182790744315477393e-05 3.025814582978197335e-03 3.025933154382579818e-03 3.031287331931080842e-03 3.027678356430619187e-03
-9.990000000000000213e+00 2.187338838139891585e-05 2.187338838139891585e-05 2.191444735070585692e-05 2.188707470450123067e-05 3.034447548987392450e-03 3.034566426788909161e-03 3.039954468951801530e-03 3.036322814909367136e-03
-9.980000000000000426e+00 2.193274179092228956e-05 2.193274179092228956e-05 2.197400590311807209e-05 2.194649649498755153e-05 3.043113079226090600e-03 3.043232262082199574e-03 3.048652671761350325e-03 3.044999337689880022e-03
-9.970000000000000639e+00 2.199234213170074608e-05 2.199234213170074608e-05 2.203382025098426185e-05 2.200616817146191348e-05 3.051814790994576178e-03 3.051934279322532622e-03 3.057385552841977629e-03 3.053711541053028954e-03
-9.959999999999999076e+00 2.205219446899079160e-05 2.205219446899079499e-05 2.209388912799030896e-05 2.206609268865730191e-05 3.060555803709964860e-03 3.060675599535464791e-03 3.066156479707863279e-03 3.062462627651097932e-03
-9.949999999999999289e+00 2.211230386804895605e-05 2.211230386804895605e-05 2.215421253413621681e-05 2.212627342341137856e-05 3.069338749732792356e-03 3.069458856487154805e-03 3.074968521525129044e-03 3.071255375915025836e-03
-9.939999999999999503e+00 2.217266652993285045e-05 2.217266652993285045e-05 2.221479173573610264e-05 2.218670826520060231e-05 3.078165834089446277e-03 3.078286256407215295e-03 3.083824424961590857e-03 3.080092171819417187e-03
-9.929999999999999716e+00 2.223328625358485700e-05 2.223328625358485700e-05 2.227562799910411416e-05 2.224740016875794498e-05 3.087038942004072251e-03 3.087159685557434950e-03 3.092726630327444388e-03 3.088975085962984007e-03
-9.919999999999999929e+00 2.229416683794736126e-05 2.229416683794736126e-05 2.233673145475326038e-05 2.230835504354932312e-05 3.095959788556429913e-03 3.096080859974869714e-03 3.101677338003671659e-03 3.097905995511657240e-03
-9.910000000000000142e+00 2.235530575039211524e-05 2.235530575039211524e-05 2.239809070585638796e-05 2.236956740221354061e-05 3.104930095836139908e-03 3.105051502632214227e-03 3.110678629152106248e-03 3.106886742540153606e-03
-9.900000000000000355e+00 2.241670678986149094e-05 2.241670678986149094e-05 2.245971081767002004e-05 2.243104146579766957e-05 3.113951774926220200e-03 3.114073525394332395e-03 3.119732634738903426e-03 3.115919311686486063e-03
-9.890000000000000568e+00 2.247837248898374994e-05 2.247837248898375671e-05 2.252160065439305517e-05 2.249278187745351948e-05 3.123027085270989496e-03 3.123149188238774372e-03 3.128841735426760983e-03 3.125006002978841617e-03
-9.879999999999999005e+00 2.254030158144477162e-05 2.254030158144477162e-05 2.258375261814070864e-05 2.255478526034341503e-05 3.132158747123268971e-03 3.132281211547191871e-03 3.138008763932701242e-03 3.134149574201054028e-03
-9.869999999999999218e+00 2.260249280093041502e-05 2.260249280093041502e-05 2.264617683942602333e-05 2.261705414709561779e-05 3.141349991836675168e-03 3.141472826248972641e-03 3.147237174815452256e-03 3.143353330967033499e-03
-9.859999999999999432e+00 2.266495881058197784e-05 2.266495881058197784e-05 2.270886825299247951e-05 2.267959529138547839e-05 3.150604550266002460e-03 3.150727762065436231e-03 3.156531147984772186e-03 3.152621153438736525e-03
-9.849999999999999645e+00 2.272769201251468213e-05 2.272769201251468213e-05 2.277183065778246612e-05 2.274240489427060787e-05 3.159926593610610721e-03 3.160050188373122407e-03 3.165895597733372081e-03 3.161957459905701592e-03
-9.839999999999999858e+00 2.279069620567091348e-05 2.279069620567091009e-05 2.283506405379598318e-05 2.280548548837927117e-05 3.169320649711662718e-03 3.169444630562102093e-03 3.175336068668429407e-03 3.171367116314065173e-03
-9.830000000000000071e+00 2.285397265636480266e-05 2.285397265636480266e-05 2.289857223997541626e-05 2.286883918423500607e-05 3.178791516451120840e-03 3.178915883576330630e-03 3.184858512360060675e-03 3.180855304129170426e-03
-9.820000000000000284e+00 2.291752263091047370e-05 2.291752263091047370e-05 2.296235648263488598e-05 2.293246724815193994e-05 3.188344182804875478e-03 3.188468933215756265e-03 3.194468949347807618e-03 3.190427355122812687e-03
-9.810000000000000497e+00 2.298134866193619154e-05 2.298134866193619154e-05 2.302641931440266068e-05 2.299637221275834792e-05 3.197983751571332241e-03 3.198108879169221652e-03 3.204173032114098103e-03 3.200088554284883854e-03
-9.799999999999998934e+00 2.304545454838433498e-05 2.304545454838434175e-05 2.309076326790698500e-05 2.306055745489188837e-05 3.207715344212031146e-03 3.207840840180997688e-03 3.213975538196323003e-03 3.209843907529783512e-03
-9.789999999999999147e+00 2.310983649131252522e-05 2.310983649131252522e-05 2.315538327789135950e-05 2.312501875350546885e-05 3.217543963614307063e-03 3.217669817214037584e-03 3.223879841305900620e-03 3.219697874044748567e-03
-9.779999999999999361e+00 2.317449955597727186e-05 2.317449955597727186e-05 2.322028820855467259e-05 2.318976244016973651e-05 3.227474298834952151e-03 3.227600498702550783e-03 3.233887431523932432e-03 3.229654076353811500e-03
-9.769999999999999574e+00 2.323944627500683306e-05 2.323944627500683306e-05 2.328547552726867962e-05 2.325478935909411525e-05 3.237510473925801248e-03 3.237637010017494453e-03 3.243997577198185715e-03 3.239715020380493516e-03
-9.759999999999999787e+00 2.330467791471533284e-05 2.330467791471533284e-05 2.335094903297574585e-05 2.332010162080213605e-05 3.247655762435290583e-03 3.247782628795607869e-03 3.254207229006383581e-03 3.249881873412427489e-03
-9.750000000000000000e+00 2.337019574141691554e-05 2.337019574141691554e-05 2.341671125830415657e-05 2.338570091371266029e-05 3.257912300254055954e-03 3.258039498660082744e-03 3.264511247520739470e-03 3.260154348811625767e-03
-9.740000000000000213e+00 2.343599722248330603e-05 2.343599722248330603e-05 2.348275967062562987e-05 2.345158470519741284e-05 3.268280825511489171e-03 3.268408369779769295e-03 3.274902980325613330e-03 3.270530725205624076e-03
-9.730000000000000426e+00 2.350209375474167120e-05 2.350209375474167120e-05 2.354910313413908124e-05 2.351776354787414347e-05 3.278760456034882954e-03 3.278888376394983525e-03 3.285375127568296739e-03 3.281007986666054262e-03
-9.720000000000000639e+00 2.356847774030723314e-05 2.356847774030723314e-05 2.361573658358799094e-05 2.358423068806748461e-05 3.289348492118276783e-03 3.289476838714787237e-03 3.295920736128195652e-03 3.291582022320419746e-03
-9.709999999999999076e+00 2.363515677706477314e-05 2.363515677706476975e-05 2.368266635054299256e-05 2.365099330155751069e-05 3.300040219519814397e-03 3.300169063952152967e-03 3.306534085548743299e-03 3.302247789673569498e-03
-9.699999999999999289e+00 2.370212706607189549e-05 2.370212706607189549e-05 2.374989116868997225e-05 2.371804843361125328e-05 3.310828697368503690e-03 3.310958131364412534e-03 3.317211208926967771e-03 3.312999345886627998e-03
-9.689999999999999503e+00 2.376939493889924731e-05 2.376939493889924731e-05 2.381741357065718482e-05 2.378540114948522535e-05 3.321704550940851510e-03 3.321834681749537537e-03 3.327949853062958999e-03 3.323829695251116160e-03
-9.679999999999999716e+00 2.383696419448921419e-05 2.383696419448921419e-05 2.388523735538701243e-05 2.385305524812181247e-05 3.332655839266615745e-03 3.332786782027021173e-03 3.338748820539106169e-03 3.334730480610914507e-03
-9.669999999999999929e+00 2.390483356652767550e-05 2.390483356652767550e-05 2.395336378919357573e-05 2.392101030741631117e-05 3.343668109939810021e-03 3.343799977949806369e-03 3.349606818592754977e-03 3.345691635494123933e-03
-9.660000000000000142e+00 2.397299798975810472e-05 2.397299798975810472e-05 2.402179033944864024e-05 2.398926210632161543e-05 3.354724763027508265e-03 3.354857657260640162e-03 3.360521108837485459e-03 3.356701176375211440e-03
-9.650000000000000355e+00 2.404147265995005094e-05 2.404147265995005094e-05 2.409052460403695339e-05 2.405782330797901956e-05 3.365807806518830627e-03 3.365941805995008047e-03 3.371486347679404725e-03 3.367745320064414322e-03
-9.640000000000000568e+00 2.411024997921873623e-05 2.411024997921873623e-05 2.415956531664439796e-05 2.412668842502729014e-05 3.376898999534840018e-03 3.377034154046574220e-03 3.382493988971050757e-03 3.378809047517488621e-03
-9.629999999999999005e+00 2.417933501282069049e-05 2.417933501282069049e-05 2.422891627621336292e-05 2.419586210061824684e-05 3.387981269750790694e-03 3.388117596034599232e-03 3.393532484405042873e-03 3.389877116730144555e-03
-9.619999999999999218e+00 2.424873029338415158e-05 2.424873029338415158e-05 2.429857748274383809e-05 2.426534602317071375e-05 3.399040194380587455e-03 3.399177676219288218e-03 3.404588302140207443e-03 3.400935390913361039e-03
-9.609999999999999432e+00 2.431843328828087826e-05 2.431843328828087826e-05 2.436855146886409183e-05 2.433513934847528391e-05 3.410065284687663519e-03 3.410203876709415240e-03 3.415647556903021482e-03 3.411972239433366458e-03
-9.599999999999999645e+00 2.438845286170975891e-05 2.438845286170975891e-05 2.443883823457412073e-05 2.440524798599787726e-05 3.421050833196504545e-03 3.421190467458566815e-03 3.426697877946528227e-03 3.422979726200533340e-03
-9.589999999999999858e+00 2.445878774735667292e-05 2.445878774735667292e-05 2.450944157881630362e-05 2.447567235784321423e-05 3.431996167037937827e-03 3.432136761062144856e-03 3.437730084598202961e-03 3.433954337566095215e-03
-9.580000000000000071e+00 2.452943921153574768e-05 2.452943921153574768e-05 2.458036909947542518e-05 2.454641584084897013e-05 3.442905274921120602e-03 3.443046739771396872e-03 3.448739304603428129e-03 3.444897106431981434e-03
-9.570000000000000284e+00 2.460040725424698319e-05 2.460040725424698319e-05 2.465161573129494874e-05 2.461747674659630730e-05 3.453785902181495757e-03 3.453928149477749395e-03 3.459725329545974577e-03 3.455813127068406432e-03
-9.560000000000000497e+00 2.467169947337514383e-05 2.467169947337514383e-05 2.472318527321728696e-05 2.468886140665585934e-05 3.464648303337881582e-03 3.464791250566387135e-03 3.470692198634933202e-03 3.466710584179733684e-03
-9.549999999999998934e+00 2.474330953734959600e-05 2.474330953734959600e-05 2.479507519261417152e-05 2.476056475577112005e-05 3.475503883344946247e-03 3.475647457329476483e-03 3.481647177054916775e-03 3.477599505909779835e-03
-9.539999999999999147e+00 2.481524757668336905e-05 2.481524757668336227e-05 2.486729182105623260e-05 2.483259565814098797e-05 3.486363945139756091e-03 3.486508083866544060e-03 3.492599403429231739e-03 3.488490477478510630e-03
-9.529999999999999361e+00 2.488751485769058019e-05 2.488751485769058019e-05 2.493984402274239249e-05 2.490495791270784870e-05 3.497238705184685121e-03 3.497383358341598324e-03 3.503558505575379671e-03 3.499393523033887416e-03
-9.519999999999999574e+00 2.496011011405711220e-05 2.496011011405710882e-05 2.501272293347374585e-05 2.497764772052932342e-05 3.508136662417882506e-03 3.508281790981153652e-03 3.514533435013651209e-03 3.510317296137562600e-03
-9.509999999999999787e+00 2.503303334578296170e-05 2.503303334578295831e-05 2.508593235219266131e-05 2.505066634791953275e-05 3.519064330364312428e-03 3.519209905568323592e-03 3.525531676178325288e-03 3.521268637370320725e-03
-9.500000000000000000e+00 2.510628961812463826e-05 2.510628961812463826e-05 2.515947734415567219e-05 2.512401886013498290e-05 3.530026282743705095e-03 3.530172284694141783e-03 3.536558879901437712e-03 3.532252482446429209e-03
-9.490000000000000213e+00 2.517988146371041023e-05 2.517988146371041023e-05 2.523336297461929145e-05 2.519770863401336951e-05 3.541025426448393253e-03 3.541171842573859717e-03 3.547618878781929816e-03 3.543272049268060206e-03
-9.480000000000000426e+00 2.525381268148265979e-05 2.525381268148265979e-05 2.530758417832699257e-05 2.527173651376410631e-05 3.552063402740387316e-03 3.552210226165928523e-03 3.558713981056973313e-03 3.554329203321096239e-03
-9.470000000000000639e+00 2.532808327144137341e-05 2.532808327144137341e-05 2.538214855316355686e-05 2.534610503201543456e-05 3.563141023694397277e-03 3.563288251539482778e-03 3.569845415193251183e-03 3.565424896809043891e-03
-9.459999999999999076e+00 2.540269449990069541e-05 2.540269449990069541e-05 2.545705989807136652e-05 2.542081629929092250e-05 3.574258670114980729e-03 3.574406301737363852e-03 3.581013803977062520e-03 3.576559591943135556e-03
-9.449999999999999289e+00 2.547764636686062579e-05 2.547764636686062579e-05 2.553231061516564700e-05 2.549586778296230178e-05 3.585416604188729553e-03 3.585564639285746587e-03 3.592219575351051752e-03 3.587733606275175964e-03
-9.439999999999999503e+00 2.555294773652004955e-05 2.555294773652004955e-05 2.560790956864530702e-05 2.557126834722847096e-05 3.596615178183312344e-03 3.596763615016805929e-03 3.603463257336414222e-03 3.598947350178844599e-03
-9.429999999999999716e+00 2.562859734256485962e-05 2.562859734256485623e-05 2.568386055745272537e-05 2.564701841419414708e-05 3.607854945084195981e-03 3.608003779144719047e-03 3.614745643791112805e-03 3.610201456006675944e-03
-9.419999999999999929e+00 2.570459518499504584e-05 2.570459518499504584e-05 2.576016358158790884e-05 2.572311798385933012e-05 3.619136694518944319e-03 3.619285917886589949e-03 3.626067849894670011e-03 3.621496820766735049e-03
-9.410000000000000142e+00 2.578094506275299040e-05 2.578094506275299040e-05 2.583682370630736700e-05 2.579957127727111594e-05 3.630461444025132826e-03 3.630611045514031947e-03 3.637431293151333501e-03 3.632834594230166091e-03
-9.400000000000000355e+00 2.585765077478106532e-05 2.585765077478106532e-05 2.591383713266872107e-05 2.587637956074361837e-05 3.641830413957236525e-03 3.641980380023875606e-03 3.648837639211573256e-03 3.644216144397562085e-03
-9.390000000000000568e+00 2.593471105476518048e-05 2.593471105476518048e-05 2.599120892592847383e-05 2.595354367848627487e-05 3.653245003945903777e-03 3.653395320060532150e-03 3.660288743163529670e-03 3.655643022389988821e-03
-9.379999999999999005e+00 2.601213350059007652e-05 2.601213350059007652e-05 2.606894541765727584e-05 2.603107080627914296e-05 3.664706776113224682e-03 3.664857428358713615e-03 3.671786601902711066e-03 3.667116935458216744e-03
-9.369999999999999218e+00 2.608991557962750884e-05 2.608991557962750884e-05 2.614704154259860734e-05 2.610895756728454054e-05 3.676217438391935887e-03 3.676368414963264008e-03 3.683333317626992422e-03 3.678639723660729905e-03
-9.359999999999999432e+00 2.616806235713398701e-05 2.616806235713399378e-05 2.622550743126549766e-05 2.618721071517782841e-05 3.687778815926179982e-03 3.687930108453168175e-03 3.694931062378936041e-03 3.690213328919428066e-03
-9.349999999999999645e+00 2.624657256679538363e-05 2.624657256679538363e-05 2.630433801840144400e-05 2.626582771733073821e-05 3.699392799063021178e-03 3.699544403692295660e-03 3.706582028747666072e-03 3.701839743834327637e-03
-9.339999999999999858e+00 2.632545507281060403e-05 2.632545507281060742e-05 2.638353963557707994e-05 2.634481659373276492e-05 3.711061263864905060e-03 3.711213181959765062e-03 3.718288357080125599e-03 3.713520934301598429e-03
-9.330000000000000071e+00 2.640470607623724908e-05 2.640470607623724908e-05 2.646311734804891847e-05 2.642417650017447786e-05 3.722785971578818857e-03 3.722938209922289042e-03 3.730052038551653817e-03 3.725258740017587094e-03
-9.320000000000000284e+00 2.648433190864597948e-05 2.648433190864597948e-05 2.654306862318870817e-05 2.650391081349355571e-05 3.734568463890150427e-03 3.734721034283463095e-03 3.741874803315419894e-03 3.737054767163011573e-03
-9.310000000000000497e+00 2.656433130372265429e-05 2.656433130372265429e-05 2.662339472731056289e-05 2.658401911158529162e-05 3.746409976630769769e-03 3.746562894912531822e-03 3.753758013328653553e-03 3.748910294957318382e-03
-9.299999999999998934e+00 2.664471059303792064e-05 2.664471059303792064e-05 2.670410832355579387e-05 2.666450983654388064e-05 3.758311394094303055e-03 3.758464678766214664e-03 3.765702584764978739e-03 3.760826219208499542e-03
-9.289999999999999147e+00 2.672546724396352713e-05 2.672546724396352374e-05 2.678519801509722742e-05 2.674537750100808937e-05 3.770273258483842170e-03 3.770426929267010462e-03 3.777708964185854269e-03 3.772803050645568822e-03
-9.279999999999999361e+00 2.680661012069835875e-05 2.680661012069835875e-05 2.686667646507615107e-05 2.682663223549095732e-05 3.782295836061914333e-03 3.782449912597142180e-03 3.789777174714067248e-03 3.784840974457708354e-03
-9.269999999999999574e+00 2.688813542430004350e-05 2.688813542430004350e-05 2.694853987455017924e-05 2.690827024105009213e-05 3.794379227223428942e-03 3.794533727989182932e-03 3.801906935575880518e-03 3.796939963596164275e-03
-9.259999999999999787e+00 2.697004948633921495e-05 2.697004948633921495e-05 2.703079964034647544e-05 2.699029953767496506e-05 3.806523495798985225e-03 3.806678437248052407e-03 3.814097841413725820e-03 3.809099924820254050e-03
-9.250000000000000000e+00 2.705235737207239963e-05 2.705235737207239963e-05 2.711344689826613094e-05 2.707272054747031007e-05 3.818728787937200695e-03 3.818884183753542584e-03 3.826349572729236155e-03 3.821320848139993145e-03
-9.240000000000000213e+00 2.713505401624307441e-05 2.713505401624307441e-05 2.719648671356566551e-05 2.715553158201726918e-05 3.830995414459045442e-03 3.831151274927189175e-03 3.838662098743934967e-03 3.833602929376722906e-03
-9.230000000000000426e+00 2.721814828305013444e-05 2.721814828305013444e-05 2.727993428201461805e-05 2.723874361603829565e-05 3.843323882042555800e-03 3.843480213628813671e-03 3.851035833142875918e-03 3.845946642938082374e-03
-9.220000000000000639e+00 2.730164143880773085e-05 2.730164143880773085e-05 2.736377314152932565e-05 2.732235200638159691e-05 3.855714875325579917e-03 3.855871680523659858e-03 3.863471713626738697e-03 3.858352756491993402e-03
-9.209999999999999076e+00 2.738553601614408792e-05 2.738553601614408792e-05 2.744801975419345461e-05 2.740636392882721015e-05 3.868169207770322509e-03 3.868326485178247027e-03 3.875971194622938182e-03 3.870822295857168950e-03
-9.199999999999999289e+00 2.746982948243097459e-05 2.746982948243097459e-05 2.753266905475048519e-05 2.749077600653747699e-05 3.880687769407606055e-03 3.880845513920503764e-03 3.888536165243480953e-03 3.883356482857197502e-03
-9.189999999999999503e+00 2.755453196818141002e-05 2.755453196818141002e-05 2.761773244002758089e-05 2.757559879213013364e-05 3.893271500554090162e-03 3.893429703414478475e-03 3.901168824557615326e-03 3.895956676175395088e-03
-9.179999999999999716e+00 2.763964220708126681e-05 2.763964220708127020e-05 2.770320611108235953e-05 2.766083017508163557e-05 3.905921411359602764e-03 3.906080059892636132e-03 3.913871556181957451e-03 3.908624342478064437e-03
-9.169999999999999929e+00 2.772516653070118873e-05 2.772516653070118873e-05 2.778908880160068355e-05 2.774647395433435141e-05 3.918638650900791928e-03 3.918797727975781992e-03 3.926646840684886071e-03 3.921361073187154198e-03
-9.160000000000000142e+00 2.781110367272704160e-05 2.781110367272704160e-05 2.787539317472384723e-05 2.783253350672598020e-05 3.931424611541350748e-03 3.931584095093376870e-03 3.939497227180211412e-03 3.934168644604980544e-03
-9.150000000000000355e+00 2.789745616578709716e-05 2.789745616578709716e-05 2.796211416519532743e-05 2.791900883225650838e-05 3.944281040450323648e-03 3.944440903430095936e-03 3.952425359493096611e-03 3.947049101124505688e-03
-9.140000000000000568e+00 2.798423034145197883e-05 2.798423034145197883e-05 2.804925683827164392e-05 2.800590584039186945e-05 3.957210124253851199e-03 3.957370335252539256e-03 3.965434025345970434e-03 3.960004828284120586e-03
-9.129999999999999005e+00 2.807142493340757276e-05 2.807142493340757276e-05 2.813682625920931981e-05 2.809322537534148732e-05 3.970214516317308907e-03 3.970375040960021779e-03 3.978526178451772047e-03 3.973038578576367288e-03
-9.119999999999999218e+00 2.815904753953865012e-05 2.815904753953865012e-05 2.822482369432246558e-05 2.818097292446658861e-05 3.983297285931193012e-03 3.983458088978045035e-03 3.991704880303701894e-03 3.986153418404313024e-03
-9.109999999999999432e+00 2.824709562721694595e-05 2.824709562721694595e-05 2.831325167623935295e-05 2.826914764355774602e-05 3.996461782128641997e-03 3.996622830189730351e-03 4.004973123155419236e-03 3.999352578491264729e-03
-9.099999999999999645e+00 2.833557552801310400e-05 2.833557552801310400e-05 2.840211527021649151e-05 2.835775544208090322e-05 4.009711418011363375e-03 4.009872682618494111e-03 4.018333526422514755e-03 4.012639209017457992e-03
-9.089999999999999858e+00 2.842449104086951662e-05 2.842449104086951662e-05 2.849141194362562985e-05 2.844679800845488770e-05 4.023049391968291054e-03 4.023210852918407930e-03 4.031787937211170868e-03 4.026016060699290529e-03
-9.080000000000000071e+00 2.851384343210030783e-05 2.851384343210030783e-05 2.858115182697978376e-05 2.853627956372680206e-05 4.036478371093383914e-03 4.036640019683128584e-03 4.045337002020611521e-03 4.039485130932375830e-03
-9.070000000000000284e+00 2.860363270170548100e-05 2.860363270170548100e-05 2.867132985502244364e-05 2.862619841947780527e-05 4.050000170476897136e-03 4.050162012144177537e-03 4.058979800678522501e-03 4.053047327766532391e-03
-9.060000000000000497e+00 2.869386644756980731e-05 2.869386644756980731e-05 2.876195995720903120e-05 2.871656428411621301e-05 4.063615469438157206e-03 4.063777525218597100e-03 4.072713637736564453e-03 4.066702210797772631e-03
-9.049999999999998934e+00 2.878454846863566892e-05 2.878454846863566554e-05 2.885303326934063770e-05 2.880737673553732518e-05 4.077323612372972528e-03 4.077485918615716097e-03 4.086534066980585314e-03 4.080447865989758269e-03
-9.039999999999999147e+00 2.887567496596067689e-05 2.887567496596068028e-05 2.894455738930204448e-05 2.889863577374113501e-05 4.091122542701575507e-03 4.091285149021802771e-03 4.100435186082666134e-03 4.094280959268680603e-03
-9.029999999999999361e+00 2.896725480374373653e-05 2.896725480374375008e-05 2.903654244760627747e-05 2.899035068503125130e-05 4.105008910064439874e-03 4.105171875993925308e-03 4.114410187377583704e-03 4.108196991145315717e-03
-9.019999999999999574e+00 2.905929178092725375e-05 2.905929178092725036e-05 2.912897831374030395e-05 2.908252062519827048e-05 4.118978370292815210e-03 4.119141761504595267e-03 4.128452099098445065e-03 4.122190743631952425e-03
-9.009999999999999787e+00 2.915178463119706388e-05 2.915178463119706388e-05 2.922187891715953884e-05 2.917514939318455780e-05 4.133026065306784000e-03 4.133189950320856516e-03 4.142554610223750551e-03 4.136256875283796444e-03
-9.000000000000000000e+00 2.924473588718144544e-05 2.924473588718144544e-05 2.931524552417810953e-05 2.926823909951366793e-05 4.147147231727473481e-03 4.147311679676677666e-03 4.156712851946997231e-03 4.150390587783716126e-03
-8.990000000000000213e+00 2.933815567939342098e-05 2.933815567939341759e-05 2.940907686848188524e-05 2.936179607575623788e-05 4.161337851498421447e-03 4.161502931059912411e-03 4.170924012403577630e-03 4.164588264987303251e-03
-8.980000000000000426e+00 2.943204400783299389e-05 2.943204400783299389e-05 2.950337674901327525e-05 2.945582158822641875e-05 4.175595235111312191e-03 4.175761014207694972e-03 4.185187688754032909e-03 4.178847979357680313e-03
-8.970000000000000639e+00 2.952639960618602999e-05 2.952639960618602999e-05 2.959815782891352982e-05 2.955031901376186553e-05 4.189918427630280953e-03 4.190084973181826961e-03 4.199505925755759456e-03 4.193169775522621878e-03
-8.959999999999999076e+00 2.962123133865143801e-05 2.962123133865143801e-05 2.969340997766964672e-05 2.964529088499083978e-05 4.204308351581680786e-03 4.204475728841548798e-03 4.213882941990896268e-03 4.207555674138041373e-03
-8.949999999999999289e+00 2.971653667260095298e-05 2.971653667260095298e-05 2.978914205948051094e-05 2.974073846822747230e-05 4.218767646491244222e-03 4.218935917599582301e-03 4.228324594523689278e-03 4.222009386204838600e-03
-8.939999999999999503e+00 2.981232320591935283e-05 2.981232320591935283e-05 2.988536167223091057e-05 2.983666936135653762e-05 4.233300222048531208e-03 4.233469443669445921e-03 4.242837670395145817e-03 4.236535778704374894e-03
-8.929999999999999716e+00 2.990859853649140872e-05 2.990859853649140533e-05 2.998206121803605415e-05 2.993308609700629392e-05 4.247910598106143312e-03 4.248080818301334244e-03 4.257429114148161484e-03 4.251140176851879102e-03
-8.919999999999999929e+00 3.000535633274647350e-05 3.000535633274647350e-05 3.007925589266550090e-05 3.002998951938615156e-05 4.262603146489449268e-03 4.262774401359312529e-03 4.272105301093294394e-03 4.265827616314018730e-03
-8.910000000000000142e+00 3.010260799151170052e-05 3.010260799151170052e-05 3.017694696243337145e-05 3.012738764848559196e-05 4.277381368024993531e-03 4.277553678833721784e-03 4.286871448787338279e-03 4.280602165215351487e-03
-8.900000000000000355e+00 3.020034971384472113e-05 3.020034971384472113e-05 3.027513316102553841e-05 3.022527752957166023e-05 4.292247330658988808e-03 4.292420701991676510e-03 4.301731229228764053e-03 4.295466420626476746e-03
-8.890000000000000568e+00 3.029859163025855451e-05 3.029859163025855112e-05 3.037381702107025996e-05 3.032366676052911735e-05 4.307201362387699795e-03 4.307375782232658427e-03 4.316686607454752432e-03 4.310421250691703551e-03
-8.879999999999999005e+00 3.039733374075319049e-05 3.039733374075319049e-05 3.047300867308056882e-05 3.042255871819564880e-05 4.322242044849677368e-03 4.322417486931872700e-03 4.331737896379133680e-03 4.325465809386893137e-03
-8.869999999999999218e+00 3.049657984427102820e-05 3.049657984427102481e-05 3.057270558442820341e-05 3.052195509099008209e-05 4.337366499812134873e-03 4.337542927921846786e-03 4.346883989504483729e-03 4.340597805746155419e-03
-8.859999999999999432e+00 3.059633500606857045e-05 3.059633500606857045e-05 3.067291535299792812e-05 3.062186178837835408e-05 4.352570910734331749e-03 4.352748284245597579e-03 4.362122716724323515e-03 4.355813970568085149e-03
-8.849999999999999645e+00 3.069660049245996836e-05 3.069660049245996836e-05 3.077364051141801129e-05 3.072228049877930923e-05 4.367851184192966287e-03 4.368029463647597581e-03 4.377451264066056433e-03 4.371110637302206767e-03
-8.839999999999999858e+00 3.079737883607345638e-05 3.079737883607345638e-05 3.087488232600258710e-05 3.082321333271649544e-05 4.383203636878807083e-03 4.383382788472275221e-03 4.392866604440870230e-03 4.386484343263984467e-03
-8.830000000000000071e+00 3.089867763479381245e-05 3.089867763479381245e-05 3.097664712832228574e-05 3.092466746596997021e-05 4.398625595638765498e-03 4.398805593713953424e-03 4.408365898345635754e-03 4.401932362566117647e-03
-8.820000000000000284e+00 3.100050068756343230e-05 3.100050068756343230e-05 3.107893745100536202e-05 3.102664627537740887e-05 4.414115820024284292e-03 4.414296647295936314e-03 4.423946835897486426e-03 4.417453101072569589e-03
-8.810000000000000497e+00 3.110284799438230239e-05 3.110284799438230239e-05 3.118176215825073480e-05 3.112915271567177986e-05 4.429674694104973783e-03 4.429856339800549922e-03 4.439607900415552810e-03 4.433046311440359127e-03
-8.799999999999998934e+00 3.120572588682106647e-05 3.120572588682106647e-05 3.128511365217360584e-05 3.123218847527191745e-05 4.445304178945942014e-03 4.445486635444449025e-03 4.455348537395768978e-03 4.448713117262052472e-03
-8.789999999999999147e+00 3.130913943013625446e-05 3.130913943013625446e-05 3.138900332960116235e-05 3.133576072995788590e-05 4.461007558027332148e-03 4.461190816804236521e-03 4.471169212524397918e-03 4.464455862451989152e-03
-8.779999999999999361e+00 3.141308609169959123e-05 3.141308609169959123e-05 3.149343498947576619e-05 3.143986905762498514e-05 4.476789036531477611e-03 4.476973084278199413e-03 4.487071341843999750e-03 4.480277820884558636e-03
-8.769999999999999574e+00 3.151757853465237107e-05 3.151757853465237107e-05 3.159841369705394728e-05 3.154452358878623433e-05 4.492653265384927673e-03 4.492838081122753346e-03 4.503057081481437463e-03 4.496182809329706161e-03
-8.759999999999999787e+00 3.162261422636633920e-05 3.162261422636633920e-05 3.170393945233569884e-05 3.164972263502279241e-05 4.508604853209340242e-03 4.508790407201818638e-03 4.519128977596215645e-03 4.512174746002458464e-03
-8.750000000000000000e+00 3.172819569946975040e-05 3.172819569946975040e-05 3.181001732057753723e-05 3.175546957317234827e-05 4.524647911169870154e-03 4.524834166248809138e-03 4.535289501600840364e-03 4.528257193006505685e-03
-8.740000000000000213e+00 3.183433308447563062e-05 3.183433308447563062e-05 3.191665489966422683e-05 3.186177368953850054e-05 4.540785656590033519e-03 4.540972572021431848e-03 4.551540526171985943e-03 4.544432918261150436e-03
-8.730000000000000426e+00 3.194102764769811404e-05 3.194102764769811404e-05 3.202385218959578797e-05 3.196863582833066975e-05 4.557020090472378888e-03 4.557207628025481197e-03 4.567882827428716361e-03 4.560703515308859105e-03
-8.720000000000000639e+00 3.204828318807958961e-05 3.204828318807958961e-05 3.213161172300044833e-05 3.207605936638654477e-05 4.573351765100112411e-03 4.573539896148746085e-03 4.584315715343212014e-03 4.577069125530689592e-03
-8.709999999999999076e+00 3.215610223824829858e-05 3.215610223824829858e-05 3.223994236407713357e-05 3.218404894685790798e-05 4.589779665955142154e-03 4.589968377949257654e-03 4.600836887428896502e-03 4.593528310444431814e-03
-8.699999999999999289e+00 3.226448986346077086e-05 3.226448986346076408e-05 3.234884284651170274e-05 3.229260752447774815e-05 4.606301239433720392e-03 4.606490540000639233e-03 4.617442567384563192e-03 4.610078115606307606e-03
-8.689999999999999503e+00 3.237345239528765020e-05 3.237345239528765020e-05 3.245832709975957076e-05 3.240174396344495705e-05 4.622912593215340420e-03 4.623102510650678454e-03 4.634127933641045589e-03 4.626714345835688733e-03
-8.679999999999999716e+00 3.248299110004304369e-05 3.248299110004304369e-05 3.256838752593597323e-05 3.251145657534068009e-05 4.639608875472832177e-03 4.639799455527580073e-03 4.650887777223260827e-03 4.643432036074557692e-03
-8.669999999999999929e+00 3.259311484192588373e-05 3.259311484192588373e-05 3.267903552186806352e-05 3.262175506857327700e-05 4.656384805432766012e-03 4.656576105348769583e-03 4.667717272627778906e-03 4.660226061136437878e-03
-8.660000000000000142e+00 3.270382108830788168e-05 3.270382108830788168e-05 3.279027108755584160e-05 3.273263775472386606e-05 4.673235290663300262e-03 4.673427372058970401e-03 4.684612716403670218e-03 4.677091793041979716e-03
-8.650000000000000355e+00 3.281511743707384254e-05 3.281511743707384254e-05 3.290210435351233344e-05 3.284411307588667284e-05 4.690156039268990849e-03 4.690348961434921693e-03 4.701572094348125883e-03 4.694025698350680342e-03
-8.640000000000000568e+00 3.292701021979437621e-05 3.292701021979437621e-05 3.301453152079516362e-05 3.295618398679464546e-05 4.707144068410411795e-03 4.707337883125453648e-03 4.718595377808870034e-03 4.711025776448244870e-03
-8.629999999999999005e+00 3.303950070278363041e-05 3.303950070278363041e-05 3.312756905148798829e-05 3.306885681901842089e-05 4.724198027900677194e-03 4.724392776183039717e-03 4.735684510305870031e-03 4.728091771463195647e-03
-8.619999999999999218e+00 3.315259141866986671e-05 3.315259141866986671e-05 3.324120554876366766e-05 3.318212946203445799e-05 4.741318294158932030e-03 4.741514004879816661e-03 4.752843109629914173e-03 4.745225136222887621e-03
-8.609999999999999432e+00 3.326629503059435906e-05 3.326629503059435906e-05 3.335546000733411267e-05 3.329601668950760574e-05 4.758506835613783917e-03 4.758703525733561264e-03 4.770075961792291999e-03 4.762428774379877904e-03
-8.599999999999999645e+00 3.338060773961472528e-05 3.338060773961472528e-05 3.347032609562869312e-05 3.341051385828604789e-05 4.775766891721802167e-03 4.775964567984667709e-03 4.787388410681096829e-03 4.779706623462521946e-03
-8.589999999999999858e+00 3.349553714361573652e-05 3.349553714361573652e-05 3.358581774310281714e-05 3.352563067677809673e-05 4.793102534976887048e-03 4.793301196840240967e-03 4.804785748556307003e-03 4.797063160124478629e-03
-8.580000000000000071e+00 3.361108957416804332e-05 3.361108957416804332e-05 3.370192988449998193e-05 3.364136967761202060e-05 4.810518193878369694e-03 4.810717836957636821e-03 4.822272693395442469e-03 4.814502908077149083e-03
-8.570000000000000284e+00 3.372726756389989370e-05 3.372726756389989370e-05 3.381867898190384363e-05 3.375773803656787701e-05 4.828018205870983348e-03 4.828218824955743047e-03 4.839853007852447722e-03 4.832030012893058328e-03
-8.560000000000000497e+00 3.384407364543954243e-05 3.384407364543954243e-05 3.393605997005790621e-05 3.387473575364566595e-05 4.845606449436420937e-03 4.845808040025817789e-03 4.857529281596014055e-03 4.849647923686083682e-03
-8.549999999999998934e+00 3.396151668298590164e-05 3.396151668298590164e-05 3.405408044684691372e-05 3.399237127093957233e-05 4.863286081523263485e-03 4.863488639284358102e-03 4.875302871108474177e-03 4.867359197305365544e-03
-8.539999999999999147e+00 3.407959794285309870e-05 3.407959794285309193e-05 3.417274674384154380e-05 3.411064754318257814e-05 4.881059386364220223e-03 4.881262904978574645e-03 4.893173974282360311e-03 4.885165421875052594e-03
-8.529999999999999361e+00 3.419832502292588446e-05 3.419832502292588446e-05 3.429206012735589674e-05 3.422957005773588629e-05 4.898927729314382293e-03 4.899132197724379023e-03 4.911141808984290959e-03 4.903067245341017136e-03
-8.519999999999999574e+00 3.431770425477492976e-05 3.431770425477492976e-05 3.441202946158888464e-05 3.434914599037958139e-05 4.916891603583413775e-03 4.917097004038343058e-03 4.929204864889977743e-03 4.921064490837245148e-03
-8.509999999999999787e+00 3.443773563840023461e-05 3.443773563840023461e-05 3.453265981179703064e-05 3.446937702953249770e-05 4.934950757042890629e-03 4.935157064733053899e-03 4.947361201383660562e-03 4.939156341053202275e-03
-8.500000000000000000e+00 3.455842677168654306e-05 3.455842677168654306e-05 3.465395117798031441e-05 3.459026824045113803e-05 4.953104386146814885e-03 4.953311570336700782e-03 4.965608768139452046e-03 4.957341574874322282e-03
-8.490000000000000213e+00 3.467978018726213701e-05 3.467978018726213701e-05 3.477591242433764805e-05 3.471182426628730510e-05 4.971351381987340785e-03 4.971559407974726445e-03 4.983945726589590619e-03 4.975618838850553484e-03
-8.480000000000000426e+00 3.480180728195415624e-05 3.480180728195415624e-05 3.489854861612554793e-05 3.483405439334462465e-05 4.989690608873090585e-03 4.989899439957012559e-03 5.002370750747690484e-03 4.993986933192598454e-03
-8.470000000000000639e+00 3.492450425682023211e-05 3.492450425682023211e-05 3.502186608491466457e-05 3.495695819951838304e-05 5.008121190367353752e-03 5.008330789551935190e-03 5.020883284373112154e-03 5.012445088097466743e-03
-8.459999999999999076e+00 3.504788377500164538e-05 3.504788377500164538e-05 3.514586609701909827e-05 3.508054454900746527e-05 5.026642773601819325e-03 5.026853105389548181e-03 5.039483731512148582e-03 5.030993203501170873e-03
-8.449999999999999289e+00 3.517194963544077822e-05 3.517194963544077822e-05 3.527055878295191563e-05 3.520481935127782176e-05 5.045255743532559532e-03 5.045466776206404026e-03 5.058173560353956821e-03 5.049632026697639837e-03
-8.439999999999999503e+00 3.529670437076589220e-05 3.529670437076589220e-05 3.539594161008482797e-05 3.532978345053887982e-05 5.063961364167889057e-03 5.064173072759267299e-03 5.076955306453626547e-03 5.068363247793594012e-03
-8.429999999999999716e+00 3.542215304623349013e-05 3.542215304623349691e-05 3.552202850787326377e-05 3.545544486678009038e-05 5.082761832905557768e-03 5.082974202278785388e-03 5.095832471086626965e-03 5.087189502090323084e-03
-8.419999999999999929e+00 3.554830325972836350e-05 3.554830325972835672e-05 3.564881694368896145e-05 3.558180782104855604e-05 5.101660243485676115e-03 5.101873270597507767e-03 5.114809321473009346e-03 5.106114278518730787e-03
-8.410000000000000142e+00 3.567515881019288771e-05 3.567515881019288771e-05 3.577632337961561104e-05 3.570888033333379549e-05 5.120660460765392823e-03 5.120874155238060339e-03 5.133890611845904131e-03 5.125141742616452431e-03
-8.400000000000000355e+00 3.580272729551182715e-05 3.580272729551182715e-05 3.590454275039667585e-05 3.583666578047344338e-05 5.139766915418089895e-03 5.139981298353275309e-03 5.153081254266435492e-03 5.144276489345933276e-03
-8.390000000000000568e+00 3.593101124831345693e-05 3.593101124831345016e-05 3.603348771917344340e-05 3.596517007193345694e-05 5.158984330226708097e-03 5.159199431929626344e-03 5.172385974526782886e-03 5.163523245561039109e-03
-8.379999999999999005e+00 3.606002079911078945e-05 3.606002079911078945e-05 3.616315575331767245e-05 3.609439911717975271e-05 5.178317395236692322e-03 5.178533252298498854e-03 5.191808991204937586e-03 5.182886546246709587e-03
-8.369999999999999218e+00 3.618975468158970409e-05 3.618975468158970409e-05 3.629356204859889175e-05 3.622435713725943331e-05 5.197770416642756748e-03 5.197987068765262848e-03 5.211353753099784089e-03 5.202370412835935140e-03
-8.359999999999999432e+00 3.632022682520561575e-05 3.632022682520561575e-05 3.642470407238885329e-05 3.635505257426669719e-05 5.217346974117835316e-03 5.217564460353054344e-03 5.231022762856834228e-03 5.221978065775907674e-03
-8.349999999999999645e+00 3.645143343101612870e-05 3.645143343101613548e-05 3.655659068888644883e-05 3.648648585030623767e-05 5.237049630020505081e-03 5.237267983958834860e-03 5.250817502726960392e-03 5.241711705568766200e-03
-8.339999999999999858e+00 3.658338716216255078e-05 3.658338716216255078e-05 3.668923202860471789e-05 3.661866878430994208e-05 5.256879736336628715e-03 5.257098980333813239e-03 5.270738464702572935e-03 5.261572393791004963e-03
-8.330000000000000071e+00 3.671609688284376021e-05 3.671609688284376021e-05 3.682262935785776751e-05 3.675160770784843383e-05 5.276837377701060032e-03 5.277057517392912296e-03 5.290785273081656352e-03 5.281560056058542604e-03
-8.320000000000000284e+00 3.684955879411738158e-05 3.684955879411738836e-05 3.695678774190214796e-05 3.688530177671230597e-05 5.296921470571757350e-03 5.297142491710079247e-03 5.310956875888679651e-03 5.301673612723504549e-03
-8.310000000000000497e+00 3.698378302649644084e-05 3.698378302649644084e-05 3.709171604493674421e-05 3.701976069930987755e-05 5.317130012011711711e-03 5.317351881417045796e-03 5.331251774423098090e-03 5.321911222617286066e-03
-8.299999999999998934e+00 3.711877971049397747e-05 3.711877971049397747e-05 3.722741933221804554e-05 3.715499291773533350e-05 5.337460442904895519e-03 5.337683114043119750e-03 5.351668258863701705e-03 5.342270605270572903e-03
-8.289999999999999147e+00 3.725454631348172992e-05 3.725454631348172992e-05 3.736390266900260217e-05 3.729099843198868734e-05 5.357910066522854516e-03 5.358133488378106352e-03 5.372204622386068246e-03 5.362749392429009415e-03
-8.279999999999999361e+00 3.739109676491509277e-05 3.739109676491509277e-05 3.750117491948929912e-05 3.742778948310649263e-05 5.378476452008564349e-03 5.378700578490458808e-03 5.392859334074348761e-03 5.383345454857790639e-03
-8.269999999999999574e+00 3.752843613005060947e-05 3.752843613005060270e-05 3.763923734999225699e-05 3.756536987003115187e-05 5.399157754852917934e-03 5.399382552084205922e-03 5.413631161186620820e-03 5.404057156041248804e-03
-8.259999999999999787e+00 3.766656947414476930e-05 3.766656947414476930e-05 3.777810515628103166e-05 3.770374803485684997e-05 5.419952905204809997e-03 5.420178355155249282e-03 5.434519241238940784e-03 5.424883500532999732e-03
-8.250000000000000000e+00 3.780550186245409537e-05 3.780550186245410215e-05 3.791777580572736831e-05 3.784292651021185528e-05 5.440861644846156468e-03 5.441087745414916257e-03 5.455523110724067384e-03 5.445824166995046414e-03
-8.240000000000000213e+00 3.794524089286338596e-05 3.794524089286338596e-05 3.805825816253015196e-05 3.798291331608563904e-05 5.461884427713549657e-03 5.462111190352429528e-03 5.476642701825420144e-03 5.466879439963799776e-03
-8.230000000000000426e+00 3.808578909800086198e-05 3.808578909800086198e-05 3.819955855826004669e-05 3.812371225142059021e-05 5.483022228863878092e-03 5.483249675005466388e-03 5.497878320178186361e-03 5.488050074682510569e-03
-8.220000000000000639e+00 3.822716547257847501e-05 3.822716547257848179e-05 3.834168965605831968e-05 3.826534020040508538e-05 5.504276325635098534e-03 5.504504482394170090e-03 5.519230616527747227e-03 5.509337141519006151e-03
-8.209999999999999076e+00 3.836935988608318557e-05 3.836935988608318557e-05 3.848464892329672970e-05 3.840778956515436017e-05 5.525648117435804328e-03 5.525877012579649347e-03 5.540700564712612575e-03 5.530741898242689039e-03
-8.199999999999999289e+00 3.851238880059865659e-05 3.851238880059866337e-05 3.862844902311654392e-05 3.855107554143795011e-05 5.547139037361949881e-03 5.547368693692754718e-03 5.562289457047397967e-03 5.552265729367368390e-03
-8.189999999999999503e+00 3.865625601506730413e-05 3.865625601506730413e-05 3.877309628708843322e-05 3.869520277240767823e-05 5.568750583117717222e-03 5.568981013242314121e-03 5.583998926105779477e-03 5.573910174155270562e-03
-8.179999999999999716e+00 3.880097039368799285e-05 3.880097039368799285e-05 3.891859198152649110e-05 3.884017758963415442e-05 5.590484463203948887e-03 5.590715666437845455e-03 5.605830997691377444e-03 5.595677042444389439e-03
-8.169999999999999929e+00 3.894653573540313884e-05 3.894653573540313884e-05 3.906495130220028698e-05 3.898600759100218370e-05 5.612342824160228109e-03 5.612574787230013330e-03 5.627788173928502564e-03 5.617568595106247134e-03
-8.160000000000000142e+00 3.909296596966813667e-05 3.909296596966813667e-05 3.921217931436632366e-05 3.913270375123419900e-05 5.634328501571966331e-03 5.634561203394059144e-03 5.649873534946593667e-03 5.639587746637539714e-03
-8.150000000000000355e+00 3.924026236279712728e-05 3.924026236279712728e-05 3.936027475171048731e-05 3.928026649243491396e-05 5.656445224955902393e-03 5.656678644032565179e-03 5.672090836080995527e-03 5.661738235023154077e-03
-8.140000000000000568e+00 3.938842744741835871e-05 3.938842744741835193e-05 3.950925281000229990e-05 3.942870256827966566e-05 5.678697707658338090e-03 5.678931829367564986e-03 5.694444566751880564e-03 5.684024701259261791e-03
-8.129999999999999005e+00 3.953747895192962804e-05 3.953747895192962804e-05 3.965911855449829812e-05 3.957802548611918247e-05 5.701091566991512045e-03 5.701326388300535439e-03 5.716939930686133937e-03 5.706452628659393518e-03
-8.119999999999999218e+00 3.968741561001682820e-05 3.968741561001683498e-05 3.980988338202562854e-05 3.972823820068643283e-05 5.723633047489514597e-03 5.723868578087909151e-03 5.739582710247902175e-03 5.729028111941775019e-03
-8.109999999999999432e+00 3.983824628587885098e-05 3.983824628587884421e-05 3.996155235784079395e-05 3.987934830986616757e-05 5.746328558355473168e-03 5.746564819082923894e-03 5.762378993167626556e-03 5.751757456868675407e-03
-8.099999999999999645e+00 3.998998490897109095e-05 3.998998490897109095e-05 4.011412801457208305e-05 4.003136594417141939e-05 5.769184078680577796e-03 5.769421099084585426e-03 5.785334767621319423e-03 5.774646648462161171e-03
-8.089999999999999858e+00 4.014263274560770939e-05 4.014263274560770262e-05 4.026761921641836049e-05 4.018429490254458406e-05 5.792204522844025469e-03 5.792442339252449127e-03 5.808455426581869349e-03 5.797700762892781315e-03
-8.080000000000000071e+00 4.029619739367345035e-05 4.029619739367345035e-05 4.042203862652092735e-05 4.033814447128927376e-05 5.815393181787921820e-03 5.815631835810869225e-03 5.831745256292705099e-03 5.820923424630498715e-03
-8.070000000000000284e+00 4.045069024999548750e-05 4.045069024999548073e-05 4.057739384276456832e-05 4.049292478091851444e-05 5.838751354734808899e-03 5.838990890913560439e-03 5.855207004891976007e-03 5.844316416846782360e-03
-8.060000000000000497e+00 4.060611384720207563e-05 4.060611384720207563e-05 4.073368613146339726e-05 4.064863794195584725e-05 5.862278256834313646e-03 5.862518718291341926e-03 5.878841626585269882e-03 5.867879533903642107e-03
-8.049999999999998934e+00 4.076247704949209296e-05 4.076247704949210652e-05 4.089093195470109063e-05 4.080529535122843230e-05 5.885971235437663547e-03 5.886212657521677771e-03 5.902648269872831470e-03 5.891610720944058174e-03
-8.039999999999999147e+00 4.091979252000686767e-05 4.091979252000686767e-05 4.104912877984940044e-05 4.096290460662104752e-05 5.909826263907950149e-03 5.910068667528693871e-03 5.926624529321744550e-03 5.915506486919462278e-03
-8.029999999999999361e+00 4.107806279137462744e-05 4.107806279137462744e-05 4.120829433530610343e-05 4.112147330601845729e-05 5.933838622965013215e-03 5.934082010058253087e-03 5.950766920839693254e-03 5.939562517954319852e-03
-8.019999999999999574e+00 4.123730052673665978e-05 4.123730052673666655e-05 4.136842988738534735e-05 4.128101031361956015e-05 5.958003641820888013e-03 5.958247994577991861e-03 5.975071486958829364e-03 5.963774374452571192e-03
-8.009999999999999787e+00 4.139750952503538076e-05 4.139750952503537399e-05 4.152954936554254032e-05 4.144152280520442717e-05 5.982317363634509673e-03 5.982562647172792215e-03 5.999534408342529004e-03 5.988138139716611165e-03
-8.000000000000000000e+00 4.155870118309790986e-05 4.155870118309789630e-05 4.169165530240594392e-05 4.160301922286725003e-05 6.006777022611885057e-03 6.007023189306229770e-03 6.024152500081373512e-03 6.012650903999830314e-03
-7.990000000000000213e+00 4.172088183249489759e-05 4.172088183249489759e-05 4.185475909480271148e-05 4.176550758659749996e-05 6.031381266791022155e-03 6.031628260123326341e-03 6.048923506508535088e-03 6.037311011140961484e-03
-7.980000000000000426e+00 4.188406033742525606e-05 4.188406033742525606e-05 4.201887213956000312e-05 4.192899760480350282e-05 6.056130117535530634e-03 6.056377874569704792e-03 6.073846164998475752e-03 6.062118052367903437e-03
-7.969999999999998863e+00 4.204824429577374965e-05 4.204824429577374965e-05 4.218400330087673095e-05 4.209349729747474342e-05 6.081024710738821074e-03 6.081273164210971097e-03 6.098920069192253351e-03 6.087072648047348218e-03
-7.959999999999999076e+00 4.221344510436755203e-05 4.221344510436755203e-05 4.235015131243874046e-05 4.225901384039127925e-05 6.106066903520128777e-03 6.106315985503099446e-03 6.124145408527898252e-03 6.112176099183708536e-03
-7.949999999999999289e+00 4.237967036109140047e-05 4.237967036109140725e-05 4.251733263632971491e-05 4.242555778617084313e-05 6.131258847214166550e-03 6.131508495570128260e-03 6.149522679504834492e-03 6.137430007429709768e-03
-7.939999999999999503e+00 4.254692893014424773e-05 4.254692893014424095e-05 4.268555866937682796e-05 4.259313884322176770e-05 6.156602621500770721e-03 6.156852788452863746e-03 6.175052453980017092e-03 6.162835954644551098e-03
-7.929999999999999716e+00 4.271522461046842179e-05 4.271522461046842179e-05 4.285483194420832765e-05 4.276176038838171471e-05 6.182099998869920732e-03 6.182350659135310220e-03 6.200735258640235718e-03 6.188395305548487733e-03
-7.919999999999999929e+00 4.288457133151937144e-05 4.288457133151937144e-05 4.302516639027961532e-05 4.293143635110611940e-05 6.207752371837482221e-03 6.208003527386389900e-03 6.226571579903440561e-03 6.214109159709104227e-03
-7.910000000000000142e+00 4.305498175643837741e-05 4.305498175643839096e-05 4.319656833916134828e-05 4.310217728401270781e-05 6.233560836830549269e-03 6.233812516685847786e-03 6.252561974184992453e-03 6.239978442567130704e-03
-7.900000000000000355e+00 4.322645841785370806e-05 4.322645841785370806e-05 4.336904665505241153e-05 4.327398783025327588e-05 6.259526396703646127e-03 6.259778652411722433e-03 6.278707241183470456e-03 6.266004096766278515e-03
-7.890000000000000568e+00 4.339901144627836900e-05 4.339901144627836900e-05 4.354261653372236770e-05 4.344687980875970416e-05 6.285650224048127538e-03 6.285903123064828096e-03 6.305008610513966605e-03 6.292187319208974658e-03
-7.879999999999999005e+00 4.357265350485366130e-05 4.357265350485366130e-05 4.371727797517123036e-05 4.362086166162618432e-05 6.311933921035691765e-03 6.312187540091359142e-03 6.331467895242377970e-03 6.318529785456476582e-03
-7.869999999999999218e+00 4.374739345777848350e-05 4.374739345777848350e-05 4.389304744148262853e-05 4.379594478567986292e-05 6.338379716796509189e-03 6.338634136020372158e-03 6.358087574712004662e-03 6.345033809176295336e-03
-7.859999999999999432e+00 4.392323510399521780e-05 4.392323510399521780e-05 4.406993126422723310e-05 4.397213382407255623e-05 6.364990556853387244e-03 6.365245853739879417e-03 6.384870781660225217e-03 6.371702397417829469e-03
-7.849999999999999645e+00 4.410019870452992963e-05 4.410019870452992963e-05 4.424794210654631801e-05 4.414944650520204780e-05 6.391770057906025204e-03 6.392026300212178339e-03 6.411821183115052475e-03 6.398539180411085339e-03
-7.839999999999999858e+00 4.427828552569673963e-05 4.427828552569673285e-05 4.442708883263879536e-05 4.432788662801075369e-05 6.418722323527889344e-03 6.418979561340658856e-03 6.438942762055537179e-03 6.425548215641362082e-03
-7.830000000000000071e+00 4.445750443169454633e-05 4.445750443169453956e-05 4.460737904038944310e-05 4.450746263459284525e-05 6.445851640575638378e-03 6.446109899788013409e-03 6.466239525545890154e-03 6.452733688636514559e-03
-7.820000000000000284e+00 4.463787188460703300e-05 4.463787188460703300e-05 4.478882539293952162e-05 4.468818972071785802e-05 6.473162099669941758e-03 6.473421380058817787e-03 6.493715181776417433e-03 6.480099553835058125e-03
-7.810000000000000497e+00 4.481939801494722557e-05 4.481939801494722557e-05 4.497143802080208399e-05 4.487007801689884504e-05 6.500657201029259175e-03 6.500917481237034751e-03 6.521372838613579727e-03 6.507649173626624262e-03
-7.799999999999998934e+00 4.500208915428575426e-05 4.500208915428575426e-05 4.515523085343253154e-05 4.505313638733467776e-05 6.528339514522672055e-03 6.528600763387534464e-03 6.549214775140871012e-03 6.535385017683691643e-03
-7.789999999999999147e+00 4.518595290050741054e-05 4.518595290050741054e-05 4.534020389083087108e-05 4.523736989728189964e-05 6.556210456081540405e-03 6.556472647142872964e-03 6.577242324510334040e-03 6.563308475911583048e-03
-7.779999999999999361e+00 4.537100824832411214e-05 4.537100824832411214e-05 4.552637866033728864e-05 4.542279838566183538e-05 6.584270222283743201e-03 6.584533346804278924e-03 6.605455885293009567e-03 6.591419818127010853e-03
-7.769999999999999574e+00 4.555725646404998645e-05 4.555725646404998645e-05 4.571376275983655540e-05 4.560942522931218061e-05 6.612517895753939820e-03 6.612781970548071465e-03 6.633855054695535561e-03 6.619718306999182282e-03
-7.759999999999999787e+00 4.574471654239698506e-05 4.574471654239698506e-05 4.590236252089931510e-05 4.579726520189775723e-05 6.640951704719579539e-03 6.641216773322339458e-03 6.662438857209267672e-03 6.648202445083727444e-03
-7.750000000000000000e+00 4.593339481493570432e-05 4.593339481493570432e-05 4.609219313929510328e-05 4.598632758972217064e-05 6.669569396342680222e-03 6.669835524543664407e-03 6.691206030784523258e-03 6.676870317223622918e-03
-7.740000000000000213e+00 4.612330647743573394e-05 4.612330647743574072e-05 4.628326221290870465e-05 4.617662505592671514e-05 6.698368670039952892e-03 6.698635938174093626e-03 6.720155330968669363e-03 6.705719979727573117e-03
-7.730000000000000426e+00 4.631445406252531518e-05 4.631445406252531518e-05 4.647558493750966827e-05 4.636816435418676847e-05 6.727347613832384936e-03 6.727616107959568000e-03 6.749285818241621861e-03 6.734749846677857976e-03
-7.719999999999998863e+00 4.650685529860223158e-05 4.650685529860223836e-05 4.666917270992512040e-05 4.656096110237652560e-05 6.756505090223446225e-03 6.756774893284747500e-03 6.778597102223296589e-03 6.763959028577163149e-03
-7.709999999999999076e+00 4.670052158249368392e-05 4.670052158249368392e-05 4.686403312803987285e-05 4.675502543100908023e-05 6.785841024879785653e-03 6.786112208240263101e-03 6.808089524868243293e-03 6.793347585996097060e-03
-7.699999999999999289e+00 4.689546177839852331e-05 4.689546177839852331e-05 4.706018265393755465e-05 4.695036873691153150e-05 6.815356561661668408e-03 6.815629177730846665e-03 6.837764270809229723e-03 6.822916670067247398e-03
-7.689999999999999503e+00 4.709168854945806437e-05 4.709168854945806437e-05 4.725763141813124597e-05 4.714700283901579383e-05 6.845054061637603597e-03 6.845328138828291227e-03 6.867623396851563547e-03 6.852668532439153658e-03
-7.679999999999999716e+00 4.728921709144183586e-05 4.728921709144184263e-05 4.745638955113393208e-05 4.734494124467253460e-05 6.874936943090583820e-03 6.875212484798480343e-03 6.897669775357800036e-03 6.882606401082287488e-03
-7.669999999999999929e+00 4.748805373592050185e-05 4.748805373592050185e-05 4.765647224871518242e-05 4.754419324018539311e-05 6.905009383228774382e-03 6.905286371758904106e-03 6.927906950711035239e-03 6.912734235232905443e-03
-7.660000000000000142e+00 4.768821747760598008e-05 4.768821747760598008e-05 4.785788584244560006e-05 4.774477359921917770e-05 6.935275925573204311e-03 6.935554330047243032e-03 6.958338914858443018e-03 6.943056390159629832e-03
-7.650000000000000355e+00 4.788971084912653210e-05 4.788971084912652533e-05 4.806064932703717728e-05 4.794669034176341383e-05 6.965741053878051446e-03 6.966020839620284608e-03 6.988969819889944389e-03 6.973577237796093481e-03
-7.640000000000000568e+00 4.809255537782233044e-05 4.809255537782233044e-05 4.826477030037464456e-05 4.814996035200643063e-05 6.996408798455967977e-03 6.996689934675075564e-03 7.019803658594484311e-03 7.004300797241842617e-03
-7.629999999999999005e+00 4.829675612894990499e-05 4.829675612894990499e-05 4.847026649085581256e-05 4.835459291625187418e-05 7.027282431892217449e-03 7.027564895467951558e-03 7.050843955562267548e-03 7.035230427640812474e-03
-7.619999999999999218e+00 4.850233083090705287e-05 4.850233083090705287e-05 4.867714549636545244e-05 4.856060238605984595e-05 7.058364291943321212e-03 7.058648067140457089e-03 7.082093516864481145e-03 7.066368625316085325e-03
-7.609999999999999432e+00 4.870929088052091386e-05 4.870929088052091386e-05 4.888542504530137483e-05 4.876800226878106752e-05 7.089655744734317880e-03 7.089940820624015226e-03 7.113554281184633968e-03 7.097716948847655402e-03
-7.599999999999999645e+00 4.891765020724695031e-05 4.891765020724695031e-05 4.909511020292006901e-05 4.897680353913798536e-05 7.121157277985715531e-03 7.121443646081883176e-03 7.145227298803525848e-03 7.129276074290373695e-03
-7.589999999999999858e+00 4.912742147422638196e-05 4.912742147422638874e-05 4.930622376287586875e-05 4.918702223710954196e-05 7.152868696207227012e-03 7.153156349934978488e-03 7.177112839713765784e-03 7.161045961951990717e-03
-7.580000000000000071e+00 4.933861481197230253e-05 4.933861481197229575e-05 4.951877458936767261e-05 4.939866807110409707e-05 7.184789378581034162e-03 7.185078314530306438e-03 7.209210605051375939e-03 7.193026099387573626e-03
-7.570000000000000284e+00 4.955124541625420011e-05 4.955124541625420011e-05 4.973277407922265425e-05 4.961175497057701138e-05 7.216918556138644802e-03 7.217208775799841165e-03 7.241519994301216095e-03 7.225215775413234599e-03
-7.560000000000000497e+00 4.976532721652753705e-05 4.976532721652753705e-05 4.994824122715270430e-05 4.982629855340258828e-05 7.249255567002715200e-03 7.249547077326368681e-03 7.274040372128245599e-03 7.257614338819110694e-03
-7.549999999999998934e+00 4.998087667487595594e-05 4.998087667487595594e-05 5.016518616367089613e-05 5.004231317114093600e-05 7.281800056092307613e-03 7.282092868096396408e-03 7.306771285323681447e-03 7.290221403170796602e-03
-7.539999999999999147e+00 5.019790392181250306e-05 5.019790392181250306e-05 5.038362281823260399e-05 5.025981022061919433e-05 7.314552098394965993e-03 7.314846224509692803e-03 7.339712600603994462e-03 7.323036974502885287e-03
-7.529999999999999361e+00 5.041642415310670038e-05 5.041642415310670038e-05 5.060357145186391366e-05 5.047880658602577373e-05 7.347512240678461155e-03 7.347807692195777729e-03 7.372864560437150487e-03 7.356061497770462546e-03
-7.519999999999999574e+00 5.063645383084225149e-05 5.063645383084223794e-05 5.082504092876372368e-05 5.069931619681606878e-05 7.380681472458519403e-03 7.380978258141859295e-03 7.406227777978148519e-03 7.389295836192842984e-03
-7.509999999999999787e+00 5.085800435184628264e-05 5.085800435184628264e-05 5.104804264575917385e-05 5.092135044981724637e-05 7.414061148777107389e-03 7.414359274822046771e-03 7.439803206818522419e-03 7.422741210139224659e-03
-7.500000000000000000e+00 5.108109091188834966e-05 5.108109091188834966e-05 5.127259939650460473e-05 5.114492707342710361e-05 7.447652892805760663e-03 7.447952363158214309e-03 7.473592120360676543e-03 7.456399125441551951e-03
-7.490000000000000213e+00 5.130572870673800844e-05 5.130572870673800844e-05 5.149872131151301516e-05 5.137005957499634175e-05 7.481458504418896267e-03 7.481759320319045746e-03 7.507596122181773440e-03 7.490271315639905440e-03
-7.480000000000000426e+00 5.153193419847890833e-05 5.153193419847890833e-05 5.172642358655395422e-05 5.159676399450393040e-05 7.515479894204248230e-03 7.515782052551512118e-03 7.541817188892398389e-03 7.524359711882719001e-03
-7.469999999999998863e+00 5.175972005025237073e-05 5.175972005025237073e-05 5.195572521633940062e-05 5.182505510561471177e-05 7.549719054262352298e-03 7.550022545420047651e-03 7.576257728931825794e-03 7.558666442871410027e-03
-7.459999999999999076e+00 5.198910272414202470e-05 5.198910272414202470e-05 5.218663506506817837e-05 5.205494683778407367e-05 7.584178070548395698e-03 7.584482876845311666e-03 7.610920632275930582e-03 7.593193859889877870e-03
-7.449999999999999289e+00 5.222009741591743286e-05 5.222009741591743286e-05 5.241917339376640713e-05 5.228645607520042654e-05 7.618859177034256573e-03 7.619165273153307057e-03 7.645809289712998322e-03 7.627944579966854273e-03
-7.439999999999999503e+00 5.245272691923292223e-05 5.245272691923292901e-05 5.265335919714599782e-05 5.251960434520394969e-05 7.653764848798192723e-03 7.654072204263175430e-03 7.680927574828259365e-03 7.662921542629876417e-03
-7.429999999999999716e+00 5.268699123408847248e-05 5.268699123408847248e-05 5.288920513834822443e-05 5.275439586884171861e-05 7.688897926684591135e-03 7.689206509551004334e-03 7.716279798793947153e-03 7.698128078343180296e-03
-7.419999999999999929e+00 5.292292201833731594e-05 5.292292201833731594e-05 5.312672514682849508e-05 5.299085639450104910e-05 7.724261760209686495e-03 7.724571540639234291e-03 7.751870658715195352e-03 7.733567986521371757e-03
-7.410000000000000142e+00 5.316052433723596221e-05 5.316052433723596221e-05 5.336593695098463397e-05 5.322899520848551269e-05 7.759860347854162510e-03 7.760171300490211442e-03 7.787705199275187298e-03 7.769245615873186794e-03
-7.400000000000000355e+00 5.339982478338110692e-05 5.339982478338110692e-05 5.360686334447096134e-05 5.346883763707772506e-05 7.795698447672347320e-03 7.796010552522305605e-03 7.823788793572029193e-03 7.805165931255559839e-03
-7.390000000000000568e+00 5.364083348728578281e-05 5.364083348728578281e-05 5.384951319148635542e-05 5.371039338868597820e-05 7.831781629079407822e-03 7.832094871525646304e-03 7.860127129395049969e-03 7.841334543333369766e-03
-7.379999999999999005e+00 5.388356944366194147e-05 5.388356944366194147e-05 5.409390928568512966e-05 5.395368272433634431e-05 7.868116240240087891e-03 7.868430610909893028e-03 7.896726170037404041e-03 7.877757673729128898e-03
-7.369999999999999218e+00 5.412805291353558736e-05 5.412805291353558736e-05 5.434006682283686025e-05 5.419872421663601391e-05 7.904709274610625253e-03 7.905024769541526067e-03 7.933592054161865692e-03 7.914442032771340160e-03
-7.359999999999999432e+00 5.437429276110567324e-05 5.437429276110567324e-05 5.458800099871104883e-05 5.444552884030746058e-05 7.941568133230861651e-03 7.941884753983378953e-03 7.970730910772693897e-03 7.951394599328979323e-03
-7.349999999999999645e+00 5.462231431265474025e-05 5.462231431265474025e-05 5.483773334064790859e-05 5.469412065531913195e-05 7.978700294091336381e-03 7.979018047336998085e-03 8.008148589620985372e-03 7.988622310349774436e-03
-7.339999999999999858e+00 5.487213276395235781e-05 5.487213276395235781e-05 5.508928410967351173e-05 5.494451654585941138e-05 8.016112915078416404e-03 8.016431811049854958e-03 8.045850336946656564e-03 8.026131687691642064e-03
-7.330000000000000071e+00 5.512377090865282583e-05 5.512377090865282583e-05 5.534266470261495739e-05 5.519673550664020302e-05 8.053812410559970172e-03 8.054132460583382502e-03 8.083840470845680276e-03 8.063928447329676494e-03
-7.320000000000000284e+00 5.537723761095502930e-05 5.537723761095502930e-05 5.559790297838314993e-05 5.545079273343107628e-05 8.091804051966794767e-03 8.092125265766839451e-03 8.122122121021728078e-03 8.102017146251788010e-03
-7.310000000000000497e+00 5.563255819714157035e-05 5.563255819714157035e-05 5.585500526854868567e-05 5.570670722094394213e-05 8.130091648042254288e-03 8.130414031707966852e-03 8.160697091451177970e-03 8.140400923733800281e-03
-7.299999999999998934e+00 5.588975039561024609e-05 5.588975039561023254e-05 5.611400449727891080e-05 5.596450176283312755e-05 8.168677358277995001e-03 8.169000913405085121e-03 8.199565883062854416e-03 8.179081384915310934e-03
-7.289999999999999147e+00 5.614883320107296068e-05 5.614883320107296068e-05 5.637490826245861002e-05 5.622419155486817487e-05 8.207561680748251542e-03 8.207886404884037063e-03 8.238727883941990293e-03 8.218058656524760211e-03
-7.279999999999999361e+00 5.640982560824166572e-05 5.640982560824167250e-05 5.663774062405623773e-05 5.648579728017985639e-05 8.246743633904866921e-03 8.247069521777323706e-03 8.278181703784793372e-03 8.257331619822328578e-03
-7.269999999999999574e+00 5.667275041077067467e-05 5.667275041077067467e-05 5.690252817466846249e-05 5.674934299873660620e-05 8.286221122716890333e-03 8.286548167881531077e-03 8.317925604056012126e-03 8.296898298218143356e-03
-7.259999999999999787e+00 5.693762027180127505e-05 5.693762027180127505e-05 5.716928357743660568e-05 5.701484137367971859e-05 8.325991448197379852e-03 8.326319644753714388e-03 8.357957961021251353e-03 8.336756351324114619e-03
-7.250000000000000000e+00 5.720446178393015572e-05 5.720446178393015572e-05 5.743802329444433024e-05 5.728231562076821390e-05 8.366051892746469848e-03 8.366381237081377958e-03 8.398277695655499350e-03 8.376903608494449052e-03
-7.240000000000000213e+00 5.747329014292687255e-05 5.747329014292687255e-05 5.770877898354482107e-05 5.755178642313285087e-05 8.406400297620904988e-03 8.406730790226208533e-03 8.438884613126779177e-03 8.417338566991299301e-03
-7.230000000000000426e+00 5.774413320770225536e-05 5.774413320770224858e-05 5.798156330787940634e-05 5.782327657442796332e-05 8.447035547955086127e-03 8.447367195010125132e-03 8.479779612194286373e-03 8.458060785053168190e-03
-7.219999999999998863e+00 5.801700744033996707e-05 5.801700744033996707e-05 5.825640286004475459e-05 5.809680591357489624e-05 8.487957896134899760e-03 8.488290710440183143e-03 8.520964747264719516e-03 8.499071117946600806e-03
-7.209999999999999076e+00 5.829193436818021407e-05 5.829193436818020052e-05 5.853331536843869680e-05 5.837239470159970154e-05 8.529169082906115640e-03 8.529503083711630421e-03 8.562443149888663424e-03 8.540371772168802583e-03
-7.199999999999999289e+00 5.856893678487728273e-05 5.856893678487728273e-05 5.881232362671553966e-05 5.865006573215670623e-05 8.570672252252425211e-03 8.571007463743925484e-03 8.604218837169263015e-03 8.581966184388537325e-03
-7.189999999999999503e+00 5.884803115251486307e-05 5.884803115251486307e-05 5.909345042852958308e-05 5.892983757785310081e-05 8.612471692362832013e-03 8.612808140974686361e-03 8.646296448890459022e-03 8.623858760742659710e-03
-7.179999999999999716e+00 5.912924659631789876e-05 5.912924659631790553e-05 5.937671730122102666e-05 5.921173683128561484e-05 8.654572463796592410e-03 8.654910174948370061e-03 8.688680961344860329e-03 8.666054533363274845e-03
-7.169999999999999929e+00 5.941260464362661651e-05 5.941260464362661651e-05 5.966214830475829773e-05 5.949578586400384810e-05 8.696979990588471141e-03 8.697318985456144527e-03 8.731377423587037209e-03 8.708558799877218204e-03
-7.160000000000000142e+00 5.969812428915290695e-05 5.969812428915291372e-05 5.994976623279575715e-05 5.978200493703385250e-05 8.739699688424151097e-03 8.740039981301839928e-03 8.774390752776990016e-03 8.751376807500993102e-03
-7.150000000000000355e+00 5.998583212549347249e-05 5.998583212549347249e-05 6.023959387898766420e-05 6.007041937665819628e-05 8.782736687618922927e-03 8.783078284232742963e-03 8.817725611733114033e-03 8.794513527861593308e-03
-7.140000000000000568e+00 6.027574841367438536e-05 6.027574841367438536e-05 6.053165783593074839e-05 6.036105155442649960e-05 8.826095682965629310e-03 8.826438579857591449e-03 8.861386376376061136e-03 8.837973546399761210e-03
-7.129999999999999005e+00 6.056789974629235476e-05 6.056789974629235476e-05 6.082597836465106840e-05 6.065392595241193049e-05 8.869780914731237656e-03 8.870125099738669985e-03 8.905377185098699300e-03 8.881761066522868980e-03
-7.119999999999999218e+00 6.086230765068754642e-05 6.086230765068754642e-05 6.112257825880293091e-05 6.094906452005934125e-05 8.913796261297816589e-03 8.914141715142605282e-03 8.949702049342197346e-03 8.925880008594207563e-03
-7.109999999999999432e+00 6.115899998577081049e-05 6.115899998577081049e-05 6.142148537729719962e-05 6.124649511627960235e-05 8.958145408638059845e-03 8.958492107445981123e-03 8.994364995541351965e-03 8.970334170541799379e-03
-7.099999999999999645e+00 6.145799827888230593e-05 6.145799827888230593e-05 6.172272757904463658e-05 6.154624137893642067e-05 9.002832055580056725e-03 9.003179973923471427e-03 9.039370204523659857e-03 9.015127411342397160e-03
-7.089999999999999858e+00 6.175933038893288967e-05 6.175933038893288967e-05 6.202632385875721374e-05 6.184832821220766436e-05 9.047860115023330721e-03 9.048209228847178820e-03 9.084722116753662230e-03 9.060263820208058413e-03
-7.080000000000000071e+00 6.206301657694861360e-05 6.206301657694862715e-05 6.233230714060229759e-05 6.215278009816650826e-05 9.093233877250157110e-03 9.093584166076199710e-03 9.130425480173846170e-03 9.105747841166734330e-03
-7.070000000000000284e+00 6.236908850078269650e-05 6.236908850078269650e-05 6.264069895192003355e-05 6.245962531782847551e-05 9.138958110112170227e-03 9.139309558058012969e-03 9.176485330602180898e-03 9.151584332924121365e-03
-7.060000000000000497e+00 6.267757148671768629e-05 6.267757148671768629e-05 6.295152715162126498e-05 6.276889004168554134e-05 9.185038081092868067e-03 9.185390676769567345e-03 9.222906910330640196e-03 9.197778556064359692e-03
-7.049999999999998934e+00 6.298848832840794388e-05 6.298848832840794388e-05 6.326481579967444631e-05 6.308059748549678706e-05 9.231479497618348337e-03 9.231833233392819013e-03 9.269695544991889830e-03 9.244336092001018482e-03
-7.039999999999999147e+00 6.330187068370663383e-05 6.330187068370663383e-05 6.358059782024691692e-05 6.339477972922005701e-05 9.278288374219564177e-03 9.278643245504576351e-03 9.316856508273298546e-03 9.291262709332479691e-03
-7.029999999999999361e+00 6.361774134626810350e-05 6.361774134626810350e-05 6.389889853962123830e-05 6.371146041071915295e-05 9.325470846712147210e-03 9.325826851714244872e-03 9.364394905440300704e-03 9.338564201288895861e-03
-7.019999999999999574e+00 6.393612817500319624e-05 6.393612817500318268e-05 6.421974201776586486e-05 6.403066612259075696e-05 9.373032961959293363e-03 9.373390101960392060e-03 9.412315599773429797e-03 9.386246221231037828e-03
-7.009999999999999787e+00 6.425706409407919725e-05 6.425706409407919725e-05 6.454316244516227017e-05 6.435243021110688823e-05 9.420980474820591505e-03 9.421338754642835656e-03 9.460623191970470372e-03 9.434314140477965266e-03
-7.000000000000000000e+00 6.458057822872112475e-05 6.458057822872113830e-05 6.486918388177892220e-05 6.467678011307373745e-05 9.469318680855149176e-03 9.469678109023776588e-03 9.509322045859341238e-03 9.482772945246088422e-03
-6.990000000000000213e+00 6.490669210626915124e-05 6.490669210626915124e-05 6.519784178441136093e-05 6.500374199898322565e-05 9.518052304980501727e-03 9.518412893380914785e-03 9.558416340560531299e-03 9.531627179640648692e-03
-6.980000000000000426e+00 6.523544244983300508e-05 6.523544244983300508e-05 6.552915894671394726e-05 6.533334794879331914e-05 9.567185455944635097e-03 9.567547218983986357e-03 9.607910123659663126e-03 9.580880932862759214e-03
-6.969999999999998863e+00 6.556685078675284525e-05 6.556685078675284525e-05 6.586317335811054372e-05 6.566562497720542044e-05 9.616721646743677659e-03 9.617084600425906613e-03 9.657807344132292998e-03 9.630537863767291845e-03
-6.959999999999999076e+00 6.590095510645258849e-05 6.590095510645257494e-05 6.619991287751198015e-05 6.600060769680571001e-05 9.666663874641039100e-03 9.667028035950816361e-03 9.708111856720441288e-03 9.680601255770764427e-03
-6.949999999999999289e+00 6.623778326784299686e-05 6.623778326784299686e-05 6.653940283120079091e-05 6.633832312229559036e-05 9.717014750821763650e-03 9.717380137551618821e-03 9.758827405662400672e-03 9.731074098011927714e-03
-6.939999999999999503e+00 6.657736819509146398e-05 6.657736819509146398e-05 6.688168247491499982e-05 6.667880628836598948e-05 9.767776667475219776e-03 9.768143298109561307e-03 9.809957608041593863e-03 9.781959191208791649e-03
-6.929999999999999716e+00 6.691973774710880611e-05 6.691973774710880611e-05 6.722677966756542315e-05 6.702208505392766942e-05 9.818951986717998348e-03 9.819319879973774368e-03 9.861505960641978735e-03 9.833259275777914837e-03
-6.919999999999999929e+00 6.726492738069064455e-05 6.726492738069064455e-05 6.757472733331942741e-05 6.736819403156690551e-05 9.870543231486427968e-03 9.870912405264097370e-03 9.913475887011724205e-03 9.884977174587418827e-03
-6.910000000000000142e+00 6.761297002000425096e-05 6.761297002000426451e-05 6.792556346160083449e-05 6.771716783386978332e-05 9.922553254551859381e-03 9.922923724472055423e-03 9.965870826308913591e-03 9.937115935110943377e-03
-6.900000000000000355e+00 6.796389479027468419e-05 6.796389479027468419e-05 6.827931591132048775e-05 6.806903516395662775e-05 9.974985361324496813e-03 9.975357139419639696e-03 1.001869434866227253e-02 9.989678949802136346e-03
-6.890000000000000568e+00 6.831773968092572547e-05 6.831773968092572547e-05 6.863602140558812913e-05 6.842383358914654024e-05 1.002784336781446101e-02 1.002821646201696414e-02 1.007195027022639473e-02 1.004267003335260547e-02
-6.879999999999999005e+00 6.867453761612475486e-05 6.867453761612476841e-05 6.899571160225697740e-05 6.878159561150218044e-05 1.008113158740135858e-02 1.008150600208478770e-02 1.012564273939671293e-02 1.009609344296095307e-02
-6.869999999999999218e+00 6.903431898741088407e-05 6.903431898741088407e-05 6.935842449075088156e-05 6.914235415519088775e-05 1.013485475592745821e-02 1.013523049325173314e-02 1.017977627465766963e-02 1.014995384127895424e-02
-6.859999999999999432e+00 6.939712684946441749e-05 6.939712684946441749e-05 6.972419806049370416e-05 6.950615058647417971e-05 1.018901791925443980e-02 1.018939498064024528e-02 1.023435574994149312e-02 1.020425621661205998e-02
-6.849999999999999645e+00 6.976298906119625268e-05 6.976298906119625268e-05 7.009306017039627500e-05 6.987301276426292678e-05 1.024362631563732404e-02 1.024400470271499657e-02 1.028938633953431492e-02 1.025900578596221011e-02
-6.839999999999999858e+00 7.013194741097258694e-05 7.013194741097258694e-05 7.046505894039547580e-05 7.024298458744687420e-05 1.029868528407658010e-02 1.029906499881160648e-02 1.034487344544097499e-02 1.031420790944305270e-02
-6.830000000000000071e+00 7.050403482296080035e-05 7.050403482296080035e-05 7.084022222940214995e-05 7.061609729177458807e-05 1.035420021968345115e-02 1.035458126400503297e-02 1.040082263243712404e-02 1.036986803870853548e-02
-6.820000000000000284e+00 7.087929181921301023e-05 7.087929181921301023e-05 7.121859309209662889e-05 7.099239224350754527e-05 1.041017658190420726e-02 1.041055895745409202e-02 1.045723958983492234e-02 1.042599170973107503e-02
-6.810000000000000497e+00 7.125775765546713198e-05 7.125775765546714553e-05 7.160021205053109775e-05 7.137190912048844938e-05 1.046661994626549991e-02 1.046700365481448118e-02 1.051413012776920147e-02 1.048258457628306259e-02
-6.799999999999998934e+00 7.163946398957647926e-05 7.163946398957647926e-05 7.198511582781525777e-05 7.175468126898941446e-05 1.052353607954862116e-02 1.052392112413553030e-02 1.057150020368856358e-02 1.053965246912423777e-02
-6.789999999999999147e+00 7.202445767516374539e-05 7.202445767516375895e-05 7.237333988074468960e-05 7.214075174369073131e-05 1.058093101450058825e-02 1.058131740079950971e-02 1.062935596577149755e-02 1.059720146035719908e-02
-6.779999999999999361e+00 7.241277670165284714e-05 7.241277670165284714e-05 7.276493232925628852e-05 7.253016191085398523e-05 1.063881110324618740e-02 1.063919884042762581e-02 1.068770379639289066e-02 1.065523791335556796e-02
-6.769999999999999574e+00 7.280445779215345865e-05 7.280445779215345865e-05 7.315992229857503206e-05 7.292294596096064979e-05 1.069718303616146518e-02 1.069757213667183772e-02 1.074655034065664233e-02 1.071376850449664957e-02
-6.759999999999999787e+00 7.319954653397423396e-05 7.319954653397423396e-05 7.355836803915082110e-05 7.331915370236642064e-05 1.075605382257111171e-02 1.075644430079079547e-02 1.080590251067426073e-02 1.077280021134538815e-02
-6.750000000000000000e+00 7.359808344916730395e-05 7.359808344916730395e-05 7.396029867620864675e-05 7.371882185818108037e-05 1.081543073866361032e-02 1.081582260904307563e-02 1.086576746368291164e-02 1.083234027046319804e-02
-6.740000000000000213e+00 7.400010652715649051e-05 7.400010652715649051e-05 7.436576866125599382e-05 7.412199390518964021e-05 1.087532125470128466e-02 1.087571453023338137e-02 1.092615255902743519e-02 1.089239611465403490e-02
-6.730000000000000426e+00 7.440566642050695724e-05 7.440566642050695724e-05 7.477480838583197402e-05 7.452871374228196735e-05 1.093573295765707699e-02 1.093612764930704945e-02 1.098706530399324623e-02 1.095297530365245756e-02
-6.719999999999998863e+00 7.481479858601433901e-05 7.481479858601433901e-05 7.518747610038650179e-05 7.493902442413839327e-05 1.099667348611732369e-02 1.099706960330456423e-02 1.104851330091594433e-02 1.101408546344594466e-02
-6.709999999999999076e+00 7.522755747518612061e-05 7.522755747518610706e-05 7.560380599540105070e-05 7.535297364859110635e-05 1.105815049191752157e-02 1.105854804361330011e-02 1.111050420810115978e-02 1.107573424787732658e-02
-6.699999999999999289e+00 7.564398107744619171e-05 7.564398107744619171e-05 7.602385125606901206e-05 7.577060447032046516e-05 1.112017163846623115e-02 1.112057063414020885e-02 1.117304572479520426e-02 1.113792933246721302e-02
-6.689999999999999503e+00 7.606411877904554108e-05 7.606411877904554108e-05 7.644765240444250320e-05 7.619196332084452394e-05 1.118274463892685554e-02 1.118314508880226092e-02 1.123614560669961883e-02 1.120067844480957843e-02
-6.679999999999999716e+00 7.648801363466456796e-05 7.648801363466456796e-05 7.687526642465734503e-05 7.661709789799548461e-05 1.124587732980537186e-02 1.124627924439146678e-02 1.129981171360815509e-02 1.126398942926833124e-02
-6.669999999999999929e+00 7.691571882949666363e-05 7.691571882949666363e-05 7.730673257245148007e-05 7.704605674381493578e-05 1.130957776813366379e-02 1.130998115747353962e-02 1.136405208520319815e-02 1.132787033693679994e-02
-6.660000000000000142e+00 7.734727488559394544e-05 7.734727488559394544e-05 7.774210783196074278e-05 7.747888586771621122e-05 1.137385433444612973e-02 1.137425920777897052e-02 1.142887503526138562e-02 1.139232952582882978e-02
-6.650000000000000355e+00 7.778274005340634137e-05 7.778274005340635492e-05 7.818143272523722339e-05 7.791563761068330204e-05 1.143871581990463758e-02 1.143912218622148390e-02 1.149428924900181524e-02 1.145737575170931340e-02
-6.640000000000000568e+00 7.822216498549897437e-05 7.822216498549898792e-05 7.862476930167321175e-05 7.835636642422372017e-05 1.150417147502555242e-02 1.150457934441403464e-02 1.156030386406989123e-02 1.152301822783649218e-02
-6.629999999999999005e+00 7.866558640498158637e-05 7.866558640498158637e-05 7.907215555069259751e-05 7.880110945355192794e-05 1.157023100035768637e-02 1.157064038547873236e-02 1.162692851296538363e-02 1.158926663293393354e-02
-6.619999999999999218e+00 7.911306889387473556e-05 7.911306889387473556e-05 7.952365985325830073e-05 7.924993254700260416e-05 1.163690446513358269e-02 1.163731538207996886e-02 1.169417330622558697e-02 1.165613105114637893e-02
-6.609999999999999432e+00 7.956465930580121013e-05 7.956465930580121013e-05 7.997932653036484124e-05 7.970288171398908265e-05 1.170420215029164233e-02 1.170461461814038470e-02 1.176204874046718821e-02 1.172362183629973610e-02
-6.599999999999999645e+00 8.002041969015325927e-05 8.002041969015325927e-05 8.043920876720561035e-05 8.016001604917070511e-05 1.177213432603981848e-02 1.177254836526369156e-02 1.183056552607066395e-02 1.179174940579139248e-02
-6.589999999999999858e+00 8.048039310161128222e-05 8.048039310161128222e-05 8.090336861317291145e-05 8.062138493879850100e-05 1.184071098987914822e-02 1.184112662032905071e-02 1.189973434488756678e-02 1.186052398503192190e-02
-6.580000000000000071e+00 8.094464285588174365e-05 8.094464285588174365e-05 8.137185418820368048e-05 8.108704663332238474e-05 1.190994160667054221e-02 1.191035884623034211e-02 1.196956556610076668e-02 1.192995533966721873e-02
-6.570000000000000284e+00 8.141322087184387358e-05 8.141322087184387358e-05 8.184473134063251492e-05 8.155705769477341618e-05 1.197983490288921302e-02 1.198025376752206300e-02 1.204006896602862961e-02 1.200005254547996912e-02
-6.560000000000000497e+00 8.188619046520410959e-05 8.188619046520410959e-05 8.232205578828115573e-05 8.203147890622979163e-05 1.205039876932079493e-02 1.205081927456188272e-02 1.211125350841984333e-02 1.207082385076750815e-02
-6.549999999999998934e+00 8.236360228852760172e-05 8.236360228852762882e-05 8.280388324897120834e-05 8.251036260867548866e-05 1.212164031539485209e-02 1.212206247861584776e-02 1.218312724376928100e-02 1.214227667925999420e-02
-6.539999999999999147e+00 8.284551712489253276e-05 8.284551712489254631e-05 8.329027450578089620e-05 8.299376958518863583e-05 1.219356609446887313e-02 1.219398993677989901e-02 1.225569737248275066e-02 1.221441780124384036e-02
-6.529999999999999361e+00 8.333200462157599759e-05 8.333200462157601114e-05 8.378129793967311223e-05 8.348176906094168892e-05 1.226618248705172408e-02 1.226660803402826981e-02 1.232897049177364250e-02 1.228725367095121271e-02
-6.519999999999999574e+00 8.382311543114310561e-05 8.382311543114309206e-05 8.427700926846957031e-05 8.397441337691857125e-05 1.233949619473154527e-02 1.233992347587772355e-02 1.240295301199882683e-02 1.236079089420269624e-02
-6.509999999999999787e+00 8.431891540192856273e-05 8.431891540192856273e-05 8.477747054156253316e-05 8.447176711513988169e-05 1.241351477103751905e-02 1.241394381858297417e-02 1.247765169263137346e-02 1.243503676075062396e-02
-6.500000000000000000e+00 8.481946911595291360e-05 8.481946911595291360e-05 8.528275773779969877e-05 8.497389865656851317e-05 1.248824710370813329e-02 1.248867795163684756e-02 1.255307422049844503e-02 1.250999975861447414e-02
-6.490000000000000213e+00 8.532484495417911891e-05 8.532484495417911891e-05 8.579292784131695583e-05 8.548087258322505100e-05 1.256370376937409120e-02 1.256413645321778974e-02 1.262922973977466563e-02 1.258568998745551379e-02
-6.480000000000000426e+00 8.583509990074295894e-05 8.583509990074295894e-05 8.630804796676303599e-05 8.599274925608298462e-05 1.263989720423309808e-02 1.264033176135950787e-02 1.270612924810138496e-02 1.266211940456466248e-02
-6.469999999999998863e+00 8.635031246712042711e-05 8.635031246712042711e-05 8.682819029404326182e-05 8.650960507609470535e-05 1.271684166597958875e-02 1.271727813538926430e-02 1.278378579446935379e-02 1.273930186527940343e-02
-6.459999999999999076e+00 8.687054090376143786e-05 8.687054090376143786e-05 8.735342573674890305e-05 8.703150251475725056e-05 1.279455299405240012e-02 1.279499141466551582e-02 1.286221444612251769e-02 1.281725295161347845e-02
-6.449999999999999289e+00 8.739586372214193041e-05 8.739586372214193041e-05 8.788382267584286616e-05 8.755851670670889092e-05 1.287304819952936157e-02 1.287348860655605429e-02 1.294143202521559101e-02 1.289598961043366895e-02
-6.439999999999999503e+00 8.792634803691075840e-05 8.792634803691075840e-05 8.841945075860221893e-05 8.809071561080792094e-05 1.295234492846893820e-02 1.295278734850591369e-02 1.302145664330501065e-02 1.297552964009328867e-02
-6.429999999999999716e+00 8.846206349534500315e-05 8.846206349534500315e-05 8.896039229544533021e-05 8.862817309537843647e-05 1.303246084400395965e-02 1.303290529025949267e-02 1.310230707807290805e-02 1.305589107077878563e-02
-6.419999999999999929e+00 8.900309114154887223e-05 8.900309114154887223e-05 8.950671313470690590e-05 8.917096513926820324e-05 1.311341296743751342e-02 1.311385943655793071e-02 1.318400204172365427e-02 1.313709148190636555e-02
-6.410000000000000142e+00 8.954949682385704446e-05 8.954949682385704446e-05 9.005849558680528776e-05 8.971916307817313007e-05 1.319521701353178374e-02 1.319566548473603655e-02 1.326655938882890726e-02 1.321914729569891034e-02
-6.400000000000000355e+00 9.010136918425855953e-05 9.010136918425857308e-05 9.061581689690233503e-05 9.027285175513982706e-05 1.327788675542309824e-02 1.327833719161111183e-02 1.334999531037344388e-02 1.330207308580255189e-02
-6.390000000000000568e+00 9.065877407108810981e-05 9.065877407108810981e-05 9.117875557647402759e-05 9.083210123955008240e-05 1.336143346245746016e-02 1.336188581233393145e-02 1.343432356655738930e-02 1.338588094711625973e-02
-6.379999999999999005e+00 9.122180012633466725e-05 9.122180012633465370e-05 9.174739393593870718e-05 9.139699806286934723e-05 1.344586546763590872e-02 1.344631966800449371e-02 1.351955482582916333e-02 1.347057998715652134e-02
-6.369999999999999218e+00 9.179052079621770213e-05 9.179052079621770213e-05 9.232181428571474265e-05 9.196761862605003994e-05 1.353118793405451263e-02 1.353164391230588480e-02 1.360569619695905369e-02 1.355617601443981877e-02
-6.359999999999999432e+00 9.236502725535448185e-05 9.236502725535448185e-05 9.290210146884874407e-05 9.254405199318590711e-05 1.361740289256576156e-02 1.361786057017862379e-02 1.369275105345789043e-02 1.364267150540075975e-02
-6.349999999999999645e+00 9.294539674890686567e-05 9.294539674890686567e-05 9.348834032838736219e-05 9.312637794206702214e-05 1.370450960824599190e-02 1.370496890623006982e-02 1.378071924264428344e-02 1.373006591904011447e-02
-6.339999999999999858e+00 9.353171791886383908e-05 9.353171791886383908e-05 9.408062077263370311e-05 9.371468553678713161e-05 1.379250529683085161e-02 1.379296614319101659e-02 1.386959773515437054e-02 1.381835639172541465e-02
-6.330000000000000071e+00 9.412407814090028050e-05 9.412407814090028050e-05 9.467902891094851111e-05 9.430906173091636641e-05 1.388138615733539374e-02 1.388184849527497773e-02 1.395938170487348064e-02 1.390753878582795013e-02
-6.320000000000000284e+00 9.472256858963345734e-05 9.472256858963345734e-05 9.528365465163497359e-05 9.490959727696730061e-05 1.397114862477928654e-02 1.397161241927263528e-02 1.405006594617804784e-02 1.399760899674332322e-02
-6.310000000000000497e+00 9.532727790705238218e-05 9.532727790705238218e-05 9.589460183245153706e-05 9.551638588218544284e-05 1.406179069332689699e-02 1.406225593387945734e-02 1.414164645665937255e-02 1.408856436128857505e-02
-6.299999999999998934e+00 9.593829980040253656e-05 9.593829980040253656e-05 9.651195276381663811e-05 9.612951745487391278e-05 1.415331313220253261e-02 1.415377983089934934e-02 1.423412196348309428e-02 1.418040497552832194e-02
-6.289999999999999147e+00 9.655573430850015418e-05 9.655573430850015418e-05 9.713580748454645624e-05 9.674909203384891702e-05 1.424572042532895599e-02 1.424618861118694298e-02 1.432749516805346783e-02 1.427313473485645502e-02
-6.279999999999999361e+00 9.717966754070589798e-05 9.717966754070592509e-05 9.776626729977118315e-05 9.737520079372766874e-05 1.433902131123164156e-02 1.433949102328753791e-02 1.442177353093840667e-02 1.436676195515253045e-02
-6.269999999999999574e+00 9.781020713372080670e-05 9.781020713372077960e-05 9.840343098199297257e-05 9.800794841647817726e-05 1.443322887166196417e-02 1.443370015338029527e-02 1.451696950535241032e-02 1.446129951013155543e-02
-6.259999999999999787e+00 9.844744932741856245e-05 9.844744932741856245e-05 9.904740743422682124e-05 9.864743536302130183e-05 1.452836019680102571e-02 1.452883309330529546e-02 1.461310022963076792e-02 1.455676450657903027e-02
-6.250000000000000000e+00 9.909149922587184075e-05 9.909149922587185430e-05 9.969830429317365946e-05 9.929376758163913172e-05 1.462443572169710992e-02 1.462491027958705107e-02 1.471018678029185553e-02 1.465317759385867218e-02
-6.240000000000000213e+00 9.974246066683926427e-05 9.974246066683926427e-05 1.003562038692518561e-04 9.994704173431012370e-05 1.472147836755024856e-02 1.472195463575048241e-02 1.480825314613266365e-02 1.475056204981113096e-02
-6.230000000000000426e+00 1.004004425533358026e-04 1.004004425533358026e-04 1.010212340601884340e-04 1.006073730556199995e-04 1.481951262736473651e-02 1.481999065732344557e-02 1.490732510133149433e-02 1.484894279533989156e-02
-6.219999999999998863e+00 1.010655512557483469e-04 1.010655512557483469e-04 1.016935101005690743e-04 1.012748708706885984e-04 1.491856371283317370e-02 1.491904355728503051e-02 1.500742913536563111e-02 1.494834546849461120e-02
-6.209999999999999076e+00 1.017379032749767123e-04 1.017379032749767123e-04 1.023731497576077265e-04 1.019496521025203882e-04 1.501865684042421462e-02 1.501913855117298358e-02 1.510859155313934270e-02 1.504879564824551479e-02
-6.199999999999999289e+00 1.024176087803500569e-04 1.024176087803500569e-04 1.030602657332618848e-04 1.026318277646539950e-04 1.511981669278502152e-02 1.512030031874081991e-02 1.521083780664407061e-02 1.515031827272329996e-02
-6.189999999999999503e+00 1.031047855390823708e-04 1.031047855390823708e-04 1.037549593326617678e-04 1.033215101369421788e-04 1.522206705784334008e-02 1.522255264437484025e-02 1.531419207365751489e-02 1.525293725862522827e-02
-6.179999999999999716e+00 1.037995538510158718e-04 1.037995538510158718e-04 1.044573749156181021e-04 1.040188275392166288e-04 1.532543062768677855e-02 1.532591821739080068e-02 1.541867706703416857e-02 1.535667530403724869e-02
-6.169999999999999929e+00 1.045020327496786166e-04 1.045020327496786166e-04 1.051676289830307030e-04 1.047238981607959878e-04 1.542992893195340928e-02 1.543041856588571459e-02 1.552431404073633704e-02 1.546155384619182088e-02
-6.160000000000000142e+00 1.052123501327976415e-04 1.052123501327976415e-04 1.058858291716005008e-04 1.054368431457319415e-04 1.553558238161574512e-02 1.553607409966409163e-02 1.563112295214752479e-02 1.556759314447578833e-02
-6.150000000000000355e+00 1.059306288328434192e-04 1.059306288328434192e-04 1.066121337705935624e-04 1.061577971454267957e-04 1.564241040332008462e-02 1.564290424286154599e-02 1.573912273930791819e-02 1.567481246182984844e-02
-6.140000000000000568e+00 1.066570030791135756e-04 1.066570030791135756e-04 1.073466820745640909e-04 1.068868960775970852e-04 1.575043164743439653e-02 1.575092764059484590e-02 1.584833167247275826e-02 1.578323032016733241e-02
-6.129999999999999005e+00 1.073916058345916161e-04 1.073916058345916161e-04 1.080895931170401160e-04 1.076242682620744449e-04 1.585966425278100000e-02 1.586016242365006698e-02 1.595876774018409675e-02 1.589286480553838907e-02
-6.119999999999999218e+00 1.081345662633186841e-04 1.081345662633186841e-04 1.088410036599475725e-04 1.083700453955283000e-04 1.597012614781004661e-02 1.597062651116147244e-02 1.607044903196022320e-02 1.600373389697725204e-02
-6.109999999999999432e+00 1.088860211272206063e-04 1.088860211272206063e-04 1.096010378020710401e-04 1.091243600188374221e-04 1.608183536468175273e-02 1.608233792704650764e-02 1.618339408328540660e-02 1.611585579167122001e-02
-6.099999999999999645e+00 1.096461363134483493e-04 1.096461363134483493e-04 1.103698715610743964e-04 1.098873813959903650e-04 1.619481034007367454e-02 1.619531510293036741e-02 1.629762215609203979e-02 1.622924919969869276e-02
-6.089999999999999858e+00 1.104150156597603460e-04 1.104150156597603460e-04 1.111476492967683271e-04 1.106592268720963442e-04 1.630907017759672048e-02 1.630957714118618299e-02 1.641315343784608555e-02 1.634393358554299749e-02
-6.080000000000000071e+00 1.111928567111607007e-04 1.111928567111607007e-04 1.119345318310471674e-04 1.114400817511228427e-04 1.642463485156268541e-02 1.642514401773807753e-02 1.653000915397135825e-02 1.645992934109070244e-02
-6.070000000000000284e+00 1.119797696369786121e-04 1.119797696369786256e-04 1.127306103385281982e-04 1.122300498708284696e-04 1.654152533939742126e-02 1.654203671247151536e-02 1.664821159990491697e-02 1.657725788392461555e-02
-6.060000000000000497e+00 1.127759393190769103e-04 1.127759393190769103e-04 1.135361621420055158e-04 1.130293469267197923e-04 1.665976367969629682e-02 1.666027726548775095e-02 1.676778410751691289e-02 1.669594168423365471e-02
-6.049999999999998934e+00 1.135814885899259866e-04 1.135814885899259866e-04 1.143512239645889705e-04 1.138380670481469722e-04 1.677937296198696651e-02 1.677988876613825328e-02 1.688875096634733300e-02 1.681600423149085324e-02
-6.039999999999999147e+00 1.143966314566136354e-04 1.143966314566136354e-04 1.151760705964443497e-04 1.146564445032238825e-04 1.690037726236932533e-02 1.690089528920665427e-02 1.701113732048232727e-02 1.693746995735277011e-02
-6.029999999999999361e+00 1.152214932842385840e-04 1.152214932842385840e-04 1.160107995437596322e-04 1.154845953707455910e-04 1.702280154394466422e-02 1.702332179672857992e-02 1.713496906108893242e-02 1.706036413392073015e-02
-6.019999999999999574e+00 1.160562741504331236e-04 1.160562741504331236e-04 1.168556020199682378e-04 1.163227167736115086e-04 1.714667154188481007e-02 1.714719402422571967e-02 1.726027272938464655e-02 1.718471276516506108e-02
-6.009999999999999787e+00 1.169011095508090551e-04 1.169011095508090551e-04 1.177106793690165784e-04 1.171709661568782340e-04 1.727201365125342197e-02 1.727253836876460613e-02 1.738707543954465945e-02 1.731054248652089469e-02
-6.000000000000000000e+00 1.177562210903388692e-04 1.177562210903388963e-04 1.185761797496577558e-04 1.180295406434451783e-04 1.739885483145112155e-02 1.739938179259778103e-02 1.751540482573752527e-02 1.743788048326214146e-02
-5.990000000000000213e+00 1.186217657919745800e-04 1.186217657919745800e-04 1.194523576910316002e-04 1.188986297583269201e-04 1.752722253605897007e-02 1.752775175167073027e-02 1.764528901272542638e-02 1.756675443348503993e-02
-5.980000000000000426e+00 1.194979386680919013e-04 1.194979386680919013e-04 1.203393043677553791e-04 1.197783939013130606e-04 1.765714467202673249e-02 1.765767615378266431e-02 1.777675660659656931e-02 1.769719247746865537e-02
-5.969999999999998863e+00 1.203849410626373398e-04 1.203849410626373398e-04 1.212373059668221822e-04 1.206690626973656297e-04 1.778864958833390950e-02 1.778918334713100458e-02 1.790983670102515649e-02 1.782922321216335801e-02
-5.959999999999999076e+00 1.212829692543008250e-04 1.212829692543008250e-04 1.221465397722099804e-04 1.215708260936038858e-04 1.792176609173896235e-02 1.792230213691012319e-02 1.804455889493695314e-02 1.796287570786201174e-02
-5.949999999999999289e+00 1.221922195217723132e-04 1.221922195217723132e-04 1.230671969973522206e-04 1.224838786802989309e-04 1.805652348564786361e-02 1.805706182543959787e-02 1.818095331906329284e-02 1.809817954338358709e-02
-5.939999999999999503e+00 1.231128881437416932e-04 1.231128881437417203e-04 1.239995296387604918e-04 1.234084353087479865e-04 1.819295162710932515e-02 1.819349227013147829e-02 1.831905067081388006e-02 1.823516485601822668e-02
-5.929999999999999716e+00 1.240452157198934549e-04 1.240452157198934549e-04 1.249437162467269128e-04 1.243447158955046346e-04 1.833108099639329386e-02 1.833162395318303425e-02 1.845888225827525819e-02 1.837386240261719775e-02
-5.919999999999999929e+00 1.249893845994621059e-04 1.249893845994621059e-04 1.258999822251664717e-04 1.252929171413635792e-04 1.847094277314991623e-02 1.847148805700845470e-02 1.860048005439905033e-02 1.851430362818580477e-02
-5.910000000000000142e+00 1.259456683062994619e-04 1.259456683062994619e-04 1.268686061631873585e-04 1.262533142585954094e-04 1.861256891357333451e-02 1.861311654026730905e-02 1.874387676169868289e-02 1.865652073851311113e-02
-5.900000000000000355e+00 1.269142808474931817e-04 1.269142808474931817e-04 1.278497476163698281e-04 1.272261031037853882e-04 1.875599222387343279e-02 1.875654221050326517e-02 1.888910588605220361e-02 1.880054677347629821e-02
-5.890000000000000568e+00 1.278954058385920020e-04 1.278954058385920020e-04 1.288437180979895319e-04 1.282115099250578363e-04 1.890124642694111790e-02 1.890179879073588046e-02 1.903620181618309246e-02 1.894641567795336129e-02
-5.879999999999999005e+00 1.288893750538975852e-04 1.288893750538975852e-04 1.298507480772179135e-04 1.292098327283377037e-04 1.904836622076314448e-02 1.904892097854919003e-02 1.918519990410993623e-02 1.909416236780742474e-02
-5.869999999999999218e+00 1.298963619784455404e-04 1.298963619784455404e-04 1.308710971484512448e-04 1.302212737017807752e-04 1.919738732840266596e-02 1.919794449709893644e-02 1.933613654126590392e-02 1.924382278892250095e-02
-5.859999999999999432e+00 1.309166819244539349e-04 1.309166819244539349e-04 1.319049805850914679e-04 1.312461148113331397e-04 1.934834653982095073e-02 1.934890613762144801e-02 1.948904922543093221e-02 1.939543396762443903e-02
-5.849999999999999645e+00 1.319505590295235549e-04 1.319505590295235549e-04 1.329527390256391708e-04 1.322846190282287511e-04 1.950128174566687078e-02 1.950184379318723599e-02 1.964397661504065432e-02 1.954903405129825369e-02
-5.839999999999999858e+00 1.329982807469614887e-04 1.329982807469615158e-04 1.340146675212863553e-04 1.333370763384031561e-04 1.965623196242850118e-02 1.965679648307134403e-02 1.980095856898367312e-02 1.970466233816117047e-02
-5.830000000000000071e+00 1.340601243995621038e-04 1.340601243995621038e-04 1.350909522202098909e-04 1.344037336731113662e-04 1.981323734795127980e-02 1.981380436717493712e-02 1.996003617180818965e-02 1.986235929564479988e-02
-5.820000000000000284e+00 1.351363723753758704e-04 1.351363723753758704e-04 1.361819578208788473e-04 1.354849008572102051e-04 1.997233920659976375e-02 1.997290875037516927e-02 2.012125174561463573e-02 2.002216656752985394e-02
-5.810000000000000497e+00 1.362273108613960002e-04 1.362273108613960002e-04 1.372879920376264594e-04 1.365808712534728200e-04 2.013357998422869721e-02 2.013415207744019900e-02 2.028464885084341196e-02 2.018412697083743490e-02
-5.799999999999998934e+00 1.373332817624372019e-04 1.373332817624372019e-04 1.384093689163566198e-04 1.376919774804103141e-04 2.029700325472945377e-02 2.029757792021454760e-02 2.045027227876219586e-02 2.034828448456873357e-02
-5.789999999999999147e+00 1.384545548034088209e-04 1.384545548034088209e-04 1.395463784430048476e-04 1.388184960166075055e-04 2.046265370139004058e-02 2.046323096000883870e-02 2.061816803874418416e-02 2.051468423338102115e-02
-5.779999999999999361e+00 1.395914680901832582e-04 1.395914680901832582e-04 1.406993726528988438e-04 1.399607696110884896e-04 2.063057709754224922e-02 2.063115696908112903e-02 2.078838334380210887e-02 2.068337247014182326e-02
-5.769999999999999574e+00 1.407443647938893432e-04 1.407443647938893432e-04 1.418686896519110363e-04 1.411191397465632409e-04 2.080082029187707571e-02 2.080140279617101462e-02 2.096096659818601562e-02 2.085439656207803416e-02
-5.759999999999999787e+00 1.419135880856559864e-04 1.419135880856559864e-04 1.430546840079973401e-04 1.422939533931030863e-04 2.097343120448463827e-02 2.097401636206696132e-02 2.113596739162035970e-02 2.102780498605731629e-02
-5.750000000000000000e+00 1.430994266851044240e-04 1.430994266851044240e-04 1.442577216859409453e-04 1.434855250187165978e-04 2.114845884014534758e-02 2.114904667208171093e-02 2.131343650558005509e-02 2.120364733926904249e-02
-5.740000000000000213e+00 1.443023516610906435e-04 1.443023516610906435e-04 1.454781813136663568e-04 1.446942948786158903e-04 2.132595332565659363e-02 2.132654385272148359e-02 2.149342593761680020e-02 2.138197437199829132e-02
-5.730000000000000426e+00 1.455226327385239363e-04 1.455226327385239363e-04 1.467164554485534875e-04 1.459205736418671200e-04 2.150596597735168064e-02 2.150655921906292900e-02 2.167598894974120949e-02 2.156283804871860638e-02
-5.719999999999998863e+00 1.467607169262917543e-04 1.467607169262917543e-04 1.479728961259300110e-04 1.471647766595045065e-04 2.168854940284718064e-02 2.168914537691741390e-02 2.186118014585498176e-02 2.174629164187319094e-02
-5.709999999999999076e+00 1.480170157764858739e-04 1.480170157764858739e-04 1.492479858114790006e-04 1.484273391214835738e-04 2.187375763710909873e-02 2.187435635960204364e-02 2.204905558084392300e-02 2.193238985918502179e-02
-5.699999999999999289e+00 1.492919079170307729e-04 1.492919079170307729e-04 1.505421157962661674e-04 1.497086438767759225e-04 2.206164630754635370e-02 2.206224779358914589e-02 2.223967290040951630e-02 2.212118900051500761e-02
-5.689999999999999503e+00 1.505858049000182819e-04 1.505858049000183090e-04 1.518557064965822404e-04 1.510091054322062771e-04 2.225227281738290097e-02 2.225287708196000205e-02 2.243309150656757484e-02 2.231274713530349146e-02
-5.679999999999999716e+00 1.518991575332781876e-04 1.518991575332781876e-04 1.531892834327906109e-04 1.523291994997823197e-04 2.244569653253047914e-02 2.244630359090268867e-02 2.262937273965926616e-02 2.250712428769747683e-02
-5.669999999999999929e+00 1.532324558803782328e-04 1.532324558803782599e-04 1.545432075044179054e-04 1.536693730883914480e-04 2.264197895610290182e-02 2.264258882366095363e-02 2.282858006477918658e-02 2.270438261484768183e-02
-5.660000000000000142e+00 1.545861456838917760e-04 1.545861456838917760e-04 1.559180624822774971e-04 1.550301179500203678e-04 2.284118387728887450e-02 2.284179656902525155e-02 2.303077924925085729e-02 2.290458656518832778e-02
-5.650000000000000355e+00 1.559606663548213556e-04 1.559606663548213556e-04 1.573143207015392775e-04 1.564118844703939963e-04 2.304337748675803002e-02 2.304399301673798819e-02 2.323603851896183931e-02 2.310780300748595251e-02
-5.640000000000000568e+00 1.573566003976661974e-04 1.573566003976662245e-04 1.587324734920852185e-04 1.578152247624725829e-04 2.324862845772451836e-02 2.324924683892177005e-02 2.344442868483292974e-02 2.331410132715974054e-02
-5.629999999999999005e+00 1.587744163486539393e-04 1.587744163486539393e-04 1.601731236194405298e-04 1.592406521055827757e-04 2.345700799805632009e-02 2.345762924264646609e-02 2.365602323565734605e-02 2.352355349212004176e-02
-5.619999999999999218e+00 1.602146587228598360e-04 1.602146587228598360e-04 1.616367725440001212e-04 1.606886966632399311e-04 2.366858988346002071e-02 2.366921400333263717e-02 2.387089839969356447e-02 2.373623409549540514e-02
-5.609999999999999432e+00 1.616779226879243195e-04 1.616779226879243195e-04 1.631240508902001270e-04 1.621599654220162463e-04 2.388345048373117022e-02 2.388407749086235085e-02 2.408913318328111119e-02 2.395222038595820960e-02
-5.599999999999999645e+00 1.631647400957814923e-04 1.631647400957815194e-04 1.646355196351995055e-04 1.636549999422541634e-04 2.410166879399244788e-02 2.410229870041315919e-02 2.431080939912563105e-02 2.417159229784374488e-02
-5.589999999999999858e+00 1.646757314403543343e-04 1.646757314403543614e-04 1.661718068708060417e-04 1.651744232505049034e-04 2.432332648128904609e-02 2.432395929867989942e-02 2.453601169928204540e-02 2.439443249308366479e-02
-5.580000000000000071e+00 1.662115045524246461e-04 1.662115045524246461e-04 1.677335736129948731e-04 1.667188609059480642e-04 2.454850795450048279e-02 2.454914369374185459e-02 2.476482762758587183e-02 2.462082642527607321e-02
-5.570000000000000284e+00 1.677727432416218723e-04 1.677727432416218723e-04 1.693215251987356576e-04 1.682890038939931069e-04 2.477730046254929611e-02 2.477793913364254377e-02 2.499734770328106842e-02 2.485086243315763957e-02
-5.560000000000000497e+00 1.693600806650103071e-04 1.693600806650103071e-04 1.709363251766318824e-04 1.698854955022175079e-04 2.500979422240089817e-02 2.501043583506331464e-02 2.523366554263080028e-02 2.508463186669834116e-02
-5.549999999999998934e+00 1.709742512847845452e-04 1.709742512847845452e-04 1.725787561288149154e-04 1.715090862327946686e-04 2.524608257425917796e-02 2.524672713916015915e-02 2.547387801922352743e-02 2.532222924421428586e-02
-5.539999999999999147e+00 1.726159135842915101e-04 1.726159135842915101e-04 1.742494765386317344e-04 1.731604345690715939e-04 2.548626215733207703e-02 2.548690968764186562e-02 2.571808545762874557e-02 2.556375243420089607e-02
-5.529999999999999361e+00 1.742859159939974111e-04 1.742859159939973840e-04 1.759493854891136175e-04 1.748404058257028223e-04 2.573043309652348759e-02 2.573108360931212688e-02 2.596639185029981506e-02 2.580930285204514202e-02
-5.519999999999999574e+00 1.759849929760967614e-04 1.759849929760967614e-04 1.776792693613345111e-04 1.765497517711760113e-04 2.597869918946835513e-02 2.597935270656231976e-02 2.621890508463415106e-02 2.605898566022160634e-02
-5.509999999999999787e+00 1.777139802979146182e-04 1.777139802979146182e-04 1.794399575910486796e-04 1.782893060622926296e-04 2.623116808521303717e-02 2.623182463335443568e-02 2.647573716669881713e-02 2.631290996175542768e-02
-5.500000000000000000e+00 1.794737137267757407e-04 1.794737137267757407e-04 1.812324024464807381e-04 1.800599433000107670e-04 2.648795145037907348e-02 2.648861106077199032e-02 2.673700443027890450e-02 2.657118898047665725e-02
-5.490000000000000213e+00 1.812651556614179799e-04 1.812651556614179799e-04 1.830575093422327846e-04 1.818626068883562211e-04 2.674916512478924674e-02 2.674982783227338248e-02 2.700282772466426270e-02 2.683394022724229847e-02
-5.480000000000000426e+00 1.830891418691661763e-04 1.830891418691661763e-04 1.849162685359534051e-04 1.836981840914285859e-04 2.701492927462962115e-02 2.701559511675024478e-02 2.727333258158451401e-02 2.710128565765479447e-02
-5.469999999999998863e+00 1.849467107276058246e-04 1.849467107276058246e-04 1.868097120736573829e-04 1.855677111762896864e-04 2.728536855568244185e-02 2.728603757182948564e-02 2.754864937018345478e-02 2.737335183256513205e-02
-5.459999999999999076e+00 1.868388246354747218e-04 1.868388246354747218e-04 1.887389036592127607e-04 1.874721843100540591e-04 2.756061230114726507e-02 2.756128453185804905e-02 2.782891345765243357e-02 2.765027009688591358e-02
-5.449999999999999289e+00 1.887666232754886357e-04 1.887666232754886628e-04 1.907049956384766754e-04 1.894127473964846489e-04 2.784079474777662044e-02 2.784147023422596165e-02 2.811426539978444453e-02 2.793217679392901234e-02
-5.439999999999999503e+00 1.907312083409394717e-04 1.907312083409394717e-04 1.927091530204474155e-04 1.913905232341087863e-04 2.812605531099778705e-02 2.812673409464707536e-02 2.840485118806218914e-02 2.821921353123569079e-02
-5.429999999999999716e+00 1.927337195145429705e-04 1.927337195145429705e-04 1.947526167929710761e-04 1.934066852740190057e-04 2.841653891491011108e-02 2.841722103725415061e-02 2.870082257607766904e-02 2.851152750941398153e-02
-5.419999999999999929e+00 1.947754357735691439e-04 1.947754357735691439e-04 1.968367419121652587e-04 1.954625378197678398e-04 2.871239637720935517e-02 2.871308187952896496e-02 2.900233749768477837e-02 2.880927191814103283e-02
-5.410000000000000142e+00 1.968575601164400618e-04 1.968575601164400618e-04 1.989627820290173728e-04 1.975593007539658231e-04 2.901378484308477987e-02 2.901447376610109471e-02 2.930956057424292938e-02 2.911260639447627030e-02
-5.400000000000000355e+00 1.989815488044038155e-04 1.989815488044038155e-04 2.011322947099056474e-04 1.996984641062377595e-04 2.932086825659302454e-02 2.932156063999210444e-02 2.962266369210174444e-02 2.942169752956228998e-02
-5.390000000000000568e+00 2.011487821198604730e-04 2.011487821198605001e-04 2.033467742055017650e-04 2.018814461484075523e-04 2.963381785484647118e-02 2.963451373673152422e-02 2.994182661911688401e-02 2.973671940356495749e-02
-5.379999999999999005e+00 2.033607923029058235e-04 2.033607923029058235e-04 2.056077907453253504e-04 2.041097917837123325e-04 2.995281267053514010e-02 2.995351208696290721e-02 3.026723762412851515e-02 3.005785412720885993e-02
-5.369999999999999218e+00 2.056191622462005353e-04 2.056191622462005353e-04 2.079170791797326303e-04 2.063851345573778913e-04 3.027804003268253635e-02 3.027874301744068464e-02 3.059909406793367981e-02 3.038529237268564054e-02
-5.359999999999999432e+00 2.079255508212531913e-04 2.079255508212531913e-04 2.102764630010687630e-04 2.087091882145250576e-04 3.060969606306607194e-02 3.061040264775393566e-02 3.093760294759632587e-02 3.071923388613877551e-02
-5.349999999999999645e+00 2.102817435309851956e-04 2.102817435309851956e-04 2.126878036911028773e-04 2.110837635843577562e-04 3.094798617446298944e-02 3.094869638875575799e-02 3.128298139409108752e-02 3.105988798576993226e-02
-5.339999999999999858e+00 2.126896271834481167e-04 2.126896271834481167e-04 2.151530893630169505e-04 2.135107812433043495e-04 3.129312558355282214e-02 3.129383945541018563e-02 3.163545714136788839e-02 3.140747406011029641e-02
-5.330000000000000071e+00 2.151511392392588902e-04 2.151511392392588902e-04 2.176745234033948745e-04 2.159922672939708669e-04 3.164533985363519181e-02 3.164605740923506771e-02 3.199526899822140863e-02 3.176222208703055605e-02
-5.320000000000000284e+00 2.176685084112838474e-04 2.176685084112838474e-04 2.202543471882442683e-04 2.185304546702706544e-04 3.200486547964499079e-02 3.200558674300569423e-02 3.236266735955709711e-02 3.212437319406926534e-02
-5.310000000000000497e+00 2.202438621072591281e-04 2.202438621072591281e-04 2.228950426932572136e-04 2.211275889692585080e-04 3.237195052170228210e-02 3.237267551421428580e-02 3.273791479013748312e-02 3.249418027535135034e-02
-5.299999999999998934e+00 2.228796696397355808e-04 2.228796696397356079e-04 2.255991298835498173e-04 2.237861563876736596e-04 3.274685528680430779e-02 3.274758402704549404e-02 3.312128670347598558e-02 3.287190867244192682e-02
-5.289999999999999147e+00 2.255784256475465747e-04 2.255784256475465747e-04 2.283694199764875010e-04 2.265087570905269015e-04 3.312985305425676652e-02 3.313058555839876879e-02 3.351307214476337282e-02 3.325783691913963142e-02
-5.279999999999999361e+00 2.283428527060687085e-04 2.283428527060687085e-04 2.312088381577075721e-04 2.292981811899483116e-04 3.352123084081441717e-02 3.352196712365170667e-02 3.391357467354592231e-02 3.365225754600402464e-02
-5.269999999999999574e+00 2.311758506746565791e-04 2.311758506746566062e-04 2.341205882019553922e-04 2.321574298504228682e-04 3.392129020585534643e-02 3.392203028213579274e-02 3.432311333243127233e-02 3.405547794014081309e-02
-5.259999999999999787e+00 2.340805726754905064e-04 2.340805726754905064e-04 2.371080638310957441e-04 2.350897363940256037e-04 3.433034810279438770e-02 3.433109198834719683e-02 3.474202368410096026e-02 3.446782125841418853e-02
-5.250000000000000000e+00 2.370603237884461251e-04 2.370603237884461793e-04 2.401749626823842837e-04 2.380985367530922051e-04 3.474873778740546204e-02 3.474948549964309436e-02 3.517065889967517511e-02 3.488962739557457254e-02
-5.240000000000000213e+00 2.401187130087901870e-04 2.401187130087901870e-04 2.433251976664783922e-04 2.411875412280195888e-04 3.517680979455171941e-02 3.517756135221718206e-02 3.560939088562252441e-02 3.532125401079714427e-02
-5.230000000000000426e+00 2.432595772683324295e-04 2.432595772683324295e-04 2.465630742514155534e-04 2.443607429293601194e-04 3.561493299126700790e-02 3.561568841371051675e-02 3.605861144164584919e-02 3.576307761554111536e-02
-5.219999999999998863e+00 2.464871080668386131e-04 2.464871080668386131e-04 2.498931638312001263e-04 2.476224599882924328e-04 3.606349570766299167e-02 3.606425501417636487e-02 3.651873344648920439e-02 3.621549472277618698e-02
-5.209999999999999076e+00 2.498058134826066593e-04 2.498058134826066593e-04 2.533205823149116431e-04 2.509774030933749692e-04 3.652290693997079646e-02 3.652367014964653935e-02 3.699019207147953570e-02 3.667892305369896411e-02
-5.199999999999999289e+00 2.532205561618905941e-04 2.532205561618905941e-04 2.568507242007383681e-04 2.544306121748398340e-04 3.699359761451211093e-02 3.699436474677048753e-02 3.747344602273589009e-02 3.715380279467282720e-02
-5.189999999999999503e+00 2.567367306028784106e-04 2.567367306028784106e-04 2.604895538282260429e-04 2.579876716779943061e-04 3.747602189882309753e-02 3.747679297436606882e-02 3.796897881245585304e-02 3.764059789521500415e-02
-5.179999999999999716e+00 2.603600478822902086e-04 2.603600478822901544e-04 2.642435927151371138e-04 2.616545628265724561e-04 3.797065854634518872e-02 3.797143358807022334e-02 3.847730005771918260e-02 3.813979739737820285e-02
-5.169999999999999929e+00 2.640968142444866822e-04 2.640968142444866822e-04 2.681199828731571427e-04 2.654378704540435205e-04 3.847801226291153176e-02 3.847879129635688178e-02 3.899894680141794551e-02 3.865191678689545302e-02
-5.160000000000000142e+00 2.679540070803165743e-04 2.679540070803165743e-04 2.721266007761662586e-04 2.693448716455998024e-04 3.899861508459669807e-02 3.899939813781052450e-02 3.953448484343994457e-02 3.917749935528238442e-02
-5.150000000000000355e+00 2.719391989482691676e-04 2.719391989482691676e-04 2.762720826865216789e-04 2.733834935276867437e-04 3.953302775544381004e-02 3.953381485853490335e-02 4.008451006050982313e-02 3.971711755816284550e-02
-5.140000000000000568e+00 2.760607348584522024e-04 2.760607348584522024e-04 2.805660272653187431e-04 2.775624989940743284e-04 4.008184108893933506e-02 4.008263227376775845e-02 4.064964967950595448e-02 4.027137434740434702e-02
-5.129999999999999005e+00 2.803278715671458487e-04 2.803278715671458487e-04 2.850190842143789766e-04 2.818916091162235399e-04 4.064567728807212676e-02 4.064647258840596578e-02 4.123056345230420583e-02 4.084090444292742816e-02
-5.119999999999999218e+00 2.847508155662271381e-04 2.847508155662271381e-04 2.896431188970879402e-04 2.863815833431807207e-04 4.122519118563337109e-02 4.122599063776347106e-02 4.182794466143994333e-02 4.142637549494559979e-02
-5.109999999999999432e+00 2.893409763459950097e-04 2.893409763459950097e-04 2.944513136435245536e-04 2.910444221118382272e-04 4.182107134942044530e-02 4.182187499286389720e-02 4.244252086604883428e-02 4.202848906944438301e-02
-5.099999999999999645e+00 2.941110043845945247e-04 2.941110043845945247e-04 2.994586109604069455e-04 2.958935399098653316e-04 4.243404097761077631e-02 4.243484885534195422e-02 4.307505427831745393e-02 4.264798137042340176e-02
-5.089999999999999858e+00 2.990751583791142316e-04 2.990751583791142316e-04 3.046817515205155831e-04 3.009440227595813668e-04 4.306485848853943560e-02 4.306567064637566861e-02 4.372634164221848169e-02 4.328562359237785734e-02
-5.080000000000000071e+00 3.042494065507161407e-04 3.042494065507161407e-04 3.101396667200735928e-04 3.062128266071686609e-04 4.371431768765654535e-02 4.371513417285653735e-02 4.439721346786718037e-02 4.394222177612674973e-02
-5.070000000000000284e+00 3.096517685494508941e-04 3.096517685494508398e-04 3.158539345518329472e-04 3.117191572169115423e-04 4.438324737306609952e-02 4.438406823262520950e-02 4.508853245540635907e-02 4.461861602036588936e-02
-5.060000000000000497e+00 3.153026953484957943e-04 3.153026953484957943e-04 3.218491974887370348e-04 3.174848627285762259e-04 4.507251021981132505e-02 4.507333549914420423e-02 4.580119092056773172e-02 4.531567887984108700e-02
-5.049999999999998934e+00 3.212254871278179161e-04 3.212254871278179161e-04 3.281536436832892603e-04 3.235348726463084003e-04 4.578300076126431972e-02 4.578383050378942443e-02 4.653610700913086290e-02 4.603431275806153800e-02
-5.039999999999999147e+00 3.274468124629663791e-04 3.274468124629663249e-04 3.347998174085954994e-04 3.298978141115093831e-04 4.651564226303853827e-02 4.651647651074758416e-02 4.729421946022156764e-02 4.677544607800256798e-02
-5.029999999999999361e+00 3.339972908295714654e-04 3.339972908295714654e-04 3.418255434676783860e-04 3.366067083756071237e-04 4.727138226019496348e-02 4.727222105482427328e-02 4.807648065075938865e-02 4.754002798859287282e-02
-5.019999999999999574e+00 3.409124929915068481e-04 3.409124929915068481e-04 3.492749655710620745e-04 3.436999838513586083e-04 4.805118650287912990e-02 4.805202988698305255e-02 4.888384762935242545e-02 4.832902133973820263e-02
-5.009999999999999787e+00 3.482335741579531537e-04 3.482335741579531537e-04 3.571998126509014259e-04 3.512223203222692445e-04 4.885603103097511252e-02 4.885687904835597783e-02 4.971727083252044932e-02 4.914339363728384424e-02
-5.000000000000000000e+00 3.560088568760590914e-04 3.560088568760590372e-04 3.656613489847399044e-04 3.592263542456194166e-04 4.968689207831714777e-02 4.968774477365042047e-02 5.057768017572408098e-02 4.998410567589721409e-02
-4.990000000000000213e+00 3.642952619659070774e-04 3.642952619659070774e-04 3.747323749718329514e-04 3.677742996345490173e-04 5.054473349750511491e-02 5.054559091545829386e-02 5.146596823339603943e-02 5.085209754878648736e-02
-4.980000000000000426e+00 3.731601320128579325e-04 3.731601320128579325e-04 3.845003422659042254e-04 3.769402020972067329e-04 5.143049140404658270e-02 5.143135358843739513e-02 5.238297027376308257e-02 5.174827175541568680e-02
-4.969999999999998863e+00 3.826841945426122144e-04 3.826841945426122144e-04 3.950709754335536691e-04 3.868131215062593298e-04 5.234505577152689937e-02 5.234592276498441915e-02 5.332944100428230194e-02 5.267347318026454478e-02
-4.959999999999999076e+00 3.929644492174238254e-04 3.929644492174238254e-04 4.065732738950655618e-04 3.975007241099711070e-04 5.328924877661904425e-02 5.329012062084257512e-02 5.430602801990459805e-02 5.362846580578874145e-02
-4.949999999999999289e+00 4.041188152089512562e-04 4.041188152089512562e-04 4.191660840947362791e-04 4.091345715042129486e-04 5.426379980243863088e-02 5.426467653874483821e-02 5.531324213641103382e-02 5.461390615919816532e-02
-4.939999999999999503e+00 4.162918549381199214e-04 4.162918549381199214e-04 4.330471663100350145e-04 4.218769587287582315e-04 5.526931716939202655e-02 5.527019883900360919e-02 5.635142503974185924e-02 5.563031368271249832e-02
-4.929999999999999716e+00 4.296625998964365427e-04 4.296625998964365427e-04 4.484654399092281819e-04 4.359302132340337377e-04 5.630625688044487570e-02 5.630714352413215829e-02 5.742071499013932240e-02 5.667803846490544750e-02
-4.919999999999999929e+00 4.444550863795396559e-04 4.444550863795396559e-04 4.657379392975614192e-04 4.515493706855469103e-04 5.737488894596930178e-02 5.737578060304989597e-02 5.852101168160505490e-02 5.775722707687475088e-02
-4.910000000000000142e+00 4.609531713625045386e-04 4.609531713625045386e-04 4.852741778010948677e-04 4.690601735087013150e-04 5.847526219079307586e-02 5.847615889798492977e-02 5.965194175918870495e-02 5.886778761598891047e-02
-4.900000000000000355e+00 4.795211101044339849e-04 4.795211101044339849e-04 5.076111485892183381e-04 4.888844562660288415e-04 5.960716883442510744e-02 5.960807062526985584e-02 6.081282691530155715e-02 6.000935545833217116e-02
-4.890000000000000568e+00 5.006334284987522167e-04 5.006334284987522167e-04 5.334644711023078670e-04 5.115771093666041363e-04 6.077011055733665124e-02 6.077101746276192262e-02 6.200265688762895272e-02 6.118126163590916627e-02
-4.879999999999999005e+00 5.249179144378726073e-04 5.249179144378726073e-04 5.638063580126244584e-04 5.378807289627898910e-04 6.196326819317259094e-02 6.196418024327039753e-02 6.322007002037148549e-02 6.238250615227147050e-02
-4.869999999999999218e+00 5.532208583171048825e-04 5.532208583171048825e-04 5.999856491405691338e-04 5.688091219249262996e-04 6.318547757844641954e-02 6.318639480495576166e-02 6.446334427426694824e-02 6.361173888588972369e-02
-4.859999999999999432e+00 5.867065979883072987e-04 5.867065979883072987e-04 6.439193541297800376e-04 6.057775167021314366e-04 6.443521439573333953e-02 6.443613683439503026e-02 6.573040162062490643e-02 6.486725095025108745e-02
-4.849999999999999645e+00 6.270158333522491594e-04 6.270158333522491594e-04 6.984100667466162666e-04 6.508139111503714923e-04 6.571059100388979002e-02 6.571151869586544514e-02 6.701882857478828892e-02 6.614697942484783211e-02
-4.839999999999999858e+00 6.765247522187537192e-04 6.765247522187537192e-04 7.676907078920153140e-04 7.069134041098409536e-04 6.700936819725487881e-02 6.701030118929147961e-02 6.832591516785210817e-02 6.744852818479950274e-02
-4.830000000000000071e+00 7.387894559132846678e-04 7.387894559132846678e-04 8.584078945012293222e-04 7.786622687759327775e-04 6.832898452001788525e-02 6.832992286360997647e-02 6.964871389524796008e-02 6.876920709295862577e-02
-4.820000000000000284e+00 8.193456619754633467e-04 8.193456619754632382e-04 9.814984018090614198e-04 8.733965752533293710e-04 6.966660514291675432e-02 6.966754889315740495e-02 7.098411912171893878e-02 7.010609105259769935e-02
-4.810000000000000497e+00 9.272424511685336277e-04 9.272424511685336277e-04 1.156026285106759050e-03 1.003503729147942319e-03 7.101919137779175162e-02 7.102014059248075439e-02 7.232896610451758357e-02 7.145609935826335857e-02
-4.799999999999998934e+00 1.078230352592760228e-03 1.078230352592760444e-03 1.417729727658696703e-03 1.191396810948072531e-03 7.238359068602380486e-02 7.238454542525170343e-02 7.368014730425505310e-02 7.281609447184352046e-02
-4.789999999999999147e+00 1.302142612762410964e-03 1.302142612762410964e-03 1.840225876006935414e-03 1.481503700510585853e-03 7.375664559816617893e-02 7.375760592413777017e-02 7.503474210853140758e-02 7.418299787694511427e-02
-4.779999999999999361e+00 1.662715177116090614e-03 1.662715177116090614e-03 2.595545290029802575e-03 1.973658548087327790e-03 7.513531841293440150e-02 7.513628438954125799e-02 7.639015465006585015e-02 7.555391915084716525e-02
-4.769999999999999574e+00 2.321911129620351632e-03 2.321911129620351632e-03 4.160811985175645426e-03 2.934878081472116519e-03 7.651682702636715405e-02 7.651779871815815592e-02 7.774425322473056676e-02 7.692629298975195429e-02
-4.759999999999999787e+00 3.722482465456847158e-03 3.722482465456847158e-03 8.149641137852473363e-03 5.198202022922054737e-03 7.789878591837022526e-02 7.789976338899669284e-02 7.909550406315403459e-02 7.829801779017364627e-02
-4.750000000000000000e+00 6.258093905556137183e-03 6.258093905556137183e-03 1.856285980922228046e-02 1.035968254011152001e-02 7.927934535580920261e-02 7.928032866643230925e-02 8.044309200815308314e-02 7.966758867679819833e-02
-4.740000000000000213e+00 1.105425043672891849e-02 1.105425043672891849e-02 2.606644311762337796e-02 1.605831466369373600e-02 8.065732139866248207e-02 8.065831060692446597e-02 8.178702107185985282e-02 8.103421769248227158e-02
-4.730000000000000426e+00 1.859755808266107951e-02 1.859755808266107951e-02 1.991376458274639674e-02 1.903629358268952090e-02 8.203230941526790110e-02 8.203330457511957829e-02 8.312818889596668148e-02 8.239793429545140546e-02
-4.719999999999998863e+00 2.579665090362764923e-02 2.579665090362764923e-02 1.289742910402101074e-02 2.149691030375877263e-02 8.340477456068649820e-02 8.340577572287051489e-02 8.446843074823347230e-02 8.375966034393014792e-02
-4.709999999999999076e+00 2.342713289695142961e-02 2.342713289695142961e-02 1.089426999546728829e-02 1.924951192979004744e-02 8.477611401542790859e-02 8.477712122802211203e-02 8.581053072232761036e-02 8.512125532192588162e-02
-4.699999999999999289e+00 1.419597514405840366e-02 1.419597514405840366e-02 7.963920848486821802e-03 1.211862371220120797e-02 8.614868761596729263e-02 8.614970092438235805e-02 8.715820007729149776e-02 8.648552953921372077e-02
-4.689999999999999503e+00 6.593251747958320773e-03 6.593251747958320773e-03 4.230034033966312973e-03 5.805512509960984550e-03 8.752581566796396872e-02 8.752683511417026774e-02 8.851602493855183218e-02 8.785622524022868030e-02
-4.679999999999999716e+00 3.664655736910104288e-03 3.664655736910104288e-03 2.545108454159256562e-03 3.291473309326488524e-03 8.891174500884596599e-02 8.891277063019548121e-02 8.988938766061217722e-02 8.923796776655119889e-02
-4.669999999999999929e+00 2.460817862405442757e-03 2.460817862405442757e-03 1.841211663566655549e-03 2.254282462792513760e-03 9.031158655113040445e-02 9.031261837954332461e-02 9.128436782215719469e-02 9.063619091761029867e-02
-4.660000000000000142e+00 1.870517756172312192e-03 1.870517756172312192e-03 1.485675002566023669e-03 1.742236838303549062e-03 9.173122937426797519e-02 9.173226743653666027e-02 9.270762993304601518e-02 9.205704224795022150e-02
-4.650000000000000355e+00 1.549176705217114505e-03 1.549176705217114505e-03 1.284370856365721130e-03 1.460908088933316785e-03 9.317723776186555285e-02 9.317828208141647195e-02 9.416630538952422413e-02 9.350727507760207835e-02
-4.640000000000000568e+00 1.370045276199309808e-03 1.370045276199309808e-03 1.164979860458420892e-03 1.301690137619013502e-03 9.465673828507426002e-02 9.465778888493441012e-02 9.566787600244798517e-02 9.499413439081888511e-02
-4.629999999999999005e+00 1.284267550459106642e-03 1.284267550459106642e-03 1.096304973339596624e-03 1.221613358085936636e-03 9.617730406950296407e-02 9.617836097578398580e-02 9.722006560025645006e-02 9.652524354851445276e-02
-4.619999999999999218e+00 1.286852718089579123e-03 1.286852718089579340e-03 1.064976437775951804e-03 1.212893957985037045e-03 9.774684278906319024e-02 9.774790603418959112e-02 9.883074489415494268e-02 9.810849790580257468e-02
-4.609999999999999432e+00 1.430326552074155481e-03 1.430326552074155481e-03 1.068947928125032771e-03 1.309867010757781100e-03 9.937349381281908312e-02 9.937456343795877944e-02 1.005078531525056135e-01 9.975197013442782534e-02
-4.599999999999999645e+00 1.804979111266460197e-03 1.804979111266460197e-03 1.120665691389261020e-03 1.576874637974060543e-03 1.010655384484737823e-01 1.010666145049772535e-01 1.022593384499299041e-01 1.014638304677936559e-01
-4.589999999999999858e+00 2.727240427168008564e-03 2.727240427168008997e-03 1.265196809029260584e-03 2.239892554455092354e-03 1.028313255620789263e-01 1.028324081119763866e-01 1.040931165127758212e-01 1.032522833956103642e-01
-4.580000000000000071e+00 3.724139285536473380e-03 3.724139285536473380e-03 1.549971532606236489e-03 2.999416701226394633e-03 1.046792131880112942e-01 1.046803023036726732e-01 1.060170466251308813e-01 1.051255207056049495e-01
-4.570000000000000284e+00 2.891110124339203117e-03 2.891110124339203117e-03 2.248991582868617618e-03 2.677070610515674617e-03 1.066175252280934654e-01 1.066186209910863630e-01 1.080389217913169386e-01 1.070916893368322603e-01
-4.560000000000000497e+00 2.095890241153118300e-03 2.095890241153118300e-03 4.030662738999398094e-03 2.740814407101878087e-03 1.086545210799793604e-01 1.086556235791408531e-01 1.101664694223192659e-01 1.091588713604798172e-01
-4.549999999999998934e+00 1.680921646490000573e-03 1.680921646490000140e-03 3.951676559846468983e-03 2.437839950942156855e-03 1.107983750855347227e-01 1.107994844143854740e-01 1.124073582267470089e-01 1.113350725755557630e-01
-4.539999999999999147e+00 1.304476556332902649e-03 1.304476556332902866e-03 2.229445391136032888e-03 1.612799501267279251e-03 1.130571620533051269e-01 1.130582783071350655e-01 1.147692067054328080e-01 1.136282156886243427e-01
-4.529999999999999361e+00 1.141776376238353135e-03 1.141776376238353135e-03 1.508315800103031661e-03 1.263956184193246049e-03 1.154388447499568870e-01 1.154399680231082276e-01 1.172595886123490028e-01 1.160461337951380345e-01
-4.519999999999999574e+00 1.082498553005322404e-03 1.082498553005322404e-03 1.264167384284667307e-03 1.143054830098437589e-03 1.179512591161130663e-01 1.179523894999829209e-01 1.198860308832783023e-01 1.185965598331247678e-01
-4.509999999999999787e+00 1.064168985234967496e-03 1.064168985234967280e-03 1.171297197730802615e-03 1.099878389400245869e-03 1.206020929786224549e-01 1.206032305607500077e-01 1.226559997798610385e-01 1.212871077730778152e-01
-4.500000000000000000e+00 1.066306624789237862e-03 1.066306624789237862e-03 1.138580794545312504e-03 1.090398014707929554e-03 1.233988541482484991e-01 1.233999990124674262e-01 1.255768712942017529e-01 1.241252414849725733e-01
-4.490000000000000213e+00 1.081116079881664672e-03 1.081116079881664672e-03 1.135505082147688586e-03 1.099245747303672716e-03 1.263488239710800487e-01 1.263499761984334391e-01 1.286558821695221733e-01 1.271182274463452389e-01
-4.480000000000000426e+00 1.105198436759572030e-03 1.105198436759572030e-03 1.149950725190957909e-03 1.120115866236700512e-03 1.294589926278414960e-01 1.294601522978035824e-01 1.319000582001406963e-01 1.302730677085952582e-01
-4.469999999999998863e+00 1.137018112258008718e-03 1.137018112258008718e-03 1.176560366480517263e-03 1.150198863665511566e-03 1.327359727568761527e-01 1.327371399484573722e-01 1.353161167886870464e-01 1.335964098313401904e-01
-4.459999999999999076e+00 1.175979267590026916e-03 1.175979267590026916e-03 1.212888664791978918e-03 1.188282399990677656e-03 1.361858883450370039e-01 1.361870631375090568e-01 1.389103410955840612e-01 1.370944308593767258e-01
-4.449999999999999289e+00 1.222044533825690721e-03 1.222044533825690721e-03 1.257935624521098854e-03 1.234008230724160026e-03 1.398142363363009955e-01 1.398154188094934136e-01 1.426884235757767960e-01 1.407726929071904109e-01
-4.439999999999999503e+00 1.275572986999316252e-03 1.275572986999316252e-03 1.311530774459879894e-03 1.287558916152837466e-03 1.436257191149833967e-01 1.436269093492447135e-01 1.466552773400219001e-01 1.446359686014166424e-01
-4.429999999999999716e+00 1.337261505102175759e-03 1.337261505102175759e-03 1.374066684651341222e-03 1.349529898285230841e-03 1.476240469998604532e-01 1.476252450758635537e-01 1.508148146947599910e-01 1.486880355901613326e-01
-4.419999999999999929e+00 1.408141007129534283e-03 1.408141007129534283e-03 1.446395166620393106e-03 1.420892393626487079e-03 1.518117112067463026e-01 1.518129172052897213e-01 1.551696934989587606e-01 1.529314406369982893e-01
-4.410000000000000142e+00 1.489617317037580805e-03 1.489617317037580805e-03 1.529813597181248555e-03 1.503016077085470199e-03 1.561897294564623118e-01 1.561909434583757805e-01 1.597210337100895550e-01 1.573672355416425583e-01
-4.400000000000000355e+00 1.583551194796359914e-03 1.583551194796359914e-03 1.626111594776204813e-03 1.597737994789641619e-03 1.607573685536776154e-01 1.607585906398461273e-01 1.644681087289905363e-01 1.619946893075047689e-01
-4.389999999999998792e+00 1.692385221065458500e-03 1.692385221065458500e-03 1.737676136211460578e-03 1.707482192780792598e-03 1.655118508315388259e-01 1.655130810830098553e-01 1.694080189053038810e-01 1.668109836066175578e-01
-4.379999999999999005e+00 1.819334124207543047e-03 1.819334124207543047e-03 1.867663699399764758e-03 1.835443982604950501e-03 1.704480542858700653e-01 1.704492927839853234e-01 1.745353577801219691e-01 1.718109016166591008e-01
-4.369999999999999218e+00 1.968672005659013926e-03 1.968672005659013926e-03 2.020261478638870050e-03 1.985868496652299156e-03 1.755582193851470407e-01 1.755594662116488902e-01 1.798418851916343819e-01 1.769865235961434191e-01
-4.359999999999999432e+00 2.146159847579836525e-03 2.146159847579836091e-03 2.201079701391726699e-03 2.164466465517132961e-03 1.808316787393147995e-01 1.808329339764110921e-01 1.853162250338816208e-01 1.823269459165358652e-01
-4.349999999999999645e+00 2.359713911440057803e-03 2.359713911440057803e-03 2.417755786757255863e-03 2.379061203212457301e-03 1.862546287698865211e-01 1.862558925002906485e-01 1.909436089261092873e-01 1.878180433987621523e-01
-4.339999999999999858e+00 2.620457880439868228e-03 2.620457880439868228e-03 2.680892380324279272e-03 2.640602713734671765e-03 1.918099649085318881e-01 1.918112372155397760e-01 1.967056899210092302e-01 1.934422973483602981e-01
-4.330000000000000071e+00 2.944463357626850037e-03 2.944463357626850037e-03 3.005574297192495012e-03 2.964833670815398507e-03 1.974772032799673172e-01 1.974784842475902635e-01 2.025804521919222778e-01 1.991787132398266102e-01
-4.320000000000000284e+00 3.355736075210984364e-03 3.355736075210984364e-03 3.413905645644914333e-03 3.375125932022294498e-03 2.032325119042172890e-01 2.032338016173598771e-01 2.085422429034326508e-01 2.050028521416699112e-01
-4.310000000000000497e+00 3.891625183301676040e-03 3.891625183301676040e-03 3.939465897924539044e-03 3.907572088175963708e-03 2.090488728229502324e-01 2.090501713675761430e-01 2.145619507284536320e-01 2.108869983063266507e-01
-4.299999999999998934e+00 4.613256956528670981e-03 4.613256956528670981e-03 4.635611832998574183e-03 4.620708582018638426e-03 2.148963929390480254e-01 2.148977004023341075e-01 2.206073513713043832e-01 2.168004815708955146e-01
-4.289999999999999147e+00 5.627321690635837814e-03 5.627321690635837814e-03 5.592121070382210721e-03 5.615588150551296606e-03 2.207427756257587803e-01 2.207440920961843411e-01 2.266436338045157428e-01 2.227101671754862788e-01
-4.279999999999999361e+00 7.136364431027556604e-03 7.136364431027556604e-03 6.971947090985149142e-03 7.081558651013421073e-03 2.265539573693522435e-01 2.265552829367088183e-01 2.326341117845129591e-01 2.285811173635246552e-01
-4.269999999999999574e+00 9.571044936660855554e-03 9.571044936660855554e-03 9.103564055259779145e-03 9.415217976193830662e-03 2.322949041449381691e-01 2.322962389002933836e-01 2.385411139276445991e-01 2.343774189909586803e-01
-4.259999999999999787e+00 1.400238865062021498e-02 1.400238865062021498e-02 1.275725210620719946e-02 1.358734313581587763e-02 2.379305514184917314e-01 2.379318954541463915e-01 2.443270328650729295e-01 2.400631599125703786e-01
-4.250000000000000000e+00 2.369172163624546842e-02 2.369172163624546842e-02 2.015693630314048870e-02 2.251345985854380852e-02 2.434268603738876380e-01 2.434282137833529980e-01 2.499555007052977063e-01 2.456035249541794196e-01
-4.240000000000000213e+00 4.851678302079436012e-02 4.851678302079436012e-02 3.761549687260279384e-02 4.488302097139716673e-02 2.487519521120624411e-01 2.487533149900601481e-01 2.553926453905883687e-01 2.509659708309036619e-01
-4.230000000000000426e+00 8.876128149395781652e-02 8.876128149395781652e-02 5.611182669024047942e-02 7.787812989271870878e-02 2.538772721831357160e-01 2.538786446256078855e-01 2.606083718211447131e-01 2.561214295432960864e-01
-4.219999999999998863e+00 8.449314616994225979e-02 8.449314616994225979e-02 9.049071696434576872e-02 8.649233643474342481e-02 2.587787308991325030e-01 2.587801130032562069e-01 2.655776040825762463e-01 2.610454826616550039e-01
-4.209999999999999076e+00 1.047941787637772515e-01 1.047941787637772376e-01 1.810240508442709229e-01 1.302041361239418271e-01 2.634377613067215296e-01 2.634391531709132650e-01 2.702814217909136896e-01 2.657194454228494762e-01
-4.199999999999999289e+00 8.860816613414490561e-02 8.860816613414490561e-02 1.495616919633003805e-01 1.089260080771967398e-01 2.678422370935694685e-01 2.678436388174870730e-01 2.747080251518674299e-01 2.701313003543080460e-01
-4.189999999999999503e+00 1.118080812478410152e-01 1.118080812478410152e-01 1.087481714374912839e-01 1.107881113110577714e-01 2.719871973248892405e-01 2.719886090094413289e-01 2.788534700278570977e-01 2.742764254540626112e-01
-4.179999999999999716e+00 1.357105065381588316e-01 1.357105065381588316e-01 1.142259285131309171e-01 1.285489805298162258e-01 2.758753336122394817e-01 2.758767553596245814e-01 2.827221257871341820e-01 2.781580715863327669e-01
-4.169999999999999929e+00 1.461281195728178495e-01 1.461281195728178772e-01 1.566355674643906681e-01 1.496306022033421224e-01 2.795172075341755269e-01 2.795186394479368119e-01 2.863268241113010038e-01 2.817875570311376698e-01
-4.160000000000000142e+00 1.038251954458066367e-01 1.038251954458066367e-01 1.249213620034140826e-01 1.108572509650091187e-01 2.829311809054896321e-01 2.829326230905647721e-01 2.896886849463740088e-01 2.851841629808095080e-01
-4.150000000000000355e+00 9.467933991769851565e-02 9.467933991769851565e-02 6.736910071248297660e-02 8.557592684929332671e-02 2.861430575883683880e-01 2.861445101511179701e-01 2.928366247825917590e-01 2.883747308406927612e-01
-4.139999999999998792e+00 6.065062285642831841e-02 6.065062285642831841e-02 3.987567992446692383e-02 5.372564187910784661e-02 2.891854515623054622e-01 2.891869146105082167e-01 2.958065707156535273e-01 2.913929789628225131e-01
-4.129999999999999005e+00 2.946208186538416471e-02 2.946208186538416471e-02 2.270584277527634004e-02 2.721000216868155880e-02 2.920969105345526118e-01 2.920983841773682754e-01 2.986404196565829450e-01 2.942785714561679811e-01
-4.119999999999999218e+00 1.704577496106240986e-02 1.704577496106241333e-02 1.430967522296647948e-02 1.613374171503043422e-02 2.949208362624646806e-01 2.949223206103788741e-01 3.013847942979420713e-01 2.970759837235952272e-01
-4.109999999999999432e+00 1.162579460722457970e-02 1.162579460722458144e-02 1.031611276536078398e-02 1.118923399326998171e-02 2.977042510665865449e-01 2.977057462313567049e-01 3.040896551412688997e-01 2.998332174797374017e-01
-4.099999999999999645e+00 8.775477386930755075e-03 8.775477386930756810e-03 8.082920186097276860e-03 8.544624986652930160e-03 3.004964642432444433e-01 3.004979703378579114e-01 3.068068307138579476e-01 3.026004217649867489e-01
-4.089999999999999858e+00 7.086971595177223547e-03 7.086971595177223547e-03 6.701822659477773246e-03 6.958588616610739824e-03 3.033476922006390630e-01 3.033492093392907707e-01 3.095885262729894949e-01 3.054284759376397762e-01
-4.080000000000000071e+00 6.011667276652082371e-03 6.011667276652082371e-03 5.796922560932409388e-03 5.940085704745525289e-03 3.063076825516045099e-01 3.063092108496879851e-01 3.124858655235212002e-01 3.083675863082712132e-01
-4.070000000000000284e+00 5.297794336722661673e-03 5.297794336722661673e-03 5.186293224962108643e-03 5.260627299469144286e-03 3.094243858844301087e-01 3.094259254585355889e-01 3.155475112412765015e-01 3.114659408614140479e-01
-4.060000000000000497e+00 4.815784780060900459e-03 4.815784780060900459e-03 4.772259790619849153e-03 4.801276450247216401e-03 3.127427105482855074e-01 3.127442615161971640e-01 3.188184004905448288e-01 3.147684575183424815e-01
-4.049999999999998934e+00 4.493487446665180539e-03 4.493487446665180539e-03 4.498768356475836908e-03 4.495247749935399328e-03 3.163033867008097633e-01 3.163049491815004277e-01 3.223386196748197485e-01 3.183156518523766465e-01
-4.039999999999999147e+00 4.288662022777950909e-03 4.288662022777950909e-03 4.332497005917693676e-03 4.303273683824531542e-03 3.201419572136857128e-01 3.201435313273081062e-01 3.261424351603626204e-01 3.221426412337854983e-01
-4.029999999999999361e+00 4.176084670639469351e-03 4.176084670639469351e-03 4.253701875577352298e-03 4.201957072285429466e-03 3.242879057939792586e-01 3.242894916618585532e-01 3.302574875898631745e-01 3.262782950152336992e-01
-4.019999999999999574e+00 4.141085774226534524e-03 4.141085774226533657e-03 4.251562311225606447e-03 4.177911286559557631e-03 3.287639275564194774e-01 3.287655253010486334e-01 3.347041528257747034e-01 3.307445352277476602e-01
-4.009999999999999787e+00 4.176222952142316647e-03 4.176222952142316647e-03 4.321855028612036666e-03 4.224766977632223031e-03 3.335853446292700308e-01 3.335869543743090193e-01 3.394950698935981226e-01 3.355557896323923539e-01
-4.000000000000000000e+00 4.279668279942128867e-03 4.279668279942128867e-03 4.466021219846445442e-03 4.341785926576901058e-03 3.387596691715137887e-01 3.387612910417907575e-01 3.446348361018697903e-01 3.407185987717247788e-01
-3.989999999999998437e+00 4.454682136612974144e-03 4.454682136612974144e-03 4.691280521670433343e-03 4.533548264965461122e-03 3.442863180343052609e-01 3.442879521558176448e-01 3.501198711202211378e-01 3.462313804367814218e-01
-3.980000000000000426e+00 4.709981955247803838e-03 4.709981955247803838e-03 5.011805395180300195e-03 4.810589768558636535e-03 3.501564865134721427e-01 3.501581330133846648e-01 3.559384543646054166e-01 3.520843579638207599e-01
-3.969999999999998863e+00 5.061090341066873388e-03 5.061090341066872521e-03 5.451337330816805916e-03 5.191172670983517853e-03 3.563531922806535412e-01 3.563548512872911633e-01 3.620709425908126833e-01 3.582596620529190923e-01
-3.960000000000000853e+00 5.533097029163700810e-03 5.533097029163700810e-03 6.048210949670541035e-03 5.704801669332646395e-03 3.628515035965094726e-01 3.628531752393455156e-01 3.684901761387060493e-01 3.647316183248536792e-01
-3.949999999999999289e+00 6.165848999592710503e-03 6.165848999592711370e-03 6.864929237765626281e-03 6.398875745650349674e-03 3.696189672558116146e-01 3.696206516654486629e-01 3.751620819194427803e-01 3.714672336135677044e-01
-3.940000000000001279e+00 7.023864577313746610e-03 7.023864577313746610e-03 8.007251332077714237e-03 7.351660162235069441e-03 3.766162504899097097e-01 3.766179477980578505e-01 3.820464783514467277e-01 3.784268922131380775e-01
-3.929999999999999716e+00 8.216473905145224577e-03 8.216473905145224577e-03 9.665160821749342948e-03 8.699369544013265190e-03 3.837980066303969817e-01 3.837997169698473821e-01 3.890980817191211361e-01 3.855652684397884444e-01
-3.919999999999998153e+00 9.943012302069667227e-03 9.943012302069667227e-03 1.221022858923564644e-02 1.069875106445832870e-02 3.911139664795670323e-01 3.911156899841655155e-01 3.962677049447982935e-01 3.928324538028436508e-01
-3.910000000000000142e+00 1.260992240901662870e-02 1.260992240901662870e-02 1.646011024834971928e-02 1.389331835546099223e-02 3.985102462645045418e-01 3.985119830691234988e-01 4.035036290474177112e-01 4.001752861270151951e-01
-3.899999999999998579e+00 1.720060440367984084e-02 1.720060440367984084e-02 2.453384079281548114e-02 1.964501653339172094e-02 4.059308494903498543e-01 4.059325997308622092e-01 4.107531155231598508e-01 4.075388549147905826e-01
-3.890000000000000568e+00 2.663656920624208474e-02 2.663656920624208474e-02 4.322613044249438985e-02 3.216642295165952209e-02 4.133193251272833657e-01 4.133210889405370403e-01 4.179640157446242732e-01 4.148681432708148376e-01
-3.879999999999999005e+00 4.457388870399794922e-02 4.457388870399794922e-02 9.559822784874023871e-02 6.158200175224537443e-02 4.206205298865959286e-01 4.206223074103874748e-01 4.250864226292511705e-01 4.221097533087448950e-01
-3.870000000000000995e+00 6.069615963912553674e-02 6.069615963912553674e-02 1.391179566410073731e-01 8.683675863975282017e-02 4.277824295630591744e-01 4.277842209361040759e-01 4.320743016664084224e-01 4.292136507218572428e-01
-3.859999999999999432e+00 1.185465362223262348e-01 1.185465362223262348e-01 1.054753144443274643e-01 1.141894622963266492e-01 4.347578652018933010e-01 4.347596705637871706e-01 4.388870341162774968e-01 4.361348566273192673e-01
-3.850000000000001421e+00 1.994320247332656559e-01 1.994320247332656282e-01 1.616106477237378714e-01 1.868248990634230333e-01 4.415062055702778099e-01 4.415080250614475954e-01 4.454908056323304555e-01 4.428350120880185092e-01
-3.839999999999999858e+00 2.033295411897879934e-01 2.033295411897879656e-01 2.239569972749754223e-01 2.102053598848504512e-01 4.479948089604157691e-01 4.479966427220553604e-01 4.518597790314225482e-01 4.492837435712978555e-01
-3.829999999999998295e+00 2.108392834069008348e-01 2.108392834069008348e-01 1.767460970270275378e-01 1.994748879469430969e-01 4.542002249524746404e-01 4.542020731264677091e-01 4.579770001755623654e-01 4.554597660848349050e-01
-3.820000000000000284e+00 2.453597246803020104e-01 2.453597246803020104e-01 1.437794770078150153e-01 2.114996421228063361e-01 4.601090799236340345e-01 4.601109426524644941e-01 4.638350000939334139e-01 4.613516742233441104e-01
-3.809999999999998721e+00 1.987100860054938356e-01 1.987100860054938356e-01 1.164369104491037449e-01 1.712856941533638100e-01 4.657186076203473357e-01 4.657204850470012536e-01 4.694360732369950440e-01 4.669583886347812851e-01
-3.800000000000000711e+00 1.043342663886601962e-01 1.043342663886601962e-01 1.454254383171573461e-01 1.180313236981592601e-01 4.710368062961148294e-01 4.710386985639786195e-01 4.747922294799976073e-01 4.722892447800303151e-01
-3.789999999999999147e+00 6.934438815842340620e-02 6.934438815842340620e-02 1.224329030362087678e-01 8.704055978435186469e-02 4.760822247426340637e-01 4.760841319953916240e-01 4.799248344565772983e-01 4.773637303982010693e-01
-3.780000000000001137e+00 6.095148174488903420e-02 6.095148174488904114e-02 5.680650661344779917e-02 5.956982336774195586e-02 4.808833989887406624e-01 4.808853213702684037e-01 4.848639674318969695e-01 4.822108959303019748e-01
-3.769999999999999574e+00 3.800624519611625618e-02 3.800624519611625618e-02 3.434988788161708745e-02 3.678745942461653096e-02 4.854779777729570367e-01 4.854799154272138040e-01 4.896475370156778140e-01 4.868684767386161627e-01
-3.759999999999998010e+00 3.074998930917462181e-02 3.074998930917462875e-02 2.795474535664936935e-02 2.981824132499953997e-02 4.899115868953547448e-01 4.899135399662626345e-01 4.943202018912709050e-01 4.913817762509627984e-01
-3.750000000000000000e+00 3.555921344236646908e-02 3.555921344236646908e-02 3.058007907833642722e-02 3.389950198768978962e-02 4.942364896688880571e-01 4.942384583001998011e-01 4.989321463180047544e-01 4.958023647623641117e-01
-3.739999999999998437e+00 6.089659323235182414e-02 6.089659323235182414e-02 4.817681781941306196e-02 5.665666809470557008e-02 4.985101030535508682e-01 4.985120873887002868e-01 5.035377589419489652e-01 5.001866497947333734e-01
-3.730000000000000426e+00 1.263539089866602405e-01 1.263539089866602405e-01 8.525974539103424454e-02 1.126558544547849039e-01 5.027934274005764204e-01 5.027954275825101682e-01 5.081942593696672228e-01 5.045943714509180111e-01
-3.719999999999998863e+00 1.044274861032398610e-01 1.044274861032398610e-01 8.191166250053308340e-02 9.692221156900425461e-02 5.071494432033475386e-01 5.071514593743409183e-01 5.129603112320709757e-01 5.090870712699199219e-01
-3.710000000000000853e+00 6.745710941779188563e-02 6.745710941779188563e-02 1.117230203951921769e-01 8.221241307692532529e-02 5.116415221658959789e-01 5.116435544673527680e-01 5.178946543481474096e-01 5.137265769937987558e-01
-3.699999999999999289e+00 5.726299373547827365e-02 5.726299373547828059e-02 8.981428969298863030e-02 6.811342572131505457e-02 5.163318935059076908e-01 5.163339420781436484e-01 5.230547831776701795e-01 5.185735395872403952e-01
-3.690000000000001279e+00 3.276043166142862673e-02 3.276043166142862673e-02 4.090175995355223998e-02 3.547420775880316679e-02 5.212802006729271298e-01 5.212822656549429556e-01 5.284956947699949170e-01 5.236860536992882231e-01
-3.679999999999999716e+00 1.906555258107273110e-02 1.906555258107273110e-02 2.273894220049631903e-02 2.029001578754725810e-02 5.265421791303970256e-01 5.265442606596338893e-01 5.342687271656997305e-01 5.291183889852435485e-01
-3.669999999999998153e+00 1.372363517474606102e-02 1.372363517474606102e-02 1.574267592656492312e-02 1.439664875868568346e-02 5.321684825986496836e-01 5.321705808107290991e-01 5.404205085125475261e-01 5.349198573073088436e-01
-3.660000000000000142e+00 1.127453325065877476e-02 1.127453325065877476e-02 1.253092682114972413e-02 1.169333110748909180e-02 5.382036828285610142e-01 5.382057978570031764e-01 5.469920374321618484e-01 5.411338393725751983e-01
-3.649999999999998579e+00 1.005858182786270594e-02 1.005858182786270594e-02 1.093509205006390657e-02 1.035075190192977224e-02 5.446854658922470893e-01 5.446875978681685604e-01 5.540179155543395462e-01 5.477969931049185837e-01
-3.640000000000000568e+00 9.511236920365305839e-03 9.511236920365304104e-03 1.019451558431543059e-02 9.738996475015344531e-03 5.516440452915682968e-01 5.516461943433536019e-01 5.615257526488794948e-01 5.549386640946003535e-01
-3.629999999999999005e+00 9.416469643289047259e-03 9.416469643289047259e-03 1.001173871551038451e-02 9.614892667362826342e-03 5.591018080607540464e-01 5.591039743136988482e-01 5.695357625325219164e-01 5.625805149689916407e-01
-3.620000000000000995e+00 9.705351859352517180e-03 9.705351859352517180e-03 1.028536551863474743e-02 9.898689745779927843e-03 5.670732038184915780e-01 5.670753873944169854e-01 5.780605632587509923e-01 5.707363848238863335e-01
-3.609999999999999432e+00 1.040074117173469398e-02 1.040074117173469398e-02 1.103283250608279482e-02 1.061143828318406035e-02 5.755648780683280119e-01 5.755670790851602492e-01 5.871051877348019143e-01 5.794123816294299845e-01
-3.600000000000001421e+00 1.162281231082022692e-02 1.162281231082022692e-02 1.239359239463931443e-02 1.187973900542658827e-02 5.845760400284222280e-01 5.845782585997423286e-01 5.966673010296416058e-01 5.886071998859354615e-01
-3.589999999999999858e+00 1.365767705062195456e-02 1.365767705062195456e-02 1.471331323136392671e-02 1.400955577753594528e-02 5.940990424216949783e-01 5.941012786562449577e-01 6.067376088815753521e-01 5.983126433198384664e-01
-3.579999999999998295e+00 1.717861536536170394e-02 1.717861536536170394e-02 1.881863335597263806e-02 1.772528802889868083e-02 6.041201369393348619e-01 6.041223909404870307e-01 6.173004293402701848e-01 6.085143190733639518e-01
-3.570000000000000284e+00 2.401692554046064992e-02 2.401692554046064992e-02 2.695967394152622848e-02 2.499784167414917380e-02 6.146203558275551426e-01 6.146226276927347909e-01 6.283343874443700905e-01 6.191924569882200080e-01
-3.559999999999998721e+00 4.009458321578503182e-02 4.009458321578503182e-02 4.661806123253940670e-02 4.226907588803649474e-02 6.255764587871159854e-01 6.255787486071738845e-01 6.398131828453771375e-01 6.303227967465556691e-01
-3.550000000000000711e+00 7.158489940019339970e-02 7.158489940019339970e-02 9.905685021205265506e-02 8.074221633747981353e-02 6.369618767112619206e-01 6.369641845697898708e-01 6.517063737962014436e-01 6.418774783590844857e-01
-3.539999999999999147e+00 9.779586346695430532e-02 9.779586346695430532e-02 1.246454030295590237e-01 1.067457099878225263e-01 6.487475811512251056e-01 6.487499071238058690e-01 6.639801191354121057e-01 6.538258691368143971e-01
-3.530000000000001137e+00 1.452462413183939205e-01 1.452462413183939205e-01 1.059316304873191839e-01 1.321413710413690268e-01 6.609028118404275398e-01 6.609051559938109444e-01 6.765978235849079425e-01 6.661352638063821052e-01
-3.519999999999999574e+00 1.816922606233530857e-01 1.816922606233530857e-01 1.638358182029964472e-01 1.757401131499008728e-01 6.733956046042847143e-01 6.733979669954792691e-01 6.895206410214518300e-01 6.787714042070720488e-01
-3.509999999999998010e+00 2.008330963391617985e-01 2.008330963391617985e-01 2.240863846939087634e-01 2.085841924574107775e-01 6.861930782871318302e-01 6.861954589624046363e-01 7.027078048905442964e-01 6.916987807133602173e-01
-3.500000000000000000e+00 1.437405253118495818e-01 1.437405253118495818e-01 1.356229890361004276e-01 1.410346798865998452e-01 6.992614609117585589e-01 6.992638599055360782e-01 7.161167734356513881e-01 7.048806980843154157e-01
-3.489999999999998437e+00 1.659892229882741765e-01 1.659892229882741765e-01 1.082960441083742759e-01 1.467581633616408809e-01 7.125658603728708407e-01 7.125682777065444062e-01 7.297031981568654624e-01 7.182791120787602734e-01
-3.480000000000000426e+00 1.297290256577051937e-01 1.297290256577052214e-01 9.182237492812356239e-02 1.170934754145113027e-01 7.260698111738461691e-01 7.260722468544895669e-01 7.434207447153270421e-01 7.318542675812209630e-01
-3.469999999999998863e+00 6.598252675715138293e-02 6.598252675715138293e-02 9.438099934814542236e-02 7.544868428748272016e-02 7.397346533105866317e-01 7.397371073296066246e-01 7.572208140202310034e-01 7.455641915534747532e-01
-3.460000000000000853e+00 4.761431247253619659e-02 4.761431247253619659e-02 9.506644252283563690e-02 6.343168915596933410e-02 7.535188196161846097e-01 7.535212919479297167e-01 7.710522252563134504e-01 7.593641122734758886e-01
-3.449999999999999289e+00 3.740257868838227362e-02 3.740257868838227362e-02 5.465492430746401314e-02 4.315336056140951781e-02 7.673771212555602350e-01 7.673796118559175206e-01 7.848609303375679858e-01 7.732058878163485804e-01
-3.440000000000001279e+00 3.190938093804650960e-02 3.190938093804650960e-02 4.432081937106930464e-02 3.604652708238743897e-02 7.812601258127849224e-01 7.812626346177846681e-01 7.985898296005190522e-01 7.870375300103628069e-01
-3.429999999999999716e+00 3.480941149829663156e-02 3.480941149829663156e-02 5.154262328267014692e-02 4.038714875975447233e-02 7.951137176972125076e-01 7.951162446216398783e-01 8.121787512433700229e-01 8.008029045207408769e-01
-3.419999999999998153e+00 4.922292688580823250e-02 4.922292688580823250e-02 8.492985853053995615e-02 6.112523743405214038e-02 8.088789166650388607e-01 8.088814616010224778e-01 8.255646427908586160e-01 8.144416736856399108e-01
-3.410000000000000142e+00 7.176179246703112691e-02 7.176179246703112691e-02 1.739235545076741885e-01 1.058157131472454715e-01 8.224920084977662693e-01 8.224945713132777447e-01 8.386820033309743128e-01 8.278895277140060349e-01
-3.399999999999998579e+00 8.372329315469675959e-02 8.372329315469675959e-02 1.433258599867571204e-01 1.035908154320502039e-01 8.358850146848834095e-01 8.358875952220516936e-01 8.514635627551342401e-01 8.410787242206898551e-01
-3.390000000000000568e+00 1.509578910456923773e-01 1.509578910456923773e-01 9.233265773359825013e-02 1.314161466083276775e-01 8.489864984332933240e-01 8.489890965064260664e-01 8.638411914815622428e-01 8.539389288070938777e-01
-3.379999999999999005e+00 1.517620537025706207e-01 1.517620537025706207e-01 9.310688092553311146e-02 1.322103294435580945e-01 8.617226759063029151e-01 8.617252912995125858e-01 8.757470039385040206e-01 8.663983237147732108e-01
-3.370000000000000995e+00 1.172742910582044162e-01 1.172742910582044162e-01 1.446956004484825087e-01 1.264147275216304656e-01 8.740187775811358861e-01 8.740214100455047097e-01 8.871146038570996151e-01 8.783849304945801073e-01
-3.359999999999999432e+00 1.702792512373655087e-01 1.702792512373655087e-01 3.196003173035223410e-01 2.200529399260844621e-01 8.858005877057095745e-01 8.858032369559748487e-01 8.978804108750729762e-01 8.898280785122522074e-01
-3.350000000000001421e+00 3.144458755512063997e-01 3.144458755512063997e-01 5.427299586185649893e-01 3.905405699069925962e-01 8.969960817312714330e-01 8.969987474420659801e-01 9.079850067860592011e-01 9.006599453197987604e-01
-3.339999999999999858e+00 3.863768045311430921e-01 3.863768045311431476e-01 3.383944564719361114e-01 3.703826885114074874e-01 9.075370827267800200e-01 9.075397645285000481e-01 9.173744455662137254e-01 9.108170976071645608e-01
-3.329999999999998295e+00 4.651692844760130785e-01 4.651692844760130785e-01 2.415896850279557195e-01 3.906427513266605978e-01 9.173608672207211878e-01 9.173635646951089351e-01 9.260014825791303972e-01 9.202419714983200993e-01
-3.320000000000000284e+00 3.998225735363248878e-01 3.998225735363249433e-01 2.680937068549878455e-01 3.559129513092125774e-01 9.264116665184133348e-01 9.264143791939323247e-01 9.338266927717739918e-01 9.288842461613731061e-01
-3.309999999999998721e+00 2.109061655604445862e-01 2.109061655604445584e-01 2.058440988911845182e-01 2.092188100040245635e-01 9.346420282660666823e-01 9.346447556131060042e-01 9.408194624405951112e-01 9.367020821065891178e-01
-3.300000000000000711e+00 1.482976499821038741e-01 1.482976499821038741e-01 1.429027389757020761e-01 1.464993463133032747e-01 9.420140214326105932e-01 9.420167628585122133e-01 9.469588514966609250e-01 9.436632119292609477e-01
-3.289999999999999147e+00 1.175627966724460405e-01 1.175627966724460405e-01 9.796854325342324588e-02 1.110313788661051043e-01 9.485002826842560131e-01 9.485030375281202630e-01 9.522343308194901601e-01 9.497458836772887381e-01
-3.280000000000001137e+00 8.811242656654338923e-02 8.811242656654338923e-02 1.025753294713859787e-01 9.293339420149092367e-02 9.540849107961073550e-01 9.540876783232943303e-01 9.566464008954338460e-01 9.549396633382785105e-01
-3.269999999999999574e+00 1.003715262702083721e-01 1.003715262702083721e-01 1.708510794421202184e-01 1.238647106608456450e-01 9.587642169204186882e-01 9.587669963166550735e-01 9.602070932803687953e-01 9.592461021724811854e-01
-3.259999999999998010e+00 1.618417951329972071e-01 1.618417951329972071e-01 2.572778494236995783e-01 1.936538132298979697e-01 9.625473322792925668e-01 9.625501226442978453e-01 9.629403465090847769e-01 9.626792671442250260e-01
-3.250000000000000000e+00 2.223159002580955279e-01 2.223159002580955279e-01 2.155340511044187279e-01 2.200552838735365946e-01 9.654566626602462120e-01 9.654594630008033196e-01 9.648822349365803186e-01 9.652661201992100981e-01
-3.239999999999998437e+00 2.804333213435799554e-01 2.804333213435799554e-01 3.281170256776314575e-01 2.963278894549304376e-01 9.675281636211959801e-01 9.675309728436111145e-01 9.660810153692175328e-01 9.670467172780082832e-01
-3.230000000000000426e+00 3.752510990272891478e-01 3.752510990272891478e-01 3.835522199536259280e-01 3.780181393360680930e-01 9.688113949118952739e-01 9.688142118138021175e-01 9.665969451698219750e-01 9.680741839651730851e-01
-3.219999999999998863e+00 3.260574594546480354e-01 3.260574594546480354e-01 2.601690889780058358e-01 3.040946692957672837e-01 9.693693007582768750e-01 9.693721240197571420e-01 9.665018194508887550e-01 9.684144147429741833e-01
-3.210000000000000853e+00 3.829225439868468306e-01 3.829225439868468306e-01 2.955175678682351870e-01 3.537875519473095975e-01 9.692776573123869088e-01 9.692804854863829034e-01 9.658781759145809165e-01 9.681454395711169836e-01
-3.199999999999999289e+00 3.660122990812928467e-01 3.660122990812928467e-01 2.880972052681068929e-01 3.400406011435642695e-01 9.686241317299888465e-01 9.686269632319804979e-01 9.648181247203353461e-01 9.673564065607681561e-01
-3.190000000000001279e+00 3.067111908640645090e-01 3.067111908640645646e-01 3.296603380441293085e-01 3.143609065907528310e-01 9.675069096792566770e-01 9.675097427761856217e-01 9.634217771565616317e-01 9.661461432040014952e-01
-3.179999999999999716e+00 2.677167529978032867e-01 2.677167529978032867e-01 1.913358230646929614e-01 2.422564430200998264e-01 9.660328688982368073e-01 9.660357016966456545e-01 9.617952694716489503e-01 9.646212800221771744e-01
-3.169999999999998153e+00 1.517463602715743987e-01 1.517463602715743987e-01 1.453010470139871613e-01 1.495979225190453010e-01 9.643153037663363403e-01 9.643181341996974743e-01 9.600484047576395286e-01 9.628939475745577070e-01
-3.160000000000000142e+00 1.012589769399553502e-01 1.012589769399553502e-01 9.505376747819643812e-02 9.919057378603571284e-02 9.624712369160037806e-01 9.624740627312126096e-01 9.582919635911397727e-01 9.610790877461186099e-01
-3.149999999999998579e+00 7.620571675859567906e-02 7.620571675859566518e-02 5.627470849777051892e-02 6.956204733832060949e-02 9.606183854500633945e-01 9.606212041930707324e-01 9.566347604812712735e-01 9.592914500414684298e-01
-3.140000000000000568e+00 6.616056849753519653e-02 6.616056849753519653e-02 4.440474155405366163e-02 5.890862618304135156e-02 9.588718781853058371e-01 9.588746871858689902e-01 9.551805456398436700e-01 9.576423703370059437e-01
-3.129999999999999005e+00 6.457256879185749310e-02 6.457256879185749310e-02 4.081671075099338464e-02 5.665394944490278334e-02 9.573408438439245938e-01 9.573436401994863676e-01 9.540248683654409811e-01 9.562364508029507215e-01
-3.120000000000000995e+00 5.639517435377332938e-02 5.639517435377332938e-02 5.343923437853551062e-02 5.540986102869405877e-02 9.561250063712509739e-01 9.561277869299694698e-01 9.532520283623694413e-01 9.551682738878631840e-01
-3.109999999999999432e+00 3.849076610695793821e-02 3.849076610695793821e-02 6.786264271854565433e-02 4.828139164415384821e-02 9.553114315818416191e-01 9.553141929248426534e-01 9.529322442915948432e-01 9.545192895994263349e-01
-3.100000000000001421e+00 2.653540868902458036e-02 2.653540868902458036e-02 4.014758833931871690e-02 3.107280190578929138e-02 9.549715689964072274e-01 9.549743074193924874e-01 9.531191650982784314e-01 9.543550138380259007e-01
-3.089999999999999858e+00 2.197446164957296902e-02 2.197446164957296902e-02 2.710620256839902514e-02 2.368504195584832106e-02 9.551587245888574218e-01 9.551614360832517692e-01 9.538478399277104947e-01 9.547226668666063398e-01
-3.079999999999998295e+00 2.020557340271884883e-02 2.020557340271884883e-02 2.307738567218923370e-02 2.116284415920897596e-02 9.559060852208629555e-01 9.559087654548027446e-01 9.551332476627625301e-01 9.556493661128093731e-01
-3.070000000000000284e+00 1.987973393544250136e-02 1.987973393544250483e-02 2.236003771302801438e-02 2.070650186130433557e-02 9.572253949984673715e-01 9.572280392980000441e-01 9.569694681976255168e-01 9.571409674980309035e-01
-3.059999999999998721e+00 2.068522419605319657e-02 2.068522419605319657e-02 2.368512502605515588e-02 2.168519113938718532e-02 9.591063588192318967e-01 9.591089621502613127e-01 9.593295552325783460e-01 9.591816254006904074e-01
-3.050000000000000711e+00 2.278797679607966198e-02 2.278797679607966198e-02 2.728062252374353555e-02 2.428552537196761868e-02 9.615168200213856098e-01 9.615193769730532303e-01 9.621661451299680090e-01 9.617341140414691347e-01
-3.039999999999999147e+00 2.695565022838248073e-02 2.695565022838248073e-02 3.482892046039383349e-02 2.958007363905293396e-02 9.644037281547951368e-01 9.644062329251980037e-01 9.654128085281441507e-01 9.647409232027122084e-01
-3.030000000000001137e+00 3.560833034836816818e-02 3.560833034836816818e-02 5.191032481567382784e-02 4.104232850413672140e-02 9.676948802107131486e-01 9.676973265961374970e-01 9.689861212403849677e-01 9.681261093490786118e-01
-3.019999999999999574e+00 5.575902752179685840e-02 5.575902752179685840e-02 9.911052990112265149e-02 7.020952831490544221e-02 9.713013849321098236e-01 9.713037663212754635e-01 9.727883988971964824e-01 9.717978500501941452e-01
-3.009999999999998010e+00 7.593825475254373236e-02 7.593825475254374624e-02 2.054046338169339958e-01 1.190937144406738202e-01 9.751207660069327599e-01 9.751230753821104047e-01 9.767110066135785695e-01 9.756516160008739114e-01
-3.000000000000000000e+00 1.134610608499784234e-01 1.134610608499784373e-01 1.472226214667959887e-01 1.247149143889176165e-01 9.790405872550479449e-01 9.790428172023362130e-01 9.806381220000847110e-01 9.795738421524896600e-01
-2.989999999999998437e+00 2.193380612794740281e-01 2.193380612794740558e-01 9.253528344321264310e-02 1.770704686673869044e-01 9.829424529670501842e-01 9.829445956985254362e-01 9.844507990200792591e-01 9.834459492285517745e-01
-2.980000000000000426e+00 1.795112308154649117e-01 1.795112282828366657e-01 9.935949384364625714e-02 1.527939843139826115e-01 9.867062113133268086e-01 9.867082587042137476e-01 9.880311540158660533e-01 9.871485413444687218e-01
-2.969999999999998863e+00 1.729807209563541670e-01 1.729807462826367659e-01 1.380862231524947470e-01 1.613492301304952081e-01 9.902141704289709745e-01 9.902161140733967137e-01 9.912664765337325656e-01 9.905655870120335660e-01
-2.960000000000000853e+00 2.504105164684549134e-01 2.504098959745319486e-01 2.116172745165254554e-01 2.374792289865040873e-01 9.933551276259399154e-01 9.933569589151763912e-01 9.940530592475533833e-01 9.935883819295563413e-01
-2.949999999999999289e+00 3.363931622262102406e-01 3.363924530902981380e-01 4.234742843314677763e-01 3.654199665493253479e-01 9.960280141382396035e-01 9.960297243655854560e-01 9.962995457794645571e-01 9.961190947610965019e-01
-2.940000000000001279e+00 3.589612758648622615e-01 3.589622002741762463e-01 6.005341813441935628e-01 4.394858858277441160e-01 9.981449722052819773e-01 9.981465527018416051e-01 9.979296141397101527e-01 9.980737130156110970e-01
-2.929999999999999716e+00 4.592865715388623760e-01 4.592866183924850798e-01 5.239487757431584569e-01 4.808406552248353227e-01 9.996337085543262058e-01 9.996351508598209090e-01 9.988838471680171471e-01 9.993842355273880873e-01
-2.919999999999998153e+00 5.160318424934658976e-01 5.160325111073259530e-01 5.337742207822656626e-01 5.219461914610191711e-01 1.000439007709103656e+00 1.000440303781470863e+00 9.991206885094255918e-01 1.000000000000000000e+00
-2.910000000000000142e+00 4.217817622978239367e-01 4.217815381602231239e-01 5.347597852174367228e-01 4.594410285584945575e-01 1.000523338021226394e+00 1.000524480488026224e+00 9.986164404230761793e-01 9.998880863107761918e-01
-2.899999999999998579e+00 3.309311580983309020e-01 3.309311834246134176e-01 2.528127408364456152e-01 3.048916941197966080e-01 9.998665396848643860e-01 9.998675221383478418e-01 9.973643237701865782e-01 9.990327951977993060e-01
-2.890000000000000568e+00 3.873256131856790963e-01 3.873255751962553228e-01 1.364150014089143825e-01 3.036887299302828969e-01 9.984646430743164824e-01 9.984654604103733178e-01 9.953726854724352924e-01 9.974342629857082532e-01
-2.879999999999999005e+00 2.116729174990204521e-01 2.116729352274182296e-01 9.480785775871970744e-02 1.727179034950527825e-01 9.963279227738512933e-01 9.963285715728938952e-01 9.926624987276512213e-01 9.951063310247989513e-01
-2.870000000000000995e+00 1.084385930898350003e-01 1.084386336118871169e-01 7.313178353232258067e-02 9.666967007801488543e-02 9.934783427921379806e-01 9.934788217372968466e-01 9.892643506960924205e-01 9.920738384085092676e-01
-2.859999999999999432e+00 7.742172402584479585e-02 7.742159232917540657e-02 8.341990974238917833e-02 7.942107536580313154e-02 9.899465872542021483e-01 9.899468975790771674e-01 9.852151465153149434e-01 9.883695437828647901e-01
-2.849999999999997868e+00 6.883627125663435709e-02 6.883650045949163410e-02 1.341588825922461203e-01 9.061055143612403717e-02 9.857688948710886523e-01 9.857690408258312775e-01 9.805547741285219887e-01 9.840309032751476392e-01
-2.839999999999999858e+00 7.851842170852196823e-02 7.851837612121334575e-02 9.577447129642997770e-02 8.427042304205510648e-02 9.809839225741178170e-01 9.809839118950273162e-01 9.753229701345461633e-01 9.790969348678975059e-01
-2.829999999999998295e+00 1.255975471555098311e-01 1.255975319597402995e-01 5.508681188460017031e-02 1.020939636666167577e-01 9.756298533248135563e-01 9.756296976891967176e-01 9.695566032824003422e-01 9.736053847654699833e-01
-2.820000000000000284e+00 9.006017092039748928e-02 9.006015952357034060e-02 4.372923236043979589e-02 7.461652093480254655e-02 9.697419363695620742e-01 9.697416518146717568e-01 9.632875517986742020e-01 9.675903799943025296e-01
-2.809999999999998721e+00 5.644746426308716591e-02 5.644746299677304291e-02 4.380442394066428463e-02 5.223311706684150013e-02 9.633506076972919718e-01 9.633502149801205228e-01 9.565412974425209214e-01 9.610807067066445830e-01
-2.800000000000000711e+00 5.133378009731558861e-02 5.133378896151449128e-02 5.297632413135032470e-02 5.188129773006013717e-02 9.564802879751724829e-01 9.564798128491005524e-01 9.493362980675196239e-01 9.540987996305975161e-01
-2.789999999999999147e+00 6.303480376766286419e-02 6.303484049077258400e-02 7.878462816411535563e-02 6.828475747418361053e-02 9.491488993551517872e-01 9.491483727403181581e-01 9.416841370539488221e-01 9.466604697164727744e-01
-2.780000000000001137e+00 1.046590860931687628e-01 1.046591709362153788e-01 1.537558456702413923e-01 1.210247008998751872e-01 9.413680861321859217e-01 9.413675441591130566e-01 9.335903877020120811e-01 9.387753393311039085e-01
-2.769999999999999574e+00 1.761437520447181881e-01 1.761431328171093325e-01 3.456142782220314458e-01 2.326337210279529610e-01 9.331440719746495471e-01 9.331435558852668732e-01 9.250560784101939937e-01 9.304479020900370267e-01
-2.759999999999998010e+00 2.339453075328976894e-01 2.339456139809168445e-01 2.790177216955801454e-01 2.489695477364648746e-01 9.244790424039951438e-01 9.244785983005786578e-01 9.160796040926120209e-01 9.216790815990619778e-01
-2.750000000000000000e+00 3.452896673327227051e-01 3.452927647370813147e-01 1.801717301344492039e-01 2.902513874014177597e-01 9.153729084884409950e-01 9.153725869288106276e-01 9.066589034623745436e-01 9.124681329598754997e-01
-2.739999999999998437e+00 2.876446118087591097e-01 2.876362642660231783e-01 2.009893839424983231e-01 2.587567533390935370e-01 9.058252882835248210e-01 9.058251437295541386e-01 8.967937117965700811e-01 9.028147146032161618e-01
-2.730000000000000426e+00 1.881162266106225500e-01 1.881898944350560710e-01 2.513971736060875428e-01 2.092344315505887398e-01 8.958375370976304763e-01 8.958376272330274004e-01 8.864877044882261137e-01 8.927209562729612191e-01
-2.719999999999998863e+00 2.108829109677862745e-01 2.105796629244590656e-01 2.631835798995036946e-01 2.282153845972496875e-01 8.854146656626655787e-01 8.854150506043082514e-01 8.757503666788664098e-01 8.821933609819467836e-01
-2.710000000000000853e+00 2.359019097540815402e-01 2.361503263956387932e-01 2.572568058155098591e-01 2.431030139884100549e-01 8.745670051491416519e-01 8.745677465831824815e-01 8.645984560494421878e-01 8.712444025939221071e-01
-2.699999999999999289e+00 2.220591879926816226e-01 2.218892992891835503e-01 3.654721755833769126e-01 2.698068876217473711e-01 8.633115072192976136e-01 8.633126674981590476e-01 8.530569660837900026e-01 8.598937136004155546e-01
-2.690000000000001279e+00 2.527902626209795889e-01 2.528695744074843654e-01 3.683164893350183156e-01 2.913254421211607381e-01 8.516726029073486970e-01 8.516742441461031543e-01 8.411595419355044623e-01 8.481687963296521415e-01
-2.679999999999999716e+00 2.634585957225957786e-01 2.634092347978614912e-01 1.868064677768597748e-01 2.378914327657723760e-01 8.396825827004748000e-01 8.396847659107394835e-01 8.289483463723108514e-01 8.361052316611750079e-01
-2.669999999999998153e+00 2.707437173667311403e-01 2.707670897266033494e-01 1.001872060177433493e-01 2.138993377036926269e-01 8.273814984147713769e-01 8.273842827111950182e-01 8.164734152631198949e-01 8.237463987963620227e-01
-2.660000000000000142e+00 1.806891346905832862e-01 1.806796335356761485e-01 6.585242463052384809e-02 1.424070642855944369e-01 8.148166222405708314e-01 8.148200641496107233e-01 8.037915773493885530e-01 8.111427545798566285e-01
-2.649999999999998579e+00 8.632399466058496285e-02 8.632381231135043131e-02 4.330958092346584576e-02 7.198579596513372814e-02 8.020415271125802548e-01 8.020456800060845604e-01 7.909650390510879481e-01 7.983507487232509581e-01
-2.640000000000000568e+00 5.228217846607389335e-02 5.228396903425178155e-02 3.429824619850570938e-02 4.628813123294379245e-02 7.891148734898084660e-01 7.891197871576586254e-01 7.780597502706713131e-01 7.854314703060462088e-01
-2.629999999999999005e+00 4.228177921369121600e-02 4.228332664955641168e-02 3.379220567199337638e-02 3.945243717841366571e-02 7.760989996855781614e-01 7.761047200530527546e-01 7.651436711820635006e-01 7.724491303068983239e-01
-2.620000000000000995e+00 4.440902232896552781e-02 4.440537787690330973e-02 4.577504691851184970e-02 4.486314904146023602e-02 7.630584159226523333e-01 7.630649849099383486e-01 7.522850535531591110e-01 7.594694847952498939e-01
-2.609999999999999432e+00 4.244926141381915458e-02 4.244931333269843371e-02 8.034948091383570246e-02 5.508268522011775664e-02 7.500582969963115465e-01 7.500657525103174850e-01 7.395508349595349973e-01 7.465582948220547133e-01
-2.599999999999997868e+00 5.987450880423658001e-02 5.987417323099249178e-02 6.184452711708774558e-02 6.053106971743894144e-02 7.371630562247606377e-01 7.371714322674939313e-01 7.270052227481332840e-01 7.337799037467959140e-01
-2.589999999999999858e+00 8.393241302968844353e-02 8.392964106806082014e-02 3.950616667583940061e-02 6.912274025786289966e-02 7.244350661987565276e-01 7.244443930722337388e-01 7.147085196540479135e-01 7.211959929750126896e-01
-2.579999999999998295e+00 6.238351055239374499e-02 6.238680524849363196e-02 4.084194357958344235e-02 5.520408646015693976e-02 7.119335719465832435e-01 7.119438765316183915e-01 7.027162174591274901e-01 7.088645553124429677e-01
-2.570000000000000284e+00 5.397982096752836773e-02 5.397739787544321433e-02 6.133025339600525067e-02 5.642915741299228682e-02 6.997138217634671919e-01 6.997251278486178450e-01 6.910783616063798096e-01 6.968391037394883192e-01
-2.559999999999998721e+00 6.618152599636413502e-02 6.617819938914822064e-02 1.175654181959551320e-01 8.330838119382250051e-02 6.878264221364301934e-01 6.878387507736988260e-01 6.798391702647560431e-01 6.851681143916282801e-01
-2.550000000000000711e+00 1.031352011381381217e-01 1.031476502723367300e-01 1.151698944025447285e-01 1.071509152710065360e-01 6.763169074949918480e-01 6.763302773603107054e-01 6.690368772226193972e-01 6.738946873593074649e-01
-2.539999999999999147e+00 9.357888558752733288e-02 9.357631750247445701e-02 6.763948853732912325e-02 8.493156387577696642e-02 6.652255039085648303e-01 6.652399316474029156e-01 6.587037595895101072e-01 6.630563983818259510e-01
-2.530000000000001137e+00 6.279745572464123793e-02 6.278479119040930589e-02 4.409682144474885712e-02 5.655968945326646929e-02 6.545870586572842820e-01 6.546025591986551762e-01 6.488663082406678217e-01 6.526853086988689823e-01
-2.519999999999999574e+00 4.705884580611195689e-02 4.709391764221870780e-02 4.398404490139793538e-02 4.604560278324286438e-02 6.444311045392695503e-01 6.444476913647987359e-01 6.395455002641853293e-01 6.428080987227513532e-01
-2.509999999999998010e+00 3.742921408650120435e-02 3.740382575453615049e-02 3.481466796824460308e-02 3.654923593642732393e-02 6.347820280717505481e-01 6.347997134301107680e-01 6.307571369971390896e-01 6.334462928330000242e-01
-2.500000000000000000e+00 3.558714149394791998e-02 3.558037051230209663e-02 3.808004256448511288e-02 3.641585152357838112e-02 6.256593133197608791e-01 6.256781083805690313e-01 6.225122170742172223e-01 6.246165462581824146e-01
-2.489999999999998437e+00 3.349924516464721641e-02 3.353478806960981384e-02 3.205382723796617456e-02 3.302928682407440392e-02 6.170778367751831306e-01 6.170977517202528295e-01 6.148173199051334414e-01 6.163309694668563932e-01
-2.480000000000000426e+00 3.086010595969834042e-02 3.084062574293185838e-02 2.052882806959581419e-02 2.740985325740866521e-02 6.090481924550732451e-01 6.090692365085677018e-01 6.076749801337915091e-01 6.085974696991443000e-01
-2.469999999999998863e+00 2.387298741240081318e-02 2.387577355674663435e-02 1.658324346843311620e-02 2.144400147919352240e-02 6.015770294173118371e-01 6.015992108197100174e-01 6.010840373759150923e-01 6.014200925376457230e-01
-2.460000000000000853e+00 1.752400482331301773e-02 1.752048497656106055e-02 1.673792665176868436e-02 1.726080548388091856e-02 5.946673858178669336e-01 5.946907117515340957e-01 5.950399478595423952e-01 5.947993484763144378e-01
-2.449999999999999289e+00 1.724588729039426560e-02 1.724540343176571636e-02 2.025431573300130045e-02 1.824853548505376427e-02 5.883190044911781325e-01 5.883434809675386346e-01 5.895350459409806065e-01 5.887325104665657172e-01
-2.440000000000001279e+00 2.169216160771873445e-02 2.169914583666382457e-02 3.004346808255042162e-02 2.447825850897766484e-02 5.825286152324999911e-01 5.825542469521505229e-01 5.845587446001868637e-01 5.832138689282791999e-01
-2.429999999999999716e+00 3.616630178413885593e-02 3.617600061068150519e-02 5.855115634156565774e-02 4.363115291212867758e-02 5.772901691737869490e-01 5.773169593712288439e-01 5.800976658355487814e-01 5.782349314601881174e-01
-2.419999999999998153e+00 6.690400822615993892e-02 6.686767184876434011e-02 1.364425370297473739e-01 9.007140570155722226e-02 5.725950116612391616e-01 5.726229619451842501e-01 5.761356952101756024e-01 5.737845562721995973e-01
-2.410000000000000142e+00 8.531693251697773650e-02 8.535460156336233117e-02 1.211071478691101710e-01 9.725956064981672311e-02 5.684319825942070192e-01 5.684610927926829760e-01 5.726539602166668130e-01 5.698490118678521954e-01
-2.399999999999998579e+00 9.970383605981318620e-02 9.971104645246164910e-02 5.594235827640177405e-02 8.511908026289222162e-02 5.647874377862953654e-01 5.648177058032340936e-01 5.696307397770464798e-01 5.664119611221919426e-01
-2.390000000000000568e+00 7.953454217698556483e-02 7.950733161898941581e-02 3.953808121092922123e-02 6.619331833563474321e-02 5.616451917345806066e-01 5.616766134215420703e-01 5.670413217359241420e-01 5.634543756306822360e-01
-2.379999999999999005e+00 4.452698113625647852e-02 4.452664556301241111e-02 4.049016544022174258e-02 4.318126404649687972e-02 5.589863909963426192e-01 5.590189600399700920e-01 5.648578358004365807e-01 5.609543956122498010e-01
-2.370000000000000995e+00 2.742592510527697841e-02 2.746068796073633522e-02 3.639878477490966074e-02 3.042846594697432711e-02 5.567893375237539244e-01 5.568230453469807939e-01 5.630490997808719200e-01 5.588871608838688054e-01
-2.359999999999999432e+00 2.622285500969166044e-02 2.618809607980610021e-02 2.641762349340066179e-02 2.627619152763280980e-02 5.550292917863826059e-01 5.550641274598462349e-01 5.615805256831294390e-01 5.572246483097860192e-01
-2.349999999999997868e+00 3.362610502057977041e-02 3.374638016967482917e-02 2.783233456877636652e-02 3.173493991967699102e-02 5.536782950634215883e-01 5.537142452234221635e-01 5.604141376347364645e-01 5.559355593071932944e-01
-2.339999999999999858e+00 2.687499234995891287e-02 2.683070529267524151e-02 2.158133290876049562e-02 2.509567685046488333e-02 5.527050575602091564e-01 5.527421063311582783e-01 5.595087543967304233e-01 5.549853060960326934e-01
-2.329999999999998295e+00 2.142740571495971996e-02 2.143143841893378060e-02 1.744836838693514941e-02 2.010240417360954768e-02 5.520749627185326247e-01 5.521130916411849388e-01 5.588203843218197964e-01 5.543361462271791940e-01
-2.320000000000000284e+00 1.932897757768255176e-02 1.933845441935844872e-02 1.783620026237894146e-02 1.883454408647331282e-02 5.517502372123689325e-01 5.517894251839782216e-01 5.583028696386009848e-01 5.539475106783160463e-01
-2.309999999999998721e+00 1.853477600100300951e-02 1.853303190655363267e-02 2.072070999024859181e-02 1.926283929926840902e-02 5.516903300093392026e-01 5.517305532476862728e-01 5.579088001489059812e-01 5.537765611353103745e-01
-2.300000000000000711e+00 1.992345203778816964e-02 1.991201722120657450e-02 3.004998605463334721e-02 2.329515177120936378e-02 5.518525324024675660e-01 5.518937644516679342e-01 5.575906948465205737e-01 5.537789972335519506e-01
-2.289999999999999147e+00 2.624885953011171086e-02 2.624149084819716801e-02 5.172243697641418225e-02 3.473759578490769051e-02 5.521928545239644937e-01 5.522350663251884839e-01 5.573024253305061126e-01 5.539101153932195487e-01
-2.280000000000001137e+00 3.421901786210195667e-02 3.425389595214702043e-02 7.832562120360030133e-02 4.893284500594975717e-02 5.526671535777937239e-01 5.527103136315032472e-01 5.570008294876762633e-01 5.541260988989911151e-01
-2.269999999999999574e+00 4.548023670611799768e-02 4.546229176860108051e-02 5.850649572161405187e-02 4.981634139877770540e-02 5.532324864395279373e-01 5.532765610867756978e-01 5.566474403821725092e-01 5.543854959694920481e-01
-2.259999999999998010e+00 6.671392117915310449e-02 6.662185887568702891e-02 6.439363138749047699e-02 6.590980381411018496e-02 5.538486363531625045e-01 5.538935902012908086e-01 5.562102362769530961e-01 5.546508209438022474e-01
-2.250000000000000000e+00 7.177398960471816081e-02 7.206685007324815928e-02 1.006201937685944625e-01 8.148701114885359420e-02 5.544797424206869829e-01 5.545255389332177653e-01 5.556653055869150704e-01 5.548901956469400876e-01
-2.239999999999998437e+00 7.832137309959294469e-02 7.791244101171791725e-02 1.868952646360823311e-01 1.143763595824643792e-01 5.550959436500568778e-01 5.551425459119181394e-01 5.549983170695202972e-01 5.550789355438318085e-01
-2.230000000000000426e+00 1.257524806891486269e-01 1.261542543032544705e-01 3.813145959080693204e-01 2.110737769668241115e-01 5.556749384665280456e-01 5.557223101246639985e-01 5.542056915500098713e-01 5.552009800470673051e-01
-2.219999999999998863e+00 1.952685448268312030e-01 1.950226519493323818e-01 4.234702499812852960e-01 2.712538155858162936e-01 5.562033572608573451e-01 5.562514636277509084e-01 5.532953867540415516e-01 5.552500692142166017e-01
-2.210000000000000853e+00 2.294067338581022297e-01 2.295575999907598364e-01 1.824411338526409632e-01 2.138018225671676487e-01 5.566778504857909926e-01 5.567266597807548623e-01 5.522872300980220528e-01 5.552305801215227099e-01
-2.199999999999999289e+00 2.805799427912783472e-01 2.806418642858546919e-01 9.173738372275180852e-02 2.176530635999616159e-01 5.571058079015233089e-01 5.571552925931068101e-01 5.512127633264515270e-01 5.551579546070273263e-01
-2.190000000000001279e+00 2.919451614820511298e-01 2.919732242694558777e-01 5.260486924326937541e-02 2.121744183315921184e-01 5.575056448008726129e-01 5.575557830045964058e-01 5.501145947554677562e-01 5.550586741869789620e-01
-2.179999999999999716e+00 1.422037549774029797e-01 1.421960874453540580e-01 3.371345410285906535e-02 1.060377655085387033e-01 5.579066165985194781e-01 5.579573934782940947e-01 5.490452863347948798e-01 5.549697654705362249e-01
-2.169999999999998153e+00 6.563167517983760357e-02 6.562879684782320366e-02 2.291153258518777852e-02 5.139066820428286192e-02 5.583481516238448794e-01 5.583995607433618336e-01 5.480658306348554776e-01 5.549378476673539895e-01
-2.160000000000000142e+00 3.841800167102381314e-02 3.841892582707489429e-02 1.703156653664486542e-02 3.128949801158119326e-02 5.588787205822436377e-01 5.589307651543222732e-01 5.472437945731760678e-01 5.550177601032473262e-01
-2.149999999999998579e+00 2.528652106889971510e-02 2.528649840187681061e-02 1.357350641680555269e-02 2.138217529586068991e-02 5.595542872501803044e-01 5.596069812370514374e-01 5.466512204240486783e-01 5.552708296370936214e-01
-2.140000000000000568e+00 1.844584010048912898e-02 1.844583300913000753e-02 1.135908504502790121e-02 1.608358605154901200e-02 5.604364062306861349e-01 5.604897752555676460e-01 5.463623796510097552e-01 5.557628537124211787e-01
-2.129999999999999005e+00 1.453341292173349585e-02 1.453341190868219328e-02 9.870105785690315436e-03 1.297897687203533601e-02 5.615900483746675276e-01 5.616441304135931789e-01 5.464514716802597594e-01 5.565618834895067479e-01
-2.120000000000000995e+00 1.210699346958118809e-02 1.210699346958118983e-02 8.843400957213915295e-03 1.101912929879209774e-02 5.630812419852431194e-01 5.631360878166273842e-01 5.469903491743486335e-01 5.577358929920730457e-01
-2.109999999999999432e+00 1.053123155027405576e-02 1.053123142364264381e-02 8.132166636034337745e-03 9.731543203317011281e-03 5.649746183054710214e-01 5.650302917021597926e-01 5.480463356775147066e-01 5.593504152283819142e-01
-2.099999999999997868e+00 9.489332725093786725e-03 9.489332725093786725e-03 7.649676386529346943e-03 8.876113945572305930e-03 5.673309440357213740e-01 5.673875216893248252e-01 5.496801831145124995e-01 5.614662162798528255e-01
-2.089999999999999858e+00 8.809668754823855863e-03 8.809668754823855863e-03 7.343218616780274738e-03 8.320852042142662733e-03 5.702047133969503356e-01 5.702622845665482609e-01 5.519441980499389944e-01 5.641370653378126043e-01
-2.079999999999998295e+00 8.394800692839411715e-03 8.394800692839411715e-03 7.180956796647635504e-03 7.990186060775486890e-03 5.736418596183552321e-01 5.737005254951553779e-01 5.548805491584859473e-01 5.674076447573321857e-01
-2.070000000000000284e+00 8.189173565477343014e-03 8.189173565477343014e-03 7.145061982988689872e-03 7.841136371314458633e-03 5.776776328574820818e-01 5.777375056341732540e-01 5.585197558729074752e-01 5.713116314548543073e-01
-2.059999999999998721e+00 8.163553877920984650e-03 8.163553877920984650e-03 7.228241599368025530e-03 7.851783118403333345e-03 5.823346804476237093e-01 5.823958820770270828e-01 5.628793509201334144e-01 5.758699711482613282e-01
-2.050000000000000711e+00 8.307798833894194934e-03 8.307798833894194934e-03 7.432442983652661969e-03 8.016013550480349456e-03 5.876213575671102030e-01 5.876840181906962668e-01 5.679627080145982498e-01 5.810893612574683509e-01
-2.039999999999999147e+00 8.628677768834429676e-03 8.628677642203017722e-03 7.769376122484349632e-03 8.342243844507267123e-03 5.935302928786478915e-01 5.935945489033288558e-01 5.737580302776201790e-01 5.869609573531989755e-01
-2.030000000000001137e+00 9.152062746703880022e-03 9.152062746703880022e-03 8.263222043937897346e-03 8.855782512448553620e-03 6.000372346177903493e-01 6.001032264209379408e-01 5.802375043122014464e-01 5.934593217836433565e-01
-2.019999999999999574e+00 9.931123258610128138e-03 9.931123258610126403e-03 8.956976798042828175e-03 9.606407771754359171e-03 6.071002075005059728e-01 6.071680767501292930e-01 5.873566380795716135e-01 6.005416407767356635e-01
-2.009999999999998010e+00 1.106635526011597558e-02 1.106635462695891234e-02 9.926308858924461076e-03 1.068633958199978300e-02 6.146590184602209739e-01 6.147289050509874286e-01 5.950538161625810174e-01 6.081472465579299547e-01
-2.000000000000000000e+00 1.275495171996111551e-02 1.275494918733285736e-02 1.131167715657420761e-02 1.227385935462272683e-02 6.226351578222761862e-01 6.227071964492802980e-01 6.032501216951836609e-01 6.161974919889133817e-01
-1.989999999999998437e+00 1.542730406513872186e-02 1.542729773356807908e-02 1.340207787532711643e-02 1.475222655801130579e-02 6.309321498706305098e-01 6.310064662912376887e-01 6.118494879941405173e-01 6.245960347186696460e-01
-1.980000000000000426e+00 2.019705490757550334e-02 2.019702451603641591e-02 1.689295490570430838e-02 1.909567810977207472e-02 6.394364104520400272e-01 6.395131175204769036e-01 6.207392524570981562e-01 6.332295934765382883e-01
-1.969999999999998863e+00 3.065724446239321416e-02 3.065709123838365052e-02 2.385830095439969711e-02 2.839087888505885740e-02 6.480186669555909607e-01 6.480978605526956926e-01 6.297911883609269568e-01 6.419692386230712033e-01
-1.960000000000000853e+00 5.735542757550970289e-02 5.735503995675492878e-02 4.151840795394454164e-02 5.207629182873638879e-02 6.565359857233380447e-01 6.566177407414581779e-01 6.388630848465507439e-01 6.506722704371157295e-01
-1.949999999999999289e+00 7.571043344397471175e-02 7.573874936757375720e-02 6.838180301921915893e-02 7.327699527692253800e-02 6.648344323948784940e-01 6.649187989708983393e-01 6.478009301752654103e-01 6.591847205136807109e-01
-1.940000000000001279e+00 7.344203505256964581e-02 7.320868071104692787e-02 5.787422203803142817e-02 6.817497926721600987e-02 6.727523615530242029e-01 6.728393617661229120e-01 6.564417276536119727e-01 6.673444836575864736e-01
-1.929999999999999716e+00 8.201806821750280696e-02 8.279234965988756245e-02 7.295401873483868538e-02 7.925481220407636085e-02 6.801242942344369879e-01 6.802139194948497725e-01 6.646169378877956335e-01 6.749850505390273536e-01
-1.919999999999998153e+00 8.037445959318012534e-02 7.881197611719448215e-02 8.154363881721506113e-02 8.024335817586322750e-02 6.867852976693181732e-01 6.868775070163866125e-01 6.721564969579645332e-01 6.819397672145564027e-01
-1.910000000000000142e+00 7.570258103006304029e-02 7.660311525738709715e-02 7.264632175008335635e-02 7.498400601251116460e-02 6.925757346069204567e-01 6.926704541069551579e-01 6.788933107609103068e-01 6.880464998249287145e-01
-1.899999999999998579e+00 9.413603974415939157e-02 9.433944651632832079e-02 9.957583145590834239e-02 9.601710590546534696e-02 6.973462044321179221e-01 6.974433278189938745e-01 6.846680754605800612e-01 6.931525359038973599e-01
-1.890000000000000568e+00 1.384340987649748111e-01 1.378090980299586099e-01 1.244573085278335850e-01 1.335668351075890159e-01 7.009624602631490120e-01 7.010618508994107545e-01 6.893342279241775339e-01 6.971195130289125075e-01
-1.879999999999999005e+00 2.515218438782602095e-01 2.507074519358508669e-01 1.488672864503647608e-01 2.170321940881586309e-01 7.033100606022274492e-01 7.034115547604498087e-01 6.927627937906665201e-01 6.998281363844479630e-01
-1.870000000000000995e+00 4.897752825071379768e-01 4.935667523733774376e-01 2.530519411171432420e-01 4.121313253325529224e-01 7.042985053857894195e-01 7.044019167655468650e-01 6.948468796585808294e-01 7.011824339366390380e-01
-1.859999999999999432e+00 6.465292604730694670e-01 6.425657770282239278e-01 4.662179437724319198e-01 5.851043270912417160e-01 7.038646174477608541e-01 7.039697427605762226e-01 6.955055539111281160e-01 7.011133047064882495e-01
-1.849999999999997868e+00 9.824608752593595451e-01 9.846893703197314718e-01 1.032849754420908761e+00 1.000000000000000000e+00 7.019749623707429720e-01 7.020815877517768699e-01 6.946868801971394225e-01 6.995811434398865325e-01
-1.839999999999999858e+00 7.649293655747105847e-01 7.653404744565729390e-01 1.078573627686011172e+00 8.696144892390982317e-01 6.986271509292718562e-01 6.987350588774864368e-01 6.923699084713970109e-01 6.965773727593850273e-01
-1.829999999999998295e+00 3.553718945377838945e-01 3.547098363861071468e-01 4.669074351001284984e-01 3.923297220080064762e-01 6.938499348832058988e-01 6.939589113967108425e-01 6.885654881109655179e-01 6.921247781302939384e-01
-1.820000000000000284e+00 1.748396118467441529e-01 1.749291427882670724e-01 2.331188711702851801e-01 1.942958752684321444e-01 6.877020827889211985e-01 6.878119243521712001e-01 6.833158409152101376e-01 6.862766160187674380e-01
-1.809999999999998721e+00 1.011333370510543173e-01 1.012132478041419953e-01 1.235848945785756881e-01 1.086438264779240048e-01 6.802701004905536974e-01 6.803806205851783417e-01 6.766929118844096092e-01 6.791145443200472531e-01
-1.800000000000000711e+00 6.654540516017053153e-02 6.656387941699322408e-02 7.600128490513963220e-02 6.970352316076779131e-02 6.716649334085339484e-01 6.717759682572741475e-01 6.687955947112076416e-01 6.707454987923385792e-01
-1.789999999999999147e+00 4.545429626119286415e-02 4.543845973670011112e-02 5.244847805543709912e-02 4.778041135111002480e-02 6.620178476970213222e-01 6.621292610056310757e-01 6.597459991453072936e-01 6.612977026159866378e-01
-1.780000000000001137e+00 3.414842971362931634e-02 3.410579165060396989e-02 4.126275685977041918e-02 3.650565940800123976e-02 6.514757294107016428e-01 6.515874159393422183e-01 6.496849821531417435e-01 6.509160425010618312e-01
-1.769999999999999574e+00 2.849409222411029841e-02 2.848281443048065326e-02 4.046746131431516735e-02 3.248145598963537301e-02 6.401960618557529514e-01 6.403079497223059802e-01 6.387671994083485849e-01 6.397570703288024685e-01
-1.759999999999998010e+00 2.459645876016247623e-02 2.465139399969102849e-02 3.486215652090828704e-02 2.803666976025392943e-02 6.283418406910140641e-01 6.284538923771482155e-01 6.271559459364791644e-01 6.279838930015471110e-01
-1.750000000000000000e+00 2.592615241746396015e-02 2.590913568820332746e-02 2.456829466762744732e-02 2.546786092443157831e-02 6.160766659410354951e-01 6.161888780321422843e-01 6.150180451651007241e-01 6.157611963794261678e-01
-1.739999999999998437e+00 2.753630489587662739e-02 2.752869941322002786e-02 2.117618152834790934e-02 2.541372861248151691e-02 6.035602137592674943e-01 6.036726154976191916e-01 6.025190170595323691e-01 6.032506154388063146e-01
-1.730000000000000426e+00 1.933747277264593126e-02 1.934057397594696887e-02 1.766755001409874362e-02 1.878186558756387778e-02 5.909442437596249542e-01 5.910568945243200867e-01 5.898187131325064447e-01 5.906066171388172359e-01
-1.719999999999998863e+00 1.613799171850896844e-02 1.614018636752530961e-02 1.380351477650616603e-02 1.536056428751348193e-02 5.783692457936975284e-01 5.784822316411738496e-01 5.770675546290181535e-01 5.779730106879630291e-01
-1.710000000000000853e+00 1.328589558012723167e-02 1.328636918161134155e-02 1.145952730887164935e-02 1.267726402353674259e-02 5.659617787370807562e-01 5.660752081439098804e-01 5.644034560459605387e-01 5.654801476423171325e-01
-1.699999999999999289e+00 1.039175249415538564e-02 1.039187811251694564e-02 9.790277722915246769e-03 1.019130277652919268e-02 5.538325078399464196e-01 5.539465067882560767e-01 5.519494647562632750e-01 5.532428264614887015e-01
-1.690000000000001279e+00 8.932987489927091823e-03 8.933041181646145246e-03 8.712498266794269780e-03 8.859508979455836195e-03 5.420749098679391587e-01 5.421896164068631396e-01 5.398121031706003548e-01 5.413588764818008103e-01
-1.679999999999999716e+00 8.076926974589259886e-03 8.076932166477186412e-03 7.952969004113887019e-03 8.035609381726777772e-03 5.307645884813425585e-01 5.308801468893145081e-01 5.280803654468355646e-01 5.299083669391642104e-01
-1.669999999999998153e+00 7.523251002974322942e-03 7.523209214608078156e-03 7.402480471792143892e-03 7.482980229791514996e-03 5.199591264686704850e-01 5.200756811346251007e-01 5.168252975707818830e-01 5.189533683913591933e-01
-1.660000000000000142e+00 7.171487046330859115e-03 7.171364087228968356e-03 7.013990239632870299e-03 7.118947124397565634e-03 5.096983956859143516e-01 5.098160848253573407e-01 5.061000775879281877e-01 5.085381860330665527e-01
-1.649999999999998579e+00 6.985868441989739192e-03 6.985534261691191127e-03 6.768068870066141877e-03 6.913157191249023198e-03 5.000052480192078708e-01 5.001241973452743572e-01 4.959405105996215202e-01 4.986899853213678790e-01
-1.640000000000000568e+00 6.964098982541505785e-03 6.963050221180168940e-03 6.666526685770259898e-03 6.864558629830644007e-03 4.908865189556382846e-01 4.910068354359591325e-01 4.863658587726327753e-01 4.894197377214101197e-01
-1.629999999999999005e+00 7.138687990822192853e-03 7.136226909313185367e-03 6.744201761263820226e-03 7.006372220466398903e-03 4.823342867678212520e-01 4.824560526142376293e-01 4.773799375231465580e-01 4.807234256350684798e-01
-1.620000000000000995e+00 7.614676097170870218e-03 7.614860599139411032e-03 7.130519125009763919e-03 7.453351940440014478e-03 4.743273423350622964e-01 4.744506093924091839e-01 4.689724225752454068e-01 4.725834581009056845e-01
-1.609999999999999432e+00 8.731278085216202453e-03 8.736291549482891675e-03 8.203648422387558106e-03 8.557072685695551323e-03 4.668328350568899943e-01 4.669576197757695502e-01 4.611203262939636005e-01 4.649702603755411223e-01
-1.599999999999997868e+00 1.073823883340492905e-02 1.075753125578613259e-02 8.932732074367346134e-03 1.014283405451946868e-02 4.598080675313808152e-01 4.599343467237232419e-01 4.537896134708399032e-01 4.578440092419813756e-01
-1.589999999999999858e+00 1.137204159129787985e-02 1.141083512462869043e-02 9.546797806988530782e-03 1.077655817430503427e-02 4.532024147198749908e-01 4.533301223006095948e-01 4.469369350579641131e-01 4.511564906928161034e-01
-1.579999999999998295e+00 1.297111597381899080e-02 1.282134241699156227e-02 1.083274436335079915e-02 1.220840091805378523e-02 4.469593419750821917e-01 4.470883668843257941e-01 4.405114622984659389e-01 4.448530570526246231e-01
-1.570000000000000284e+00 1.694300584500729387e-02 1.662671046068707817e-02 1.250066735862604035e-02 1.535679455477346848e-02 4.410184910477377707e-01 4.411486765224662543e-01 4.344568030508149103e-01 4.388746568736729969e-01
-1.559999999999998721e+00 2.333380010052009054e-02 2.462332867965803460e-02 1.649798494414879413e-02 2.148503790810897540e-02 4.353177951026014902e-01 4.354489394234247190e-01 4.287129772681089745e-01 4.331599039313783206e-01
-1.550000000000000711e+00 3.050762843504338864e-02 2.950115208835208183e-02 2.352198248444604955e-02 2.784358766928050899e-02 4.297955744258489807e-01 4.299274332039839663e-01 4.232184205724970338e-01 4.276471427341100306e-01
-1.539999999999999147e+00 4.025054550302194223e-02 3.950373839186632069e-02 3.712186698433959930e-02 3.895871695974262305e-02 4.243925557142106952e-01 4.245248457091040928e-01 4.179119751290567564e-01 4.222764588507904593e-01
-1.530000000000001137e+00 6.816598459574982338e-02 6.863885592313367923e-02 4.744117782603225753e-02 6.141533944830525338e-02 4.190537514435723754e-01 4.191861558181405045e-01 4.127348173367030859e-01 4.169915748661386923e-01
-1.519999999999999574e+00 1.334864412978717385e-01 1.356049921797042590e-01 6.937591849380660147e-02 1.128224506571275237e-01 4.137301334307321166e-01 4.138623082658979824e-01 4.076322640614113424e-01 4.117415685860137398e-01
-1.509999999999998010e+00 2.688389783069997097e-01 2.671278257533695744e-01 1.095572812037758359e-01 2.151746950880483455e-01 4.083800374702022951e-01 4.085116192813373903e-01 4.025553949266215126e-01 4.064823505593870290e-01
-1.500000000000000000e+00 2.664756904392049375e-01 2.657614145581198017e-01 1.294297732153480707e-01 2.205556260708909089e-01 4.029702443439379667e-01 4.031008582769761706e-01 3.974624288391991889e-01 4.011778438200377939e-01
-1.489999999999998437e+00 1.490387539943183459e-01 1.525117521887761063e-01 2.460548902349776745e-01 1.825351321393573478e-01 3.974766963157283506e-01 3.976059646570056505e-01 3.923197991646734106e-01 3.958008200458024151e-01
-1.480000000000000426e+00 1.036535111088742189e-01 1.029785542814832533e-01 2.707168061653949520e-01 1.591162905185841414e-01 3.918848264452384211e-01 3.920123770613472836e-01 3.871028837509241649e-01 3.903333624191698825e-01
-1.469999999999998863e+00 7.063628487161331682e-02 6.804907720907986401e-02 1.303063114230915420e-01 8.966389116792825020e-02 3.861894990789517257e-01 3.863149734130779112e-01 3.817963625672824435e-01 3.847669450197706564e-01
-1.460000000000000853e+00 4.647774906835550057e-02 4.773277780547861143e-02 7.368736720617231895e-02 5.596596469333547930e-02 3.803945816776359568e-01 3.805176419658674591e-01 3.763941956504662234e-01 3.791021397646565094e-01
-1.449999999999999289e+00 3.690623648188694206e-02 3.747160141932909944e-02 4.464339997893560646e-02 3.967374596005054932e-02 3.745121885731121369e-01 3.746325240040290772e-01 3.708992354348418230e-01 3.733479826706609939e-01
-1.440000000000001279e+00 3.958500144181197056e-02 3.947498217084474681e-02 3.357657732227474490e-02 3.754552031164381382e-02 3.685616543281107771e-01 3.686789859452261897e-01 3.653225082840069748e-01 3.675210495191147397e-01
-1.429999999999999716e+00 2.893848832557772283e-02 2.880779913572016626e-02 2.852418402664334829e-02 2.875682382931374348e-02 3.625683065552600670e-01 3.626823907868705898e-01 3.596822181166078325e-01 3.616443051529128483e-01
-1.419999999999998153e+00 2.084226133072249187e-02 2.050126585616613220e-02 2.027289344768829979e-02 2.053880687819231027e-02 3.565621144153064970e-01 3.566727452019557432e-01 3.540025387531731682e-01 3.557457994568118398e-01
-1.410000000000000142e+00 1.735806170137701998e-02 1.740672273429240760e-02 1.708095861270671895e-02 1.728191434945871435e-02 3.505762893526831459e-01 3.506832989214932472e-01 3.483122698790306893e-01 3.498572860510689719e-01
-1.399999999999998579e+00 1.597596606596132091e-02 1.636034571582762470e-02 1.448760046245047353e-02 1.560797074807980696e-02 3.446459094206649199e-01 3.447491678224704481e-01 3.426434338502019061e-01 3.440128370311122952e-01
-1.390000000000000568e+00 1.486854814776534563e-02 1.471662489607313863e-02 1.040645300824332396e-02 1.333054201736060505e-02 3.388066288280539573e-01 3.389060424039314623e-01 3.370298871521769657e-01 3.382475194613874803e-01
-1.379999999999999005e+00 1.220879233575094744e-02 1.226489030491241528e-02 9.840639795599636502e-03 1.143810747875433423e-02 3.330935214896575403e-01 3.331890304666346170e-01 3.315060119141108874e-01 3.325961879568009594e-01
-1.370000000000000995e+00 1.118196530796113260e-02 1.107084801601296992e-02 1.181983939240906570e-02 1.135755090546105781e-02 3.275400928986748061e-01 3.276316683307005651e-01 3.261055406679069235e-01 3.270924339657608204e-01
-1.359999999999999432e+00 1.326679601738781598e-02 1.337878896555593292e-02 1.368675643500916368e-02 1.344411380598430419e-02 3.221774799860054883e-01 3.222651202578301621e-01 3.208605529445057170e-01 3.217677177294471225e-01
-1.349999999999997868e+00 1.215098433599016634e-02 1.218078437974797965e-02 9.211844170402730403e-03 1.118120429538029328e-02 3.170338449934734237e-01 3.171175720949929722e-01 3.158006667923159982e-01 3.166506946269274647e-01
-1.339999999999999858e+00 1.157598236813484407e-02 1.124862243748424306e-02 8.392510310474944960e-03 1.040570503869801128e-02 3.121339576384724035e-01 3.122138133987461539e-01 3.109524332801373858e-01 3.117667347724519811e-01
-1.329999999999998295e+00 9.579503028620265509e-03 9.747208226666267614e-03 7.894939905906247710e-03 9.073883720397591876e-03 3.074989505083946528e-01 3.075749929550737338e-01 3.063389286294385672e-01 3.071376240309690031e-01
-1.320000000000000284e+00 1.025311313093541475e-02 1.074247819984477936e-02 7.849440986001475842e-03 9.615010772260556074e-03 3.031462259143355986e-01 3.032185258981807130e-01 3.019795276647683768e-01 3.027814264924282295e-01
-1.309999999999998721e+00 1.006958964332012492e-02 9.876869422714196906e-03 1.015506407416337867e-02 1.003384104673256741e-02 2.990894882937299437e-01 2.991581264909868865e-01 2.978898342612333328e-01 2.987124830153166655e-01
-1.300000000000000711e+00 1.136372557978370355e-02 1.069581059863069020e-02 1.810342508779457307e-02 1.338765375540298952e-02 2.953388744522805198e-01 2.954039388309049330e-01 2.940817395574774618e-01 2.949415176135543049e-01
-1.289999999999999147e+00 9.481730661485334236e-03 9.676674529701154159e-03 1.596202546698197861e-02 1.170681021938948900e-02 2.919011541205249194e-01 2.919627379299925551e-01 2.905635767591095431e-01 2.914758229365423392e-01
-1.280000000000001137e+00 7.488143836703389788e-03 7.679773507581737040e-03 1.117926425992474791e-02 8.782393868069959114e-03 2.887799750655832831e-01 2.888381753843054511e-01 2.873403420190688284e-01 2.883194974896525209e-01
-1.269999999999999574e+00 9.036110034255516801e-03 9.395414385009364169e-03 1.453268884331474116e-02 1.098807108752653840e-02 2.859761299394167344e-01 2.860310467884770724e-01 2.844139536413543556e-01 2.854737101230827578e-01
-1.259999999999998010e+00 1.291725494856576194e-02 1.301652067995259267e-02 1.796501771332296299e-02 1.463293111394710702e-02 2.834878257899980381e-01 2.835395617970186688e-01 2.817835261362757193e-01 2.829369712410975124e-01
-1.250000000000000000e+00 1.334361949662986671e-02 1.298270097525624535e-02 1.259942643773000193e-02 1.297524896987203684e-02 2.813109413924057556e-01 2.813596019650167479e-01 2.794456408804790182e-01 2.807053947459671184e-01
-1.239999999999998437e+00 1.692430225869590368e-02 1.565582146658428195e-02 1.383199063557966589e-02 1.547070478695328384e-02 2.794392620117057691e-01 2.794849559568766684e-01 2.773946007711565187e-01 2.787729395799130039e-01
-1.230000000000000426e+00 2.041860086984867081e-02 2.151826337379522322e-02 2.333104915970703880e-02 2.175597113445031441e-02 2.778646856743895444e-01 2.779075261785639017e-01 2.756226618557430785e-01 2.771316245695655267e-01
-1.219999999999998863e+00 1.775735637894464494e-02 1.909514241668518880e-02 2.041304428345221134e-02 1.908851435969401503e-02 2.765773993210116632e-01 2.766175051876665902e-01 2.741202401012528544e-01 2.757717148699770360e-01
-1.210000000000000853e+00 2.221001494558006578e-02 2.218632119518195236e-02 1.362515443148757180e-02 1.934049685741652883e-02 2.755660271743152756e-01 2.756035242013757935e-01 2.728760959556116861e-01 2.746818824437676221e-01
-1.199999999999999289e+00 2.132712009417368423e-02 1.930225227126048174e-02 1.287108564196128707e-02 1.783348600246515217e-02 2.748177571215894011e-01 2.748527794922510648e-01 2.718775029286208400e-01 2.738493465141537686e-01
-1.190000000000001279e+00 1.415158122252542158e-02 1.322431801646832376e-02 1.317078370026027873e-02 1.351556097975134020e-02 2.743184537046875482e-01 2.743511452626136715e-01 2.711104089073914647e-01 2.732600026248975800e-01
-1.179999999999999716e+00 1.287075880628468783e-02 1.525124524604892610e-02 1.572392789262761978e-02 1.461531064832041066e-02 2.740527682511026963e-01 2.740832835353627650e-01 2.705596001786884641e-01 2.728985506550513085e-01
-1.169999999999998153e+00 1.431862337849367124e-02 1.546425536467519249e-02 1.237098450860650914e-02 1.405128775059179096e-02 2.740042575891374343e-01 2.740327625158833214e-01 2.702088780592764028e-01 2.727486327214324047e-01
-1.160000000000000142e+00 1.397290569192020937e-02 1.246689767333777205e-02 1.347610976507258689e-02 1.330530437677685841e-02 2.741555224874827057e-01 2.741821945840979824e-01 2.700412565832772671e-01 2.727929912182860406e-01
-1.149999999999998579e+00 1.143177147601169563e-02 1.050943093949825886e-02 1.585198454204315294e-02 1.259772898585103523e-02 2.744883753505240609e-01 2.745134034730448702e-01 2.700391869353641616e-01 2.730136552529777161e-01
-1.140000000000000568e+00 1.157991250066448159e-02 1.127770182187144872e-02 1.366391706675364366e-02 1.217384379642985973e-02 2.749840437614625710e-01 2.750076272562412272e-01 2.701848104579908094e-01 2.733921604918981840e-01
-1.129999999999999005e+00 1.290081819117604688e-02 1.321197905159887664e-02 1.222169670987882650e-02 1.277816465088458218e-02 2.756234123209734266e-01 2.756457596251509212e-01 2.704602374845421209e-01 2.739098031435554526e-01
-1.120000000000000995e+00 1.556929333575459221e-02 1.755545436785479335e-02 1.524556430760503310e-02 1.612343733707147231e-02 2.763873001814576291e-01 2.764086268916077227e-01 2.708478444985619182e-01 2.745479238572091085e-01
-1.109999999999999432e+00 1.862433682753937558e-02 1.918988652021289681e-02 2.189779253402319645e-02 1.990400529392515397e-02 2.772567662040161252e-01 2.772772926760248557e-01 2.713305778320319606e-01 2.752882122373576657e-01
-1.099999999999997868e+00 2.602331112877214261e-02 2.364308339698438857e-02 4.154480401869316969e-02 3.040373284814990376e-02 2.782134283732579094e-01 2.782333769464147566e-01 2.718922489121208819e-01 2.761130180772644604e-01
-1.089999999999999858e+00 4.753904314062422365e-02 4.465737514829064975e-02 8.066887788135117254e-02 5.762176539008868892e-02 2.792397796783497310e-01 2.792593716403973247e-01 2.725178044304237823e-01 2.770056519163902053e-01
-1.079999999999998295e+00 5.621976882614249799e-02 5.969600688529840687e-02 1.045402665721645863e-01 7.348534742786849705e-02 2.803194797278276695e-01 2.803389321531807310e-01 2.731935549722986356e-01 2.779506556177689935e-01
-1.070000000000000284e+00 6.973655057492432474e-02 7.088531884130823413e-02 5.624227363420523929e-02 6.562138101681258551e-02 2.814376003741285714e-01 2.814571229731019919e-01 2.739073475392114765e-01 2.789340236288140318e-01
-1.059999999999998721e+00 1.019590371786324168e-01 1.018122536427255170e-01 3.798032058011772960e-02 8.058387046715856372e-02 2.825808047884248997e-01 2.826005969003818619e-01 2.746486706674267086e-01 2.799433574520778234e-01
-1.050000000000000711e+00 6.370337495279733420e-02 6.281563834932012147e-02 2.940764036173436347e-02 5.197555122128393740e-02 2.837374426596107613e-01 2.837576905077081046e-01 2.754086849462742403e-01 2.809679393711977391e-01
-1.039999999999999147e+00 4.422448363731332210e-02 4.098057952375526447e-02 2.538063188873168619e-02 3.686189834993342657e-02 2.848975491421988915e-01 2.849184234431646479e-01 2.761801760624414404e-01 2.819987162159349747e-01
-1.030000000000001137e+00 3.632314998474016343e-02 3.666772216355285163e-02 3.394632749827571766e-02 3.564573321552291091e-02 2.860527413065996338e-01 2.860743952979916682e-01 2.769574315114076146e-01 2.830281893719995834e-01
-1.019999999999999574e+00 3.204113573124331427e-02 3.726778778043064733e-02 2.858779085869339945e-02 3.263223812345578817e-02 2.871960125391562757e-01 2.872185804518987418e-01 2.777360454752660357e-01 2.840502128221070177e-01
-1.009999999999998010e+00 2.946570048463815691e-02 2.960894391276702731e-02 2.673522026875087623e-02 2.860328822205201668e-02 2.883214320186879842e-01 2.883450279879088418e-01 2.785126589423185250e-01 2.850597063163050615e-01
-1.000000000000000000e+00 3.732949172223960083e-02 3.388213309646997962e-02 3.773565792679486885e-02 3.631576091516814514e-02 2.894237625892342458e-01 2.894484799651910190e-01 2.792846440187301549e-01 2.860522955243851584e-01
-9.899999999999984368e-01 4.872020916756944486e-02 4.480811908163485902e-02 4.329514139671981204e-02 4.560782321530804095e-02 2.904980157224915649e-01 2.905239267189970720e-01 2.800497427790273330e-01 2.870238950735053418e-01
-9.800000000000004263e-01 4.189068581957769433e-02 4.660976092332042020e-02 3.752772243540770242e-02 4.200938972610193667e-02 2.915389666130983048e-01 2.915661222159413035e-01 2.808056721994950933e-01 2.879702536761782339e-01
-9.699999999999988631e-01 2.714080510848969341e-02 2.964747088697376742e-02 4.203472639245055265e-02 3.294100079597133551e-02 2.925406556628470378e-01 2.925690857167863035e-01 2.815497079707290906e-01 2.888864831167874403e-01
-9.600000000000008527e-01 2.463860156773212129e-02 2.384665251062460106e-02 4.769121231052019655e-02 3.205882212962563732e-02 2.934959046258627247e-01 2.935256180261237025e-01 2.822782614610326868e-01 2.897665947043396861e-01
-9.499999999999992895e-01 3.739615796922442920e-02 3.368019778131854658e-02 5.152340025430320047e-02 4.086658533494872542e-02 2.943958764676798956e-01 2.944268613994601158e-01 2.829864658471273886e-01 2.906030679047558185e-01
-9.400000000000012790e-01 5.730672526075371309e-02 5.597623876417629624e-02 6.417058838865444259e-02 5.915118413786148860e-02 2.952297075050675512e-01 2.952619317000785282e-01 2.836677893536678763e-01 2.913864761862713371e-01
-9.299999999999997158e-01 5.454515348732882213e-02 5.974882750686354854e-02 4.417302101101971967e-02 5.282233400173736576e-02 2.959842386112220836e-01 2.960176496205011443e-01 2.843136954276943573e-01 2.921051945531391025e-01
-9.199999999999981526e-01 3.704324343956369447e-02 3.665351639839497383e-02 2.536514917240648842e-02 3.302063633678838095e-02 2.966438691656660409e-01 2.966783946788874027e-01 2.849133711690995940e-01 2.927452116712176977e-01
-9.100000000000001421e-01 3.241163835109953095e-02 2.878540639645781746e-02 1.883623309625809261e-02 2.667775928127181020e-02 2.971905529826663894e-01 2.972261012519095691e-01 2.854535460115432133e-01 2.932900667487062796e-01
-8.999999999999985789e-01 2.160497676638193504e-02 2.365470119595757675e-02 1.822496490480989689e-02 2.116154762238313738e-02 2.976039496700317311e-01 2.976404101165805449e-01 2.859184220151435585e-01 2.937209272672519633e-01
-8.900000000000005684e-01 1.862814070855039333e-02 1.942790381025149421e-02 1.570753153065861107e-02 1.792119201648683519e-02 2.978617377959661416e-01 2.978989818891640273e-01 2.862897347406893056e-01 2.940168181419398619e-01
-8.799999999999990052e-01 2.493772775857061932e-02 2.396390230863492538e-02 1.580395881892610044e-02 2.156852962871054838e-02 2.979400880087777481e-01 2.979779705042419069e-01 2.865469591955040474e-01 2.941550059028412156e-01
-8.700000000000009948e-01 3.478540294220613949e-02 3.342891888993637650e-02 1.958025646906471837e-02 2.926485943373574594e-02 2.978142851228949284e-01 2.978526457328798394e-01 2.866676686662663065e-01 2.941115331740136729e-01
-8.599999999999994316e-01 3.707617203900771125e-02 3.858018624599460211e-02 2.631283688567579229e-02 3.398973172355936739e-02 2.974594785881199410e-01 2.974981441304195284e-01 2.866280455744487643e-01 2.938618894309960594e-01
-8.499999999999978684e-01 4.380481700456980571e-02 4.339314208029212971e-02 3.292928793901755274e-02 4.004241567462649837e-02 2.968515313247778176e-01 2.968903183605995366e-01 2.864035333345668621e-01 2.933817943399814054e-01
-8.399999999999998579e-01 5.556886031710567275e-02 5.837016852136155814e-02 4.689149580917903459e-02 5.361017488254875979e-02 2.959679284082288309e-01 2.960066463375865542e-01 2.859696073952592843e-01 2.926480607136915379e-01
-8.299999999999982947e-01 9.565071973515755499e-02 9.419656424098891978e-02 6.355538930488813243e-02 8.446755776034488294e-02 2.947887003871748623e-01 2.948271549270045089e-01 2.853026332344477112e-01 2.916394961828757681e-01
-8.200000000000002842e-01 1.666722352197316515e-01 1.619070894552550599e-01 8.092097962365411845e-02 1.365001014328802997e-01 2.932973119436669274e-01 2.933353088739272252e-01 2.843807702079000910e-01 2.903377970084980442e-01
-8.099999999999987210e-01 1.539957322931966854e-01 1.557043054915781266e-01 9.524563167045141387e-02 1.349818898184087235e-01 2.914814657886654059e-01 2.915188148197985774e-01 2.831848738171139357e-01 2.887283848085259730e-01
-8.000000000000007105e-01 1.040453459299100630e-01 1.115065519726805982e-01 1.191456951582879342e-01 1.115658643536261846e-01 2.893337745097730451e-01 2.893702931049091376e-01 2.816993460053471288e-01 2.868011378733431038e-01
-7.899999999999991473e-01 7.459723809419822882e-02 7.160961266009645276e-02 1.596526992840038295e-01 1.019531833460994991e-01 2.868522595139237907e-01 2.868877764936915709e-01 2.799128839520924616e-01 2.845509733199025892e-01
-7.800000000000011369e-01 7.794687576518653793e-02 7.345883422906296367e-02 9.803620634289014757e-02 8.314730544571320714e-02 2.840406458612004803e-01 2.840750046288323394e-01 2.778190825724956570e-01 2.819782443541761219e-01
-7.699999999999995737e-01 1.184466120075925166e-01 1.179733364727388045e-01 7.905073521404962222e-02 1.051568945647936293e-01 2.809084339103088968e-01 2.809414951590470388e-01 2.754168541957558447e-01 2.790889277550372416e-01
-7.599999999999980105e-01 9.325766854671474482e-02 9.731539488795568071e-02 8.154268338320501408e-02 9.070524893929181320e-02 2.774707422887345842e-01 2.775023860897364858e-01 2.727106399655190860e-01 2.758945894479967742e-01
-7.500000000000000000e-01 7.942404449254056309e-02 8.064864952619750504e-02 8.997973414042076401e-02 8.335080938638626813e-02 2.737479306325966144e-01 2.737780578456850411e-01 2.697104004329212712e-01 2.724121296370676237e-01
-7.399999999999984368e-01 6.573401438224603377e-02 6.352668474948300337e-02 8.679563158495623432e-02 7.201877690556175715e-02 2.697650236415164438e-01 2.697935566384145889e-01 2.664313864603450877e-01 2.686633222467587068e-01
-7.300000000000004263e-01 6.136131494189801805e-02 5.966494533940563255e-02 7.460133613998133628e-02 6.520919880709499794e-02 2.655509692448434489e-01 2.655778519799752435e-01 2.628937047849694286e-01 2.646741753365960959e-01
-7.199999999999988631e-01 3.751611970557265641e-02 3.840017184146118229e-02 5.004006508366836553e-02 4.198545221023407270e-02 2.611377722382654532e-01 2.611629697411732565e-01 2.591217043584992941e-01 2.604741487793126864e-01
-7.100000000000008527e-01 2.495040457604957851e-02 2.578415529570049144e-02 5.136803123523556863e-02 3.403419703566187837e-02 2.565595500741552071e-01 2.565830474664967942e-01 2.551432190141875167e-01 2.560952721849465430e-01
-6.999999999999992895e-01 1.661182569789342034e-02 1.661575633694870741e-02 4.112335644175916377e-02 2.478364615886709602e-02 2.518515593401159380e-01 2.518733604967778317e-01 2.509887085182946898e-01 2.515712094517295605e-01
-6.900000000000012790e-01 1.117834023050508045e-02 1.100602894144757544e-02 2.089291617523341901e-02 1.435909511572869106e-02 2.470492399133526196e-01 2.470693658908232893e-01 2.466903433361997411e-01 2.469363163801252814e-01
-6.799999999999997158e-01 8.174768609107027628e-03 8.167664333582545094e-03 1.242950696279866707e-02 9.590646635162746597e-03 2.421873191995559949e-01 2.422058065461555332e-01 2.422810784869099121e-01 2.422247347442071930e-01
-6.699999999999981526e-01 6.924241365448400957e-03 6.897855051318567930e-03 9.013823665379974009e-03 7.611973360715647632e-03 2.372990118522346481e-01 2.373159108963429076e-01 2.377937589519635020e-01 2.374695605668469545e-01
-6.600000000000001421e-01 6.740586561057972451e-03 6.588410932959930938e-03 7.560318296884973970e-03 6.963105263634292164e-03 2.324153416736306765e-01 2.324307148607908657e-01 2.332602937454144043e-01 2.327021167599452878e-01
-6.499999999999985789e-01 7.937419932928346800e-03 7.546050608966203312e-03 7.424243093144081498e-03 7.635904545012877492e-03 2.275646028705555768e-01 2.275785231919034424e-01 2.287109285972503681e-01 2.279513515532364254e-01
-6.400000000000005684e-01 1.153416437013919486e-02 1.160255229781332990e-02 9.337572827924175978e-03 1.082476316529223416e-02 2.227719682724582928e-01 2.227845177989714043e-01 2.241736389530221141e-01 2.232433750081505852e-01
-6.299999999999990052e-01 1.624059748004149512e-02 1.706093464065339821e-02 1.213081916991150255e-02 1.514411709686879631e-02 2.180592432596863139e-01 2.180705117725335596e-01 2.196736563883631699e-01 2.186011371401943570e-01
-6.200000000000009948e-01 1.434529879213907073e-02 1.482572874855676848e-02 1.258228295042509472e-02 1.391777016370697798e-02 2.134447565745491993e-01 2.134548402638016817e-01 2.152331332115997586e-01 2.140442433499835651e-01
-6.099999999999994316e-01 1.444210964695612567e-02 1.378417562713361681e-02 1.832099646991218814e-02 1.551576058133397398e-02 2.089433732747543460e-01 2.089523734684747003e-01 2.108709425473961896e-01 2.095888964302084212e-01
-5.999999999999978684e-01 1.503073753472982527e-02 1.366471395823479554e-02 2.137760740532539810e-02 1.669101963276333964e-02 2.045666110501821733e-01 2.045746329339014069e-01 2.066026049825331057e-01 2.052479496555389138e-01
-5.899999999999998579e-01 1.351711922149710123e-02 1.402958616558085299e-02 1.528993266225575978e-02 1.427887934977790409e-02 2.003228389751078586e-01 2.003299902674020028e-01 2.024403281749729555e-01 2.010310524724942538e-01
-5.799999999999982947e-01 1.600776093436597630e-02 1.648831093736306819e-02 1.095369230514239844e-02 1.448325472562381720e-02 1.962175373724123206e-01 1.962239269343044323e-01 1.983931427873793230e-01 1.969448690313653494e-01
-5.700000000000002842e-01 2.107048912612682554e-02 2.340365024111856415e-02 1.059013947048697245e-02 1.835475961257745578e-02 1.922535985703537065e-01 1.922593349425485432e-01 1.944671166391963857e-01 1.929933500506995636e-01
-5.599999999999987210e-01 2.111942013721444800e-02 1.876308863945396962e-02 1.047838775516036179e-02 1.678696551060959025e-02 1.884316505842200118e-01 1.884368404643277650e-01 1.906656288536652255e-01 1.891780399674043434e-01
-5.500000000000007105e-01 1.249972724701694203e-02 1.100525978224583916e-02 1.771892361850908523e-02 1.374130354925728881e-02 1.847503887326857053e-01 1.847551354221578235e-01 1.869896866717581096e-01 1.854984036088672128e-01
-5.399999999999991473e-01 1.056846473133555946e-02 1.143703478405596295e-02 2.014679864809969939e-02 1.405076605449707625e-02 1.812069034778010235e-01 1.812113053430952914e-01 1.834382691372121732e-01 1.819521593193694498e-01
-5.300000000000011369e-01 9.861038090109380816e-03 1.098848301951258627e-02 1.033968598798013297e-02 1.039640236586736669e-02 1.777969959385675702e-01 1.778011449413104406e-01 1.800086836480869756e-01 1.785356081759883473e-01
-5.199999999999995737e-01 1.005244628264663313e-02 1.027587411434637173e-02 7.454326487351319724e-03 9.260882294781442106e-03 1.745154752537027010e-01 1.745194556093104254e-01 1.766969231637317561e-01 1.752439513422483219e-01
-5.099999999999980105e-01 1.138452504260940162e-02 1.104529354363423775e-02 7.891092716952033057e-03 1.010697043439855690e-02 1.713564340654853135e-01 1.713603210884463157e-01 1.734980134829096632e-01 1.720715895456137456e-01
-5.000000000000000000e-01 1.039605137735928435e-02 9.617840055707701369e-03 1.231534823757634428e-02 1.077641322354777609e-02 1.683134998173570485e-01 1.683173590045444479e-01 1.704063414462294868e-01 1.690124000893769574e-01
-4.899999999999984368e-01 1.158008168023206934e-02 1.128987831863819020e-02 1.698992848188689286e-02 1.328662949358571689e-02 1.653800603938310465e-01 1.653839467857023959e-01 1.674159562082087049e-01 1.660599877959140214e-01
-4.800000000000004263e-01 9.822568353301261782e-03 1.011686469542172513e-02 1.527863612717701020e-02 1.173935639196666512e-02 1.625494630553614706e-01 1.625534209001434915e-01 1.645208369771894441e-01 1.632079069775648206e-01
-4.699999999999988631e-01 1.256005939073033019e-02 1.375511852987507458e-02 2.030790627355665012e-02 1.554102806472068728e-02 1.598151858301102568e-01 1.598192485596199031e-01 1.617151219252248584e-01 1.604498521049850246e-01
-4.600000000000008527e-01 2.087392323614363845e-02 2.051219731288159848e-02 3.139753550093708767e-02 2.426121868332077602e-02 1.571709806759719885e-01 1.571751711852424627e-01 1.589932943841831092e-01 1.577798154151324739e-01
-4.499999999999992895e-01 2.518284172624892653e-02 2.449455504318287166e-02 2.925443319414713916e-02 2.631060998785964347e-02 1.546109879181578051e-01 1.546153191259807269e-01 1.563503239808383960e-01 1.551922103416589482e-01
-4.400000000000012790e-01 2.625484375078940627e-02 2.607465738079731490e-02 2.090959821766985235e-02 2.441303311641885437e-02 1.521298217382071050e-01 1.521342973932297560e-01 1.537817619896695576e-01 1.526819603737021303e-01
-4.299999999999997158e-01 1.528468315703548908e-02 1.561826296942313286e-02 1.651201747753388085e-02 1.580498786799749977e-02 1.497226268464438292e-01 1.497272425343154634e-01 1.512837918360809830e-01 1.502445537389467400e-01
-4.199999999999981526e-01 1.211468012297343098e-02 1.273020566252210627e-02 1.422449381721259398e-02 1.302312653423604548e-02 1.473851069183646223e-01 1.473898512199321720e-01 1.488532372941181459e-01 1.478760651441383134e-01
-4.100000000000001421e-01 1.692354120390459488e-02 1.622135824285369024e-02 1.758940133712107168e-02 1.691143359462645573e-02 1.451135259391722054e-01 1.451183816877943955e-01 1.464875324281572078e-01 1.455731466850412603e-01
-3.999999999999985789e-01 2.165871622547880723e-02 2.191995569053402371e-02 1.740413950412255523e-02 2.032760380671179770e-02 1.429046843116008325e-01 1.429096298989186997e-01 1.441846586794824081e-01 1.433329909633339616e-01
-3.900000000000005684e-01 1.730726262368683169e-02 1.734671388057605276e-02 1.047669494643319564e-02 1.504355715023202554e-02 1.407558724546305318e-01 1.407608831380220138e-01 1.419430556598104132e-01 1.411532704174877084e-01
-3.799999999999990052e-01 1.105535985453701651e-02 1.094709569495208763e-02 8.455023300380679410e-03 1.015249294995659510e-02 1.386648056191619738e-01 1.386698547899542500e-01 1.397615131456691751e-01 1.390320578515951699e-01
-3.700000000000009948e-01 6.402434341614646543e-03 6.398569170999806981e-03 5.651612128251363824e-03 6.150871880288606361e-03 1.366295446696163818e-01 1.366346050482395436e-01 1.376390524152976691e-01 1.369677340443845037e-01
-3.599999999999994316e-01 5.070408766845276721e-03 5.086194638772871882e-03 5.299872991364821574e-03 5.152158798994323392e-03 1.346484084624907651e-01 1.346534531944486301e-01 1.355748053569930667e-01 1.349588890046441447e-01
-3.499999999999978684e-01 6.128331404377914716e-03 6.188167786109945862e-03 4.959314648445668945e-03 5.758604612977842596e-03 1.327198840030992255e-01 1.327248876372882636e-01 1.335678995947861547e-01 1.330042237450578813e-01
-3.399999999999998579e-01 6.967081152314447481e-03 6.960788964040659672e-03 5.054845892835734683e-03 6.327572003063614524e-03 1.308425406187454509e-01 1.308474799567278246e-01 1.316173571541748855e-01 1.311024592432160352e-01
-3.299999999999982947e-01 5.604137631674503857e-03 5.596793389622644992e-03 7.006189111443398253e-03 6.069040044246847877e-03 1.290149538546870034e-01 1.290198086656154930e-01 1.297220128843919740e-01 1.292522584682315179e-01
-3.200000000000002842e-01 6.638222412261191377e-03 6.663284161812469027e-03 8.135846671523569787e-03 7.145784415199077019e-03 1.272356437012077957e-01 1.272403973019893830e-01 1.278804570197199508e-01 1.274521660076390339e-01
-3.099999999999987210e-01 7.163290574870426544e-03 7.086853448069021719e-03 6.527607340496446517e-03 6.925917121145297971e-03 1.255030302271038511e-01 1.255076699310006261e-01 1.260910040648446639e-01 1.257005680743163711e-01
-3.000000000000007105e-01 7.101134558917557467e-03 7.056468493815189896e-03 7.281767215998003959e-03 7.146456756243582328e-03 1.238154079442035232e-01 1.238199253835100683e-01 1.243516878892749755e-01 1.239956737389962121e-01
-2.899999999999991473e-01 1.072506638057601179e-02 1.077353582016374670e-02 1.173004632386150971e-02 1.107621617486708940e-02 1.221709385146375199e-01 1.221753298445140828e-01 1.226602807968943248e-01 1.223355163853486471e-01
-2.800000000000011369e-01 1.900894099490069156e-02 1.912128585176515322e-02 1.281794527607866413e-02 1.698272404091483861e-02 1.205676599914507763e-01 1.205719259826575351e-01 1.210143327057357915e-01 1.207179728932813306e-01
-2.699999999999995737e-01 1.992602772072582171e-02 1.999511959242405990e-02 2.249202170908209952e-02 2.080438967407732820e-02 1.190035098211842390e-01 1.190076558495675452e-01 1.194112256137424277e-01 1.191407970948313993e-01
-2.599999999999980105e-01 1.850573384625118015e-02 1.820313453565207407e-02 2.161425821578778078e-02 1.944104219923034615e-02 1.174763584327543076e-01 1.174803943730863554e-01 1.178482383036145581e-01 1.176016637031517126e-01
-2.500000000000000000e-01 1.020140927180031992e-02 1.040846784065340043e-02 1.039359917271232003e-02 1.033449209505534622e-02 1.159840503612790674e-01 1.159879903926718525e-01 1.163226166868222555e-01 1.160982191469244057e-01
-2.399999999999984368e-01 6.718382122706551690e-03 6.648933239066021419e-03 6.154931143090988481e-03 6.507415501621186329e-03 1.145244503781985002e-01 1.145283127079972513e-01 1.148316460759898627e-01 1.146281363873951770e-01
-2.300000000000004263e-01 5.132979994537786514e-03 5.109931798419314018e-03 5.092919285984731995e-03 5.111943692980611131e-03 1.130954928431965184e-01 1.130992993562162929e-01 1.133727227681006616e-01 1.131891716558378058e-01
-2.199999999999988631e-01 3.990243739526784517e-03 3.957423777171854493e-03 4.380023839257489275e-03 4.109230451985376384e-03 1.116952332180580210e-01 1.116990090584151357e-01 1.119434233457932693e-01 1.117792218740888133e-01
-2.100000000000008527e-01 4.481053888130327560e-03 4.378574340127002612e-03 3.726717311155260896e-03 4.195448513137530790e-03 1.103219012132482385e-01 1.103256743069444545e-01 1.105415708663457230e-01 1.103963821288461294e-01
-1.999999999999992895e-01 5.626424633707111621e-03 5.931716381406533165e-03 4.235306142893776986e-03 5.264482386002473924e-03 1.089739552494904534e-01 1.089777557773120437e-01 1.091652975171129303e-01 1.090390028479718137e-01
-1.900000000000012790e-01 5.637689764195471208e-03 5.733984849267930416e-03 6.470735260845001877e-03 5.947469958102801456e-03 1.076501377802972087e-01 1.076539976124358533e-01 1.078131033659535803e-01 1.077057462528955289e-01
-1.799999999999997158e-01 8.339210768906353197e-03 8.091666744415188309e-03 1.230376827606932330e-02 9.578215263130289425e-03 1.063495306017987752e-01 1.063534827076400152e-01 1.064839106075009673e-01 1.063956413056465766e-01
-1.699999999999981526e-01 1.320847908597873668e-02 1.275652448210888232e-02 1.662964292763046900e-02 1.419821549857269542e-02 1.050716086923469267e-01 1.050756865410017449e-01 1.051771123014483833e-01 1.051081358449323516e-01
-1.600000000000001421e-01 1.749605169871181962e-02 1.796937282087417154e-02 2.416009400279310257e-02 1.987517284079303240e-02 1.038162905244975065e-01 1.038205274934554112e-01 1.038926141337566667e-01 1.038431440505698800e-01
-1.499999999999985789e-01 2.061932381585335899e-02 2.075716046254717784e-02 1.805376480640026940e-02 1.981008302826693310e-02 1.025839822934555695e-01 1.025884111040105406e-01 1.026308673453330267e-01 1.026010869142663928e-01
-1.400000000000005684e-01 1.387242809791227292e-02 1.385074791361010950e-02 1.042826906805149369e-02 1.271714835985795697e-02 1.013756131912007252e-01 1.013802653896693495e-01 1.013928906640806232e-01 1.013829230816502280e-01
-1.299999999999990052e-01 8.494670202802777348e-03 8.250460332759749701e-03 7.562027947590048774e-03 8.102386161050858029e-03 1.001926588039657312e-01 1.001975643069397959e-01 1.001802790207481086e-01 1.001901673772178647e-01
-1.200000000000009948e-01 9.747024801064731875e-03 9.417984028355483664e-03 6.975089956021015246e-03 8.713366261813742727e-03 9.903714988638515071e-02 9.904233660614050749e-02 9.899519703287751327e-02 9.902489450846772845e-02
-1.099999999999994316e-01 1.050702401824453285e-02 1.109008340360581948e-02 8.945389390608729160e-03 1.018083227081969383e-02 9.791166423430362753e-02 9.791715779706113010e-02 9.784035576367179632e-02 9.788972593167886982e-02
-9.999999999999786837e-02 9.309210000049800496e-03 9.142348103897766920e-03 9.009597823175013662e-03 9.153718642374193692e-03 9.681930011605482944e-02 9.682512368119634838e-02 9.671897208745000585e-02 9.678779862823372326e-02
-8.999999999999985789e-02 1.094133029335581271e-02 1.089568359459222938e-02 8.562116106733476048e-03 1.013304333156050605e-02 9.576363070479078365e-02 9.576980488776834499e-02 9.563471104722469363e-02 9.572271554659461668e-02
-7.999999999999829470e-02 6.762715653718738736e-03 6.785776626946769981e-03 7.007165933499088020e-03 6.851886071388199780e-03 9.474864013052991529e-02 9.475518302654117875e-02 9.459161272995461611e-02 9.469847862900855617e-02
-7.000000000000028422e-02 4.203069191563670558e-03 4.206235863305154803e-03 4.463126235801260014e-03 4.290810430223362081e-03 9.377864301966178096e-02 9.378557031974198155e-02 9.359400621708091617e-02 9.371940651882822160e-02
-5.999999999999872102e-02 3.263205096222757985e-03 3.271317775677298149e-03 3.264647339373286713e-03 3.266390070424447616e-03 9.285819054606112011e-02 9.286551573256432435e-02 9.264641390221624306e-02 9.279004006028056251e-02
-5.000000000000071054e-02 2.487051914924448808e-03 2.484042797986849450e-03 3.865830807711275255e-03 2.945641840207523926e-03 9.199196689297720053e-02 9.199970149789682416e-02 9.175344976694002619e-02 9.191503938593800771e-02
-3.999999999999914735e-02 1.719212035228079478e-03 1.719817194087014259e-03 3.416703478070149541e-03 2.285244235795081021e-03 9.118468046376750069e-02 9.119283437124722780e-02 9.091971503093486395e-02 9.109907662198318823e-02
-3.000000000000113687e-02 1.349636458619155651e-03 1.350141717956482258e-03 1.962499737333209173e-03 1.554092637969615694e-03 9.044095408894360644e-02 9.044953586274238899e-02 9.014969401713701647e-02 9.034672798960766138e-02
-1.999999999999957367e-02 1.166344364584593132e-03 1.166510061788325050e-03 1.415263365619773327e-03 1.249372597330897098e-03 8.976521790134918410e-02 8.977423511892093644e-02 8.944765229771380055e-02 8.966236843932798295e-02
-9.999999999998010480e-03 1.061154461136039643e-03 1.061215826718713354e-03 1.180786284664324089e-03 1.101052190839692290e-03 8.916160763354642749e-02 8.917106721049855578e-02 8.881753844566296630e-02 8.905007109656933040e-02
0.000000000000000000e+00 9.979746808627312088e-04 9.979913455566641681e-04 1.059812294791096735e-03 1.018592773736830487e-03 8.863387007331140210e-02 8.864377856505703535e-02 8.826289027153758071e-02 8.851351296996867735e-02
1.000000000000156319e-02 9.626796062382489763e-04 9.626654615094320426e-04 9.927473741291393313e-04 9.726974806256066027e-04 8.818527655807578691e-02 8.819564042906422041e-02 8.778674642035619313e-02 8.805588780249873349e-02
1.999999999999957367e-02 9.499406760512746697e-04 9.498911505057037281e-04 9.581397307925291346e-04 9.526571857831692136e-04 8.781854489849712231e-02 8.782937075314849185e-02 8.739156464821208614e-02 8.767982676661924268e-02
3.000000000000113687e-02 9.598389217429001809e-04 9.597294742127622513e-04 9.480993666662468344e-04 9.558892542073031250e-04 8.753577006783969106e-02 8.754706484081950513e-02 8.707914878874187248e-02 8.738732789913368493e-02
3.999999999999914735e-02 9.984891842931967795e-04 9.982506993533506266e-04 9.618373807112920275e-04 9.861924214526129277e-04 8.733836427942442970e-02 8.735013538596325677e-02 8.685058701521514157e-02 8.717969556020094268e-02
5.000000000000071054e-02 1.083583872855553619e-03 1.083009409451097171e-03 1.005516252645255980e-03 1.057369844983968923e-03 8.722700745511194342e-02 8.723926290449454668e-02 8.670620410768391240e-02 8.705749148909681934e-02
5.999999999999872102e-02 1.264244743414785765e-03 1.262604866618200232e-03 1.098546374673567503e-03 1.208465328235517906e-03 8.720160924375724987e-02 8.721435772077770765e-02 8.664552975796183110e-02 8.702049890749892491e-02
7.000000000000028422e-02 1.699646836120424168e-03 1.693857615155390604e-03 1.299426736187580525e-03 1.564310395821131910e-03 8.726128341405821331e-02 8.727453433410627126e-02 8.666728345589223836e-02 8.706770040135224098e-02
8.000000000000184741e-02 2.954849450836532013e-03 2.937129106793465259e-03 1.803461471772712169e-03 2.565146676467569380e-03 8.740433452836229855e-02 8.741809807184951209e-02 8.676937448997230906e-02 8.719726903006137786e-02
8.999999999999985789e-02 4.569053058093833566e-03 4.644648351925660841e-03 2.678481178928799212e-03 3.964060862982765263e-03 8.762825545558099172e-02 8.764254258662558528e-02 8.694891362449636008e-02 8.740657055556766419e-02
1.000000000000014211e-01 3.593698483195248341e-03 3.595035850209643471e-03 3.266794906830325623e-03 3.485176413411739289e-03 8.792973288278914390e-02 8.794455535549780545e-02 8.720223173480015633e-02 8.769217332436238244e-02
1.099999999999994316e-01 2.817403955913900561e-03 2.746633597501288524e-03 5.308561970379302788e-03 3.624199841264831058e-03 8.830465702936229899e-02 8.832002738273921072e-02 8.752490059284416535e-02 8.804986166831522965e-02
1.200000000000009948e-01 2.413970292627388992e-03 2.397311930265162705e-03 4.118236275457985360e-03 2.976506166116845830e-03 8.874813168430931154e-02 8.876406322394385373e-02 8.791175224523453680e-02 8.847464905116257661e-02
1.299999999999990052e-01 1.973387379579821192e-03 1.977184916357051323e-03 2.533771460344096376e-03 2.161447918760322964e-03 8.925448167438794489e-02 8.927098843582803589e-02 8.835689573422114695e-02 8.896078861481236666e-02
1.400000000000005684e-01 2.009098653668962668e-03 2.021603189110726499e-03 2.222255056903368105e-03 2.084318966561019091e-03 8.981725680073225637e-02 8.983435348611994165e-02 8.885373265528175024e-02 8.950178098071130683e-02
1.500000000000021316e-01 2.505627388235443214e-03 2.547997853759133464e-03 2.668353515106488758e-03 2.573992919033688334e-03 9.042923373437190826e-02 9.044693561082238487e-02 8.939497547073670114e-02 9.009038160531034067e-02
1.600000000000001421e-01 3.593414638883313510e-03 3.728715529523968578e-03 4.076201889704035922e-03 3.799444019370438758e-03 9.108241975306742566e-02 9.110074249877037067e-02 8.997267398780668668e-02 9.071861207988149434e-02
1.700000000000017053e-01 6.264119965252649795e-03 6.249266087860590180e-03 5.156087960683130439e-03 5.889824671265456515e-03 9.176806397644111934e-02 9.178702345891402714e-02 9.057825562766730343e-02 9.137778102100749256e-02
1.799999999999997158e-01 8.290227079150983350e-03 8.072133722349539992e-03 4.638825991519881890e-03 7.000395597673468411e-03 9.247668255739614762e-02 9.249629452809010610e-02 9.120258412087653421e-02 9.205852040212093856e-02
1.900000000000012790e-01 9.160081427660650422e-03 8.878392762267730415e-03 6.144156658674911065e-03 8.060876949534431790e-03 9.319810402275030548e-02 9.321838371359789099e-02 9.183603940336598770e-02 9.275084237990471880e-02
1.999999999999992895e-01 8.968598649221226626e-03 9.281971760426784013e-03 1.062112832994874939e-02 9.623899579865586099e-03 9.392153979314600554e-02 9.394250140393123338e-02 9.246861924434869595e-02 9.344422014714197366e-02
2.100000000000008527e-01 9.706909172467916361e-03 1.003115700951597716e-02 1.454056797645453779e-02 1.142621138614614493e-02 9.463568317104953387e-02 9.465733924178873493e-02 9.309006098445833655e-02 9.412769446576553511e-02
2.199999999999988631e-01 8.324778840045095676e-03 8.628890762870865608e-03 1.000941426929585938e-02 8.987694624070606889e-03 9.532883811220106696e-02 9.535119878204526001e-02 9.368998004150470849e-02 9.479000564525034978e-02
2.300000000000004263e-01 9.512481960416582782e-03 9.117490471520882031e-03 9.899221513293015445e-03 9.509731315076826175e-03 9.598907715988826139e-02 9.601214932315918493e-02 9.425802071642920554e-02 9.541974906649221266e-02
2.400000000000019895e-01 1.133979794116603441e-02 1.057869857559755496e-02 1.673746318079760362e-02 1.288531989918706433e-02 9.660442617008434263e-02 9.662821255047102098e-02 9.478401432127468718e-02 9.600555101394335489e-02
2.500000000000000000e-01 1.411369209074528515e-02 1.382302234565782953e-02 1.748107139251715847e-02 1.513926194297342438e-02 9.716307192245843272e-02 9.718757009740006114e-02 9.525813966380318465e-02 9.653626056122056875e-02
2.600000000000015632e-01 2.104783489299691737e-02 2.139803013969782466e-02 1.864580456232017847e-02 2.036388986500497350e-02 9.765358736281237739e-02 9.767878878072465409e-02 9.567108132083863847e-02 9.700115248812522795e-02
2.699999999999995737e-01 2.291371596400837776e-02 2.580845168499241657e-02 2.959131115967223238e-02 2.610449293622434455e-02 9.806516801029194208e-02 9.809105705243496842e-02 9.601418176246795388e-02 9.739013560839827888e-02
2.800000000000011369e-01 2.477484417820081941e-02 2.337016826240032041e-02 3.600666561569938751e-02 2.805055935210017809e-02 9.838787197260996653e-02 9.841442511786351044e-02 9.627958410678791323e-02 9.769396039908713469e-02
2.899999999999991473e-01 2.716769680858826044e-02 2.447415978782702811e-02 3.576916721053813308e-02 2.913700793565113939e-02 9.861285508058494076e-02 9.864004023409481126e-02 9.646036296099071150e-02 9.790441942522348784e-02
3.000000000000007105e-01 2.518564559899255650e-02 2.514771087990378892e-02 1.725978548051344125e-02 2.253104731980325875e-02 9.873259196417660810e-02 9.876036800889492762e-02 9.655064133365616474e-02 9.801453376890924274e-02
3.099999999999987210e-01 2.831854145024891023e-02 3.070490928598360730e-02 9.426240168537656713e-03 2.281656363492338968e-02 9.874107356087585829e-02 9.876939018396965753e-02 9.654569191325503008e-02 9.801871855270016809e-02
3.200000000000002842e-01 1.853680438297426042e-02 1.912029762021916213e-02 7.251604322589770037e-03 1.496956877526106275e-02 9.863397169317654478e-02 9.866276952715083426e-02 9.644202107372144839e-02 9.791292076468294248e-02
3.300000000000018474e-01 1.623048950740388352e-02 1.585478702184123928e-02 7.549898013193818633e-03 1.321172484747964830e-02 9.840876207388234154e-02 9.843797317569172312e-02 9.623743381852832568e-02 9.769472302270081066e-02
3.399999999999998579e-01 2.625730331272145904e-02 2.467573306376909595e-02 9.461412891891030422e-03 2.013148308946052789e-02 9.806479845063902079e-02 9.809434712218846608e-02 9.593107760552868624e-02 9.736340772611871974e-02
3.500000000000014211e-01 4.703299400317582230e-02 4.742670942732409717e-02 1.435903141168592793e-02 3.627291161406195202e-02 9.760333257439741950e-02 9.763313650632614304e-02 9.552346273423717449e-02 9.691997727165359289e-02
3.599999999999994316e-01 4.989565056823332817e-02 4.973402519758175072e-02 2.515460526386145007e-02 4.159476034322550503e-02 9.702747720096221995e-02 9.705744890037330819e-02 9.501645687144327779e-02 9.636712765759293531e-02
3.700000000000009948e-01 4.058152240671816097e-02 4.098022913463587880e-02 5.835398492549244420e-02 4.663857882228216595e-02 9.634211225629379927e-02 9.637216070012141755e-02 9.441325155306384831e-02 9.570917483649302171e-02
3.799999999999990052e-01 2.382247553475499643e-02 2.555524470371798793e-02 5.684854614043711313e-02 3.540875545963669685e-02 9.555373739225453411e-02 9.558376983308557173e-02 9.371829913483761820e-02 9.495193545339257468e-02
3.900000000000005684e-01 1.357016233445464473e-02 1.235762489454938357e-02 2.593080194305007191e-02 1.728619639068470007e-02 9.467027721628770709e-02 9.470020105802844090e-02 9.293721978135560668e-02 9.410256601855725156e-02
4.000000000000021316e-01 8.088600997909757909e-03 7.655491807533701745e-03 1.341120152932939735e-02 9.718431444924284512e-03 9.370084816820162255e-02 9.373057282584464078e-02 9.207667960076537650e-02 9.316936686493720865e-02
4.100000000000001421e-01 6.973678902187475416e-03 6.861771050328802773e-03 8.493206470301484928e-03 7.442885474272587995e-03 9.265549813377425836e-02 9.268493679480065139e-02 9.114424280090099861e-02 9.216155924315863612e-02
4.200000000000017053e-01 7.783986475006330827e-03 7.828359641650744702e-03 6.526722313551941781e-03 7.379689476736339682e-03 9.154493121299296654e-02 9.157400242711817573e-02 9.014820255752580003e-02 9.108904539921232335e-02
4.299999999999997158e-01 6.583352514541674673e-03 6.686811012008425474e-03 5.065326668352816003e-03 6.111830064967638428e-03 9.038023047502985463e-02 9.040885951297369938e-02 8.909739690484579089e-02 8.996216229761645755e-02
4.400000000000012790e-01 5.073765638968882191e-03 5.811693102191661971e-03 4.724836453133785322e-03 5.203431731431443739e-03 8.917259100908532521e-02 8.920071094830638037e-02 8.800101715191958884e-02 8.879143970310376943e-02
4.499999999999992895e-01 4.103522718334520411e-03 4.128586493988404063e-03 5.832487499760844601e-03 4.688198904027923025e-03 8.793307419135026892e-02 8.796062670552598495e-02 8.686841691772376195e-02 8.758737260486669507e-02
4.600000000000008527e-01 4.791989597901086251e-03 4.080214180694340109e-03 6.642811319389971270e-03 5.171671699328465877e-03 8.667239199345561085e-02 8.669932784119400992e-02 8.570892976788972717e-02 8.636021653417978727e-02
4.699999999999988631e-01 5.672832767156245695e-03 5.668813992637600566e-03 5.199869214114396544e-03 5.513838657969415136e-03 8.540072758278870191e-02 8.542700680809521552e-02 8.453170263269507712e-02 8.511981234119300743e-02
4.800000000000004263e-01 6.344769777255216889e-03 6.292309498038521284e-03 6.128702447080748052e-03 6.255260574124827874e-03 8.412759567166157304e-02 8.415318754285117109e-02 8.334555079110038400e-02 8.387544466853771863e-02
4.900000000000019895e-01 6.726004865224722434e-03 6.890426599377154522e-03 5.878461008874747047e-03 6.498297491158874957e-03 8.286174332480124305e-02 8.288662604904387110e-02 8.215883839894659590e-02 8.263573592426390335e-02
5.000000000000000000e-01 6.333247496356753624e-03 6.531832118997537087e-03 5.562592878941533155e-03 6.142557498098608244e-03 8.161108946887735138e-02 8.163524972602854979e-02 8.097938654494991895e-02 8.140857524661861133e-02
5.100000000000015632e-01 6.535171705933285995e-03 6.622952879919548341e-03 8.941935328875752834e-03 7.366686638242862101e-03 8.038269934627371993e-02 8.040613168811280853e-02 7.981440886651147704e-02 8.020107996696598796e-02
5.199999999999995737e-01 7.026275132889021197e-03 6.856275956146427875e-03 1.082097140290742832e-02 8.234507497314292462e-03 7.918278873154763198e-02 7.920549489142104937e-02 7.867047305002364266e-02 7.901958555766411263e-02
5.300000000000011369e-01 6.948195457368218711e-03 6.893039423308197633e-03 6.361864486139888822e-03 6.734366455605434766e-03 7.801675192224259703e-02 7.803874007604008622e-02 7.755348522352213669e-02 7.786965907393496311e-02
5.399999999999991473e-01 5.308931607473451990e-03 5.348610205738192278e-03 4.408983455654409168e-03 5.022175089622018390e-03 7.688920729605244753e-02 7.691049130918921339e-02 7.646869339918126174e-02 7.675613066814096497e-02
5.500000000000007105e-01 3.169327797379245960e-03 3.169309283866685294e-03 3.298369575871153928e-03 3.212335552372361583e-03 7.580405450895100206e-02 7.582465319650681657e-02 7.542070574664609672e-02 7.568313781736799029e-02
5.599999999999987210e-01 2.712265996670903522e-03 2.499600670055583760e-03 2.723646298429262778e-03 2.645170988385249587e-03 7.476453807144868569e-02 7.478447449056174756e-02 7.441351952506398970e-02 7.465417736235814561e-02
5.700000000000002842e-01 3.491557281663954047e-03 3.092640788810836327e-03 2.479378038641763364e-03 3.021192036372184579e-03 7.377331294686341467e-02 7.379261373272184843e-02 7.345055688171411856e-02 7.367216118709978001e-02
5.800000000000018474e-01 4.256979666383623774e-03 5.201637545816190263e-03 3.450948347735187556e-03 4.303188519978334153e-03 7.283250883401198861e-02 7.285120358407434771e-02 7.253470432975631099e-02 7.273947224928090094e-02
5.899999999999998579e-01 3.613622378442980874e-03 4.116014046119922422e-03 5.151469434466881409e-03 4.293701953009928379e-03 7.194379081261159659e-02 7.196191151830790000e-02 7.166835343747132714e-02 7.185801858946359866e-02
6.000000000000014211e-01 3.976631242538170539e-03 3.270575424345667070e-03 3.958592293860337466e-03 3.735266320248058648e-03 7.110841495799832823e-02 7.112599547965378632e-02 7.085344099945944940e-02 7.102928381237053057e-02
6.099999999999994316e-01 4.066684652607436071e-03 3.331283397429297792e-03 2.737155236248437710e-03 3.378374428761723135e-03 7.032727831456898893e-02 7.034435389353529966e-02 7.009148763803298154e-02 7.025437328204575671e-02
6.200000000000009948e-01 2.795257552738994976e-03 2.819476405616828333e-03 2.140371069824748267e-03 2.585035009393524003e-03 6.960096322707917671e-02 6.961757002920637705e-02 6.938363434536086449e-02 6.953405586721546350e-02
6.299999999999990052e-01 2.744064309449989556e-03 3.263722930059380790e-03 2.561343892928800558e-03 2.856377044146057257e-03 6.892977645366864248e-02 6.894595113983867374e-02 6.873067689151757254e-02 6.886880149500830550e-02
6.400000000000005684e-01 2.720001605767359120e-03 3.199411584143863584e-03 2.847989468999425223e-03 2.922467552970216698e-03 6.831378373453018960e-02 6.832956305639131811e-02 6.813309827221253334e-02 6.825881502104469423e-02
6.500000000000021316e-01 1.978567161544165717e-03 1.954136593607165573e-03 1.942215525063312881e-03 1.958306426738214579e-03 6.775284058146895105e-02 6.776826100367457084e-02 6.759109946059572993e-02 6.770406701524642190e-02
6.600000000000001421e-01 1.872362522594910950e-03 1.632581332953967918e-03 1.729111673865246128e-03 1.744685176471374782e-03 6.724662001238369824e-02 6.726171736558334002e-02 6.710462867860020331e-02 6.720432201885574719e-02
6.700000000000017053e-01 2.416181884926772369e-03 1.935125761498745134e-03 2.180303361462018925e-03 2.177203669295845693e-03 6.679463781052911997e-02 6.680944698241789159e-02 6.667340924691224358e-02 6.675916467995308967e-02
6.799999999999997158e-01 2.341732580055078637e-03 2.248305050663776047e-03 2.830858657498945379e-03 2.473632096072599876e-03 6.639627567534669983e-02 6.641083034928280115e-02 6.629696585405281395e-02 6.636802395956077627e-02
6.900000000000012790e-01 2.624715304519195571e-03 2.814732299028442110e-03 2.598234574007931078e-03 2.679227392518523498e-03 6.605080238563602879e-02 6.606513483787347651e-02 6.597464884993485545e-02 6.603019535781479155e-02
6.999999999999992895e-01 3.126938147196506399e-03 3.428532384271719673e-03 2.600329690733762036e-03 3.051933407400662414e-03 6.575739285045140159e-02 6.577153381744066385e-02 6.570565596294973554e-02 6.574486087694726699e-02
7.100000000000008527e-01 4.546297063960543818e-03 4.634200829817598094e-03 3.363169820345454815e-03 4.181222571374532820e-03 6.551514470891284248e-02 6.552912333519274324e-02 6.548905070333541079e-02 6.551110624914700808e-02
7.199999999999988631e-01 5.078636288328144434e-03 5.273513067221428582e-03 3.294155763650417207e-03 4.548768373066662540e-03 6.532309197999992822e-02 6.533693585489484812e-02 6.532377667628144757e-02 6.532793483705874593e-02
7.300000000000004263e-01 3.890748450714714111e-03 3.707836554834133443e-03 4.912174078904531400e-03 4.170253028151126896e-03 6.518021517357823480e-02 6.519395046127961224e-02 6.520866710088360496e-02 6.519427757858049788e-02
7.400000000000019895e-01 4.109930521088252763e-03 3.529013979832303083e-03 6.968404070684634452e-03 4.869116190535063143e-03 6.508544726354748011e-02 6.509909892665421971e-02 6.514244901610265204e-02 6.510899840210145062e-02
7.500000000000000000e-01 4.203240143971036062e-03 4.003389941663812457e-03 4.780613158400818900e-03 4.329081081345222473e-03 6.503767499834633981e-02 6.505126711011315066e-02 6.512374194066247735e-02 6.507089468304064206e-02
7.600000000000015632e-01 3.756517570186476609e-03 4.413744353568140738e-03 3.296107799542852875e-03 3.822123241099156885e-03 6.503573518675868914e-02 6.504929132276900117e-02 6.515105111919468339e-02 6.507869254290747640e-02
7.699999999999995737e-01 3.025724267501614644e-03 3.268104516239020690e-03 3.124615258548358362e-03 3.139481347429663987e-03 6.507840585023957902e-02 6.509194954628000351e-02 6.522275590573906046e-02 6.513103710075289488e-02
7.800000000000011369e-01 2.290917534143731803e-03 2.191411266388166180e-03 3.378759438909394348e-03 2.620362746480430632e-03 6.516439247408105373e-02 6.517794773368729144e-02 6.533709427980470552e-02 6.522647816252434561e-02
7.899999999999991473e-01 2.178050094764661781e-03 2.063841476765669331e-03 2.368161847560154576e-03 2.203351139696828852e-03 6.529231000439926491e-02 6.530590183662737802e-02 6.549214493104638102e-02 6.536345225735767928e-02
8.000000000000007105e-01 2.782719219373138916e-03 2.702726409129931236e-03 1.994893914225525765e-03 2.493446514242865595e-03 6.546066169316459848e-02 6.547431665833192138e-02 6.568580875634930094e-02 6.554026236928194027e-02
8.099999999999987210e-01 4.525904961726887228e-03 4.229212373380804996e-03 1.926456131764147555e-03 3.560524488957280721e-03 6.566781633443906363e-02 6.568156307284192530e-02 6.591579195371381761e-02 6.575505712033161143e-02
8.200000000000002842e-01 6.953876079233579227e-03 7.018426771182552197e-03 2.507461593598209106e-03 5.493254814671446988e-03 6.591198579016349646e-02 6.592585550638462022e-02 6.617959312951990358e-02 6.600581147535601600e-02
8.300000000000018474e-01 5.966352415505908613e-03 6.276564591372987140e-03 4.095920515431517202e-03 5.446279174103471274e-03 6.619120490019718417e-02 6.620523177409674831e-02 6.647449691098372693e-02 6.629031119509254388e-02
8.399999999999998579e-01 4.661976619788221581e-03 4.726484181077969873e-03 6.996461501580608471e-03 5.461640767482267220e-03 6.650331585530654122e-02 6.651753735066726070e-02 6.679757642348958802e-02 6.660614320982112535e-02
8.500000000000014211e-01 4.079575439184714852e-03 4.053998071846537897e-03 8.037819673943655957e-03 5.390464394991636814e-03 6.684595886956468114e-02 6.686041591288319208e-02 6.714570661310440003e-02 6.695069379851742442e-02
8.599999999999994316e-01 3.608199565471068709e-03 3.245796784644127894e-03 5.272354972298224501e-03 4.042117107471140947e-03 6.721657055391649926e-02 6.723130755908302003e-02 6.751558975475582813e-02 6.732115595591846302e-02
8.700000000000009948e-01 2.924292037261521336e-03 3.291117014962208209e-03 3.833222332478968680e-03 3.349543794900899409e-03 6.761239083977657605e-02 6.762745555914777273e-02 6.790379361154509630e-02 6.771454667015648632e-02
8.799999999999990052e-01 2.951182559687954080e-03 3.266961161212274516e-03 4.795077884798008318e-03 3.671073868566079260e-03 6.803047872236810123e-02 6.804592191097594278e-02 6.830680167317328133e-02 6.812773410217244641e-02
8.900000000000005684e-01 4.247907728650359219e-03 3.957404123976579306e-03 5.824291015637272396e-03 4.676534289421403062e-03 6.846773656463508995e-02 6.848361145195223931e-02 6.872107380825670520e-02 6.855747394161466890e-02
9.000000000000021316e-01 7.225640210253565614e-03 5.846033515257707640e-03 4.542574720916271735e-03 5.871416148809181952e-03 6.892094226445233396e-02 6.893730383730893585e-02 6.914311464073638613e-02 6.900045358083256586e-02
9.100000000000001421e-01 7.345345897884972622e-03 8.295995266638338597e-03 4.895324629740294142e-03 6.845555264754535699e-03 6.938678823493810155e-02 6.940369234550738953e-02 6.956954611892735008e-02 6.945334223312428501e-02
9.200000000000017053e-01 5.111934246277211567e-03 5.959457778285421822e-03 7.602318770746560594e-03 6.224570265103064083e-03 6.986192584130843097e-02 6.987942816488186548e-02 6.999718016983891289e-02 6.991284472534306516e-02
9.299999999999997158e-01 5.977898097889467084e-03 6.322275137694935779e-03 1.069227416316364219e-02 7.664149132916015308e-03 7.034301363518151440e-02 7.036116851252957605e-02 7.042308706370124793e-02 7.037575640380409892e-02
9.400000000000012790e-01 7.568210726323122001e-03 7.214839310524765424e-03 1.163161661306240553e-02 8.804888883303430697e-03 7.082676740999446774e-02 7.084562661728349697e-02 7.084465516018974285e-02 7.083901639582257381e-02
9.499999999999992895e-01 9.397361596244971707e-03 7.923666875071453883e-03 1.111512684225479837e-02 9.478718437857074075e-03 7.131000979384857774e-02 7.132962128839441529e-02 7.125963805323494438e-02 7.129975637849265968e-02
9.600000000000008527e-01 1.139420335486316521e-02 1.061716539988318171e-02 1.722403007537691433e-02 1.307846627670775606e-02 7.178971686508350825e-02 7.181012355733172592e-02 7.166618575219299569e-02 7.175534205820274791e-02
9.699999999999988631e-01 1.145219446364694783e-02 1.287867111685465395e-02 1.702402416708443528e-02 1.378496324919534569e-02 7.226305920997312671e-02 7.228429781126793907e-02 7.206285741133566791e-02 7.220340481085892048e-02
9.800000000000004263e-01 1.339221620078752742e-02 1.479685792610655262e-02 1.774320638226099464e-02 1.531076016971836054e-02 7.272743502387725434e-02 7.274953501629657926e-02 7.244861421743382934e-02 7.264186141920256357e-02
9.900000000000019895e-01 1.501046511184446659e-02 1.501432116499758045e-02 1.510587637297084417e-02 1.504355421660429765e-02 7.318049332698821352e-02 7.320347609668489963e-02 7.282279232500268873e-02 7.306892058289192471e-02
1.000000000000000000e+00 1.531561376604734931e-02 1.425258028469153504e-02 9.251204974473745471e-03 1.293979967507087603e-02 7.362014611252200302e-02 7.364402428178000448e-02 7.318505711913404765e-02 7.348307583781200913e-02
1.010000000000001563e+00 1.686256868513634835e-02 1.523201917852805981e-02 1.021384804754938390e-02 1.410281197040459678e-02 7.404456919460652986e-02 7.406934618039152929e-02 7.353534147600793158e-02 7.388308561700199228e-02
1.019999999999999574e+00 1.244753649009938332e-02 1.296509490340014628e-02 7.949590604650095052e-03 1.112074066604987373e-02 7.445219255446319795e-02 7.447786237291617595e-02 7.387377195297513410e-02 7.426794229345150267e-02
1.030000000000001137e+00 7.920986974481018100e-03 9.801584135244198123e-03 5.015378933651316005e-03 7.579316681125510165e-03 7.484168195136312041e-02 7.486822927816305651e-02 7.420058782818125809e-02 7.463683301923582092e-02
1.039999999999999147e+00 7.281548992084213925e-03 7.168358364013234160e-03 4.598147043082942940e-03 6.349351466393464254e-03 7.521191432773341456e-02 7.523931481402518218e-02 7.451605849705675300e-02 7.498909587960513046e-02
1.050000000000000711e+00 6.321735434613310819e-03 5.316647348101229999e-03 5.633203213237708562e-03 5.757195331984083994e-03 7.556194998143345165e-02 7.559017081451901987e-02 7.482040483498079986e-02 7.532417521031109509e-02
1.059999999999998721e+00 5.900342435818235927e-03 5.844133790801924432e-03 4.838619083059905041e-03 5.527698436560021800e-03 7.589100453491684495e-02 7.592000522272648877e-02 7.511372972283482385e-02 7.564157982682605252e-02
1.070000000000000284e+00 5.778216821887000379e-03 6.640424026005239434e-03 4.664343614157469287e-03 5.694328154016570567e-03 7.619842339292302869e-02 7.622815674225440208e-02 7.539596204232253129e-02 7.594084739249998273e-02
1.080000000000001847e+00 7.081326366791757324e-03 6.222718154058518893e-03 5.721866982845346707e-03 6.341970501231875175e-03 7.648366069555677382e-02 7.651407394666598361e-02 7.566681717923973149e-02 7.622151727382082964e-02
1.089999999999999858e+00 9.716338400732578776e-03 9.291566622579471718e-03 7.515497361564675224e-03 8.841134128292240171e-03 7.674626384395195899e-02 7.677729991875004156e-02 7.592577556944640760e-02 7.648311311071613605e-02
1.100000000000001421e+00 1.401450373115171490e-02 1.467284309812680147e-02 1.122501606276101078e-02 1.330412096401317398e-02 7.698586364015408412e-02 7.701746245838071714e-02 7.617207925513373723e-02 7.672513511788951746e-02
1.109999999999999432e+00 1.329808144761852363e-02 1.435256034387832717e-02 1.347313202739909392e-02 1.370792460629864824e-02 7.720216909636651303e-02 7.723426891347506817e-02 7.640474496256287329e-02 7.694706099080149408e-02
1.120000000000000995e+00 1.425133613106014698e-02 1.430334352569187679e-02 1.329328085075685839e-02 1.394932016916962739e-02 7.739496518430985517e-02 7.742750390647404335e-02 7.662259102303881075e-02 7.714835337127425030e-02
1.129999999999999005e+00 1.604735414506902255e-02 1.412794091058353768e-02 1.415317741148457154e-02 1.477615748904570828e-02 7.756411133593502094e-02 7.759702777112280347e-02 7.682427465380974041e-02 7.732847125362250773e-02
1.140000000000000568e+00 1.412716757254517917e-02 1.488462717141372099e-02 1.152763234196944528e-02 1.351314236197611457e-02 7.770953845230270385e-02 7.774277346167376979e-02 7.700833576097626532e-02 7.748688255831757965e-02
1.150000000000002132e+00 1.441349221396304690e-02 1.428082554796220559e-02 9.177894288613958063e-03 1.262407068351307018e-02 7.783124254050345636e-02 7.786474006107657608e-02 7.717324353210608390e-02 7.762307537789538137e-02
1.160000000000000142e+00 1.682808923077898020e-02 1.783812594627436424e-02 1.309636191239460339e-02 1.592085902981598203e-02 7.792927382889959509e-02 7.796298174571038297e-02 7.731744259475659131e-02 7.773656605645554163e-02
1.170000000000001705e+00 1.341613877414868372e-02 1.355537241858922187e-02 1.872381340022862342e-02 1.523177486432217807e-02 7.800372119280489513e-02 7.803759204652217785e-02 7.743939632609588009e-02 7.782690318847435007e-02
1.179999999999999716e+00 1.287129774957783586e-02 1.134477924105385498e-02 1.292218306326018210e-02 1.237942001796395707e-02 7.805469279504667623e-02 7.808868431785792597e-02 7.753762586624614317e-02 7.789366765971690587e-02
1.190000000000001279e+00 8.266708713259688507e-03 8.843801365741392126e-03 1.084918415989442192e-02 9.319898079631835919e-03 7.808229482839837421e-02 7.811637030691337413e-02 7.761074435615093747e-02 7.793646983048754806e-02
1.199999999999999289e+00 5.140294110976525825e-03 5.371185851413280699e-03 1.054706693508408212e-02 7.019515632491295926e-03 7.808661097278925267e-02 7.812073944069310161e-02 7.765748674656210160e-02 7.795494572001480937e-02
1.210000000000000853e+00 4.801179492795433837e-03 4.840408384923669365e-03 1.106755547264709830e-02 6.903047783455400210e-03 7.806768552830861685e-02 7.810184179369508706e-02 7.767673609540526325e-02 7.794875447246965572e-02
1.219999999999998863e+00 6.832633795385919737e-03 6.758418290091794747e-03 1.037546934066947528e-02 7.988840475382395431e-03 7.802551309985208960e-02 7.805967761283057194e-02 7.766754752452510735e-02 7.791757941240258500e-02
1.230000000000000426e+00 1.212050276196832178e-02 1.265657342151563398e-02 1.462072160859207923e-02 1.313259926402534500e-02 7.796003720774405399e-02 7.799419577405822257e-02 7.762917093853814732e-02 7.786113464011346075e-02
1.240000000000001990e+00 1.516747337455162832e-02 1.528260399586768049e-02 1.239253628865603224e-02 1.428087121969177919e-02 7.787115936049962550e-02 7.790530270752432651e-02 7.756107326400393798e-02 7.777917844400930591e-02
1.250000000000000000e+00 1.204411476815510709e-02 1.045864883041739725e-02 8.967008032044242530e-03 1.048992387687224664e-02 7.775875907176466040e-02 7.779288227546056478e-02 7.746296042873927756e-02 7.767153392532148704e-02
1.260000000000001563e+00 1.009896838436734161e-02 9.542587185879398623e-03 8.613633830354803025e-03 9.418396466867179351e-03 7.762272416912746609e-02 7.765682595467500449e-02 7.733479867126598351e-02 7.753811626502279952e-02
1.269999999999999574e+00 7.329772133573923647e-03 1.053636556764579041e-02 7.763512581543107263e-03 8.543216760920941885e-03 7.746298965680861737e-02 7.749707159150001634e-02 7.717683415444061279e-02 7.737896513424974421e-02
1.280000000000001137e+00 9.247277792456026074e-03 8.714151566520618453e-03 8.739145441634600664e-03 8.900191600203746084e-03 7.727958246571668688e-02 7.731364806940710377e-02 7.698960935074326828e-02 7.719427996195568631e-02
1.289999999999999147e+00 1.166788448286364653e-02 9.556134720953212910e-03 1.330124254757784029e-02 1.150842058379823209e-02 7.707266873671116125e-02 7.710672254148517868e-02 7.677397434799869413e-02 7.698445520873167802e-02
1.300000000000000711e+00 1.460752003053820795e-02 1.516750427261636704e-02 2.308199340940910241e-02 1.761900590418789131e-02 7.684259989489777842e-02 7.687664649057580901e-02 7.653109115036266230e-02 7.675011251194542583e-02
1.309999999999998721e+00 1.453906739421209973e-02 1.656702932906721493e-02 2.354767283233078629e-02 1.821792318520336698e-02 7.658995372030562299e-02 7.662399682518708510e-02 7.626242925162542152e-02 7.649212659903938116e-02
1.320000000000000284e+00 1.698233616889723713e-02 1.478812707008383097e-02 1.748229889411775234e-02 1.641758737769960508e-02 7.631556691455790298e-02 7.634960851114568070e-02 7.596975123670213215e-02 7.621164222080190065e-02
1.330000000000001847e+00 2.380306369895146199e-02 2.073209466079069946e-02 1.506665096320646165e-02 1.986726977431620481e-02 7.602055628696907652e-02 7.605459586036486530e-02 7.565508788861592671e-02 7.591008001198330801e-02
1.339999999999999858e+00 1.689938803474061446e-02 2.221520784655877864e-02 1.081763356348517877e-02 1.664407648159485845e-02 7.570632658779979929e-02 7.574036050015303667e-02 7.532070317107958379e-02 7.558913008634414454e-02
1.350000000000001421e+00 9.401343394391057512e-03 1.061844121136778021e-02 6.337499779200720350e-03 8.785761461653187471e-03 7.537456411965871850e-02 7.540858514770243382e-02 7.496905041764020949e-02 7.525073322833376877e-02
1.359999999999999432e+00 9.139958556473884443e-03 6.539151946512995577e-03 6.025308139077178646e-03 7.234806214021352599e-03 7.502721645161408714e-02 7.506121350610900356e-02 7.460272196374408138e-02 7.489705064048905736e-02
1.370000000000000995e+00 8.435143561506609419e-03 6.457261944442264576e-03 8.245372586506274915e-03 7.712592697485049636e-03 7.466645972046519197e-02 7.470041775667866923e-02 7.422439518280578297e-02 7.453042421998319622e-02
1.379999999999999005e+00 8.116292628643387991e-03 9.036321508714998882e-03 7.131998559806252205e-03 8.094870899054879693e-03 7.429465600572822404e-02 7.432855612358747754e-02 7.383677832448778955e-02 7.415333015126782112e-02
1.390000000000000568e+00 8.429633955364321252e-03 9.125973889762864846e-03 6.005292904591345154e-03 7.853633583239510996e-03 7.391430400191965899e-02 7.394812372417296220e-02 7.344255963378126806e-02 7.376832911995793995e-02
1.400000000000002132e+00 6.966574753294405703e-03 7.050972817128315501e-03 5.640642048954975889e-03 6.552729873125899898e-03 7.352798660753352700e-02 7.356170031522143993e-02 7.304436293181978956e-02 7.337801661819158550e-02
1.410000000000000142e+00 6.173292140778018945e-03 6.946089589635435005e-03 5.436595788151097133e-03 6.185325839521516739e-03 7.313831906949849748e-02 7.317189856734232500e-02 7.264471219363494159e-02 7.298497661015858340e-02
1.420000000000001705e+00 5.351477191577992502e-03 6.111724454369311943e-03 6.744442107685435020e-03 6.069214584544246199e-03 7.274790097462149885e-02 7.278131615492815232e-02 7.224600673932955741e-02 7.259174128962639361e-02
1.429999999999999716e+00 7.296440466342753867e-03 6.006546808841523033e-03 8.684983920038646249e-03 7.329323731740973805e-03 7.235927471784006637e-02 7.239249429013674964e-02 7.185050757158757684e-02 7.220075885985480224e-02
1.440000000000001279e+00 8.047002072258363503e-03 7.132553078763182418e-03 1.092712148904402374e-02 8.702225546688521773e-03 7.197489218818720058e-02 7.200788444237547770e-02 7.146033426969713998e-02 7.181437030008662459e-02
1.449999999999999289e+00 9.354849911369655241e-03 9.040053716346332230e-03 9.788085100001510733e-03 9.394329575905831578e-03 7.159709040723180595e-02 7.162982397960812597e-02 7.107747081624458951e-02 7.143479506769483123e-02
1.460000000000000853e+00 8.265897132534644198e-03 8.305226570004693373e-03 6.703203068509400002e-03 7.758108923682912814e-03 7.122807585019597099e-02 7.126052046352332470e-02 7.070377790126163020e-02 7.106412473832696142e-02
1.469999999999998863e+00 6.534717187803094907e-03 8.332572243718383911e-03 8.271018740027918925e-03 7.712769390516465914e-03 7.086991629023824124e-02 7.090204344074917120e-02 7.034100870917615878e-02 7.070432281338785707e-02
1.480000000000000426e+00 7.339700416236679889e-03 8.346857406772129062e-03 9.252467654280834702e-03 8.313008492429881796e-03 7.052453832578836623e-02 7.055632189186807068e-02 6.999082499960312953e-02 7.035722840575318882e-02
1.490000000000001990e+00 8.251984012571890112e-03 6.664433721778446028e-03 9.571315547990146694e-03 8.162577760780161812e-03 7.019372834254813953e-02 7.022514509231486679e-02 6.965481045860176523e-02 7.002456129782158589e-02
1.500000000000000000e+00 8.243238340673869277e-03 8.221857639663128839e-03 1.153503496110263281e-02 9.333376980479876975e-03 6.987913456049757444e-02 6.991016453898582506e-02 6.933447879375097267e-02 6.970792596441145739e-02
1.510000000000001563e+00 9.623497820603040334e-03 8.902814896552634430e-03 9.404917566019138295e-03 9.310410094391605509e-03 6.958226801331951483e-02 6.961289479513850520e-02 6.903127481005090493e-02 6.940881253950297036e-02
1.519999999999999574e+00 9.658902444062792206e-03 9.412653352399573056e-03 6.166674509773168583e-03 8.412743435411844037e-03 6.930450076753270905e-02 6.933471156736291385e-02 6.874656764694486721e-02 6.912859332728016337e-02
1.530000000000001137e+00 1.002705440500201682e-02 1.064646221040626943e-02 7.319471681188761784e-03 9.330996098865682389e-03 6.904706034819471649e-02 6.907684598873645165e-02 6.848163636740645099e-02 6.886851423477921563e-02
1.539999999999999147e+00 7.811189941643373151e-03 8.150557949281605694e-03 7.524431967530691677e-03 7.828726619485222929e-03 6.881102011523362871e-02 6.884037485997299144e-02 6.823764906376363071e-02 6.862968134632341233e-02
1.550000000000000711e+00 4.934504388880338668e-03 5.704408183322408690e-03 5.549134011183004013e-03 5.396015527795250746e-03 6.859728613797114183e-02 6.862620740349059667e-02 6.801563748134326071e-02 6.841304367426832844e-02
1.559999999999998721e+00 3.420382082624417747e-03 3.646605049500299504e-03 4.482914863373772818e-03 3.849967331832830023e-03 6.840658185434701777e-02 6.843506982350716639e-02 6.781646977874421223e-02 6.821937381886614138e-02
1.570000000000000284e+00 3.848615077185328550e-03 3.078197792364097043e-03 4.663460613315570553e-03 3.863424494288331904e-03 6.823943239305201025e-02 6.826748955597823632e-02 6.764082438851248824e-02 6.804924877918090698e-02
1.580000000000001847e+00 5.311654524754838395e-03 4.096895716605122167e-03 3.910019155808614096e-03 4.439523132389525464e-03 6.809615081374865986e-02 6.812378146785777466e-02 6.748916798723764154e-02 6.790303342294802535e-02
1.589999999999999858e+00 6.927404491510324482e-03 6.652809211340380072e-03 2.813510280568024078e-03 5.464574661139575198e-03 6.797682863983407764e-02 6.800403838286797620e-02 6.736174033240271974e-02 6.778086911836823936e-02
1.600000000000001421e+00 6.189861481257000024e-03 7.322459676006694111e-03 3.182064549505918705e-03 5.564795235589870513e-03 6.788133290317770185e-02 6.790812815390222246e-02 6.725854820588385297e-02 6.768266975432125909e-02
1.609999999999999432e+00 3.852411360311571407e-03 4.260257583821308071e-03 4.287761166906838353e-03 4.133476703679906522e-03 6.780931150400631990e-02 6.783569908338994703e-02 6.717936997589879500e-02 6.760812685443169656e-02
1.620000000000000995e+00 3.481114381602460565e-03 3.389674978056260619e-03 6.454180242378813534e-03 4.441656534012511717e-03 6.776020805270083214e-02 6.778619485361191133e-02 6.712377142398563701e-02 6.755672477676612220e-02
1.629999999999999005e+00 3.407352470029215413e-03 4.123127540411261616e-03 6.074337162878351397e-03 4.534939057772942664e-03 6.773328656782322266e-02 6.775887933356268544e-02 6.709113256532327207e-02 6.752776615556972672e-02
1.640000000000000568e+00 4.186458695875506196e-03 3.816158812911285211e-03 4.690210106337497180e-03 4.230942538374762862e-03 6.772766553662959432e-02 6.775287075844377283e-02 6.708068430374736213e-02 6.752040686627358568e-02
1.650000000000002132e+00 5.266409120938619903e-03 4.512577638680042268e-03 6.668987007490788724e-03 5.482657922369816965e-03 6.774235998712485607e-02 6.776718391927434582e-02 6.709155298387410593e-02 6.753369896342444056e-02
1.660000000000000142e+00 7.713917262063604147e-03 6.678499179330874870e-03 9.447780779696561895e-03 7.946732407030348416e-03 6.777632945833814149e-02 6.780077823761759825e-02 6.712281029433760093e-02 6.756663933009778022e-02
1.670000000000001705e+00 1.153454768342593306e-02 1.156395162412431066e-02 1.119036527610203433e-02 1.142962152788409499e-02 6.782852915839221453e-02 6.785260900546077889e-02 6.717352557568054272e-02 6.761822124651116483e-02
1.679999999999999716e+00 1.147427341026821708e-02 1.198093557038629360e-02 8.260062083661296947e-03 1.057175702143860370e-02 6.789796122097079001e-02 6.792167869382481626e-02 6.724281741038921900e-02 6.768748577506160380e-02
1.690000000000001279e+00 1.071626765011600424e-02 1.291490492280584004e-02 8.754652091296831126e-03 1.079527488807289180e-02 6.798372284155465572e-02 6.800708510811488694e-02 6.732990141841087295e-02 6.777356978936013854e-02
1.699999999999999289e+00 9.173877920092157398e-03 9.669380686951615372e-03 9.107610435426427911e-03 9.316956347490067472e-03 6.808504819311118894e-02 6.810806329111653012e-02 6.743413142396435800e-02 6.787574763606402106e-02
1.710000000000000853e+00 9.138114549839763262e-03 8.495886244260508757e-03 8.963226058267654076e-03 8.865742284122641453e-03 6.820134137385583384e-02 6.822401842999789578e-02 6.755503156411053756e-02 6.799346378932141777e-02
1.719999999999998863e+00 1.190436674691551337e-02 9.265286552205029280e-03 8.111858249827727518e-03 9.760503849649422234e-03 6.833219818904823217e-02 6.835454757578933449e-02 6.769231743510359389e-02 6.812635439998038223e-02
1.730000000000000426e+00 1.065503806957964449e-02 9.391445883161627164e-03 7.232646599695903740e-03 9.093043517479056440e-03 6.847741525899313231e-02 6.849944867520794956e-02 6.784590497306559886e-02 6.827425630242223153e-02
1.740000000000001990e+00 8.236539285670554239e-03 1.018183560105114308e-02 9.461619946914202536e-03 9.293331611211966617e-03 6.863698571596810183e-02 6.865871618584054592e-02 6.801590640479066030e-02 6.843720276886641751e-02
1.750000000000000000e+00 5.758414834700431063e-03 6.891284527199306037e-03 1.040402751016133304e-02 7.684575624020357869e-03 6.881108154071345628e-02 6.883252333307723903e-02 6.820261324219686894e-02 6.861540603866252142e-02
1.760000000000001563e+00 4.585944966770804689e-03 5.133122467540400004e-03 6.631417366765305320e-03 5.450161600358836671e-03 6.900002333304264268e-02 6.902119181040552998e-02 6.840646690193667723e-02 6.880922734846162125e-02
1.769999999999999574e+00 4.430098927170907259e-03 4.990095705758937350e-03 6.141180187315548912e-03 5.187124940081797551e-03 6.920423896430477617e-02 6.922515037599061283e-02 6.862801808746041288e-02 6.901913580925192471e-02
1.780000000000001137e+00 6.750375675797992518e-03 6.259283987574229893e-03 7.359262816790112204e-03 6.789640826720778205e-03 6.942421308897527010e-02 6.944488432601693406e-02 6.886787655866592750e-02 6.924565799121938647e-02
1.789999999999999147e+00 9.979979303901331117e-03 7.606324755492504738e-03 7.712913201591008704e-03 8.433072420328280652e-03 6.966042988905589428e-02 6.968087821899224266e-02 6.912665332669233609e-02 6.948932047824682434e-02
1.800000000000000711e+00 1.089964652465780053e-02 9.420953408355725242e-03 8.026083575904573858e-03 9.448894502972699297e-03 6.991331169640001286e-02 6.993355449398533374e-02 6.940489764773241643e-02 6.975058794603924972e-02
1.809999999999998721e+00 9.232830034668159866e-03 1.118138774208705943e-02 6.222418797398508727e-03 8.878878858051242676e-03 7.018315630762453350e-02 7.020321079344793436e-02 6.970303145446793414e-02 7.002979951851347196e-02
1.820000000000000284e+00 6.283532383560684609e-03 7.984605583252462474e-03 7.089542972646834494e-03 7.119226979819995305e-03 7.047007590207517158e-02 7.048995889615813915e-02 7.002128406185338660e-02 7.032710628669557040e-02
1.830000000000001847e+00 5.125553454730706789e-03 5.763224675655234837e-03 6.463106047461632427e-03 5.783961392615858017e-03 7.077394051798316377e-02 7.079366821119408015e-02 7.035963011723379845e-02 7.064241294880367616e-02
1.839999999999999858e+00 6.787097519214351816e-03 6.618017990444540963e-03 5.348220105007724622e-03 6.251111871555538844e-03 7.109432904080158211e-02 7.111391678462934685e-02 7.071773382455470713e-02 7.097532654999520740e-02
1.850000000000001421e+00 6.995615008575036681e-03 6.153361622707390413e-03 6.248744581712993400e-03 6.465907070998473498e-03 7.143049059044905003e-02 7.144995270598716863e-02 7.109490243927236997e-02 7.132511524523618696e-02
1.859999999999999432e+00 7.172482749130205774e-03 5.615241687005701442e-03 6.807062481029276316e-03 6.531595639055061756e-03 7.178131901458910391e-02 7.180066862433939767e-02 7.149005187150021812e-02 7.169067983680955936e-02
1.870000000000000995e+00 6.973199855552609898e-03 6.054980285107999446e-03 8.427681552240788923e-03 7.151953897633800579e-03 7.214534283858262120e-02 7.216459172904741981e-02 7.190168691140791379e-02 7.207054049301263310e-02
1.879999999999999005e+00 4.843126148306551616e-03 5.948021442126870222e-03 5.549589504375075297e-03 5.446912364936165422e-03 7.252073242487824811e-02 7.253989095256947739e-02 7.232789806810407951e-02 7.246284048185058779e-02
1.890000000000000568e+00 3.943624220260157943e-03 5.268354179440206016e-03 4.034327008877730027e-03 4.415435136192697417e-03 7.290532521622054840e-02 7.292440227354954341e-02 7.276637627353134408e-02 7.286536792110047400e-02
1.900000000000002132e+00 4.109311800004999786e-03 4.502751547567466345e-03 4.337794884337674121e-03 4.316619410636712839e-03 7.329666879110381672e-02 7.331567185069758075e-02 7.321444575764696205e-02 7.327559546648278188e-02
1.910000000000000142e+00 4.442058377695999073e-03 4.411854632993975588e-03 5.123046785913069889e-03 4.658986598867681517e-03 7.369208012851012624e-02 7.371101538436811151e-02 7.366911430041145348e-02 7.369073660442990170e-02
1.920000000000001705e+00 5.551617886346327073e-03 5.849559566948897386e-03 5.769671734146955555e-03 5.723616395814060294e-03 7.408871811137071606e-02 7.410759073258253726e-02 7.412713889794494970e-02 7.410781591396607693e-02
1.929999999999999716e+00 9.369877767659847562e-03 9.085652041910200621e-03 9.619257694374711357e-03 9.358262501314921003e-03 7.448366508926418383e-02 7.450247959664217656e-02 7.458510376423962973e-02 7.452374948338198746e-02
1.940000000000001279e+00 1.745386051794246482e-02 1.464205418966593210e-02 1.366794647831097095e-02 1.525462039530645596e-02 7.487401246604916127e-02 7.489277323376039575e-02 7.503950665862113567e-02 7.493543078614357811e-02
1.949999999999999289e+00 2.655168500441419319e-02 2.506415592801672365e-02 1.147188260919335123e-02 2.102924118054142269e-02 7.525694492548169745e-02 7.527565679881777216e-02 7.548684890567636252e-02 7.533981687665861071e-02
1.960000000000000853e+00 1.860887285266328572e-02 2.165013796030859639e-02 1.608072937350622095e-02 1.877991339549269986e-02 7.562981811813833388e-02 7.564848712572945499e-02 7.592372424609288017e-02 7.573400982998688968e-02
1.969999999999998863e+00 1.089960764881405149e-02 1.358971029902700939e-02 2.439423979064622369e-02 1.629451924616243108e-02 7.599022536290371554e-02 7.600885948842367457e-02 7.634690185615015945e-02 7.611532890249249339e-02
1.980000000000000426e+00 1.188373621039457914e-02 1.303075481054695624e-02 1.954288298039776398e-02 1.481912466711309689e-02 7.633605003278222390e-02 7.635465999967194772e-02 7.675339946751492948e-02 7.648136983332302907e-02
1.990000000000001990e+00 1.466952218932444929e-02 1.206081593193487900e-02 1.375845754696946623e-02 1.349626522274293208e-02 7.666550161205848424e-02 7.668410162692945731e-02 7.714054341623553801e-02 7.683004888507447006e-02
2.000000000000000000e+00 1.385558244769042116e-02 1.137298385564099873e-02 1.112591672505068054e-02 1.211816100946069841e-02 7.697713473923895044e-02 7.699574313719534380e-02 7.750601351979670428e-02 7.715963046541032822e-02
2.010000000000001563e+00 1.336184492272628720e-02 1.282867728831887065e-02 1.030643217374158788e-02 1.216565146159558075e-02 7.726985173039091492e-02 7.728849146903137013e-02 7.784787178285916542e-02 7.746873832742713628e-02
2.019999999999999574e+00 1.202100478857029767e-02 1.267852712966958430e-02 1.102511356168026958e-02 1.190821515997338327e-02 7.754289001414824134e-02 7.756158897199307012e-02 7.816457494523708360e-02 7.775635131045947890e-02
2.030000000000001137e+00 9.336006523978462174e-03 1.098416450843969425e-02 1.025337475143439127e-02 1.019118192795085039e-02 7.779579656666447962e-02 7.781458761503839971e-02 7.845497172659898766e-02 7.802178530276730750e-02
2.039999999999999147e+00 7.473057603331867069e-03 8.962710795048713097e-03 1.137039474977358938e-02 9.268721049384724339e-03 7.802839182437101839e-02 7.804731265756030545e-02 7.871828625723639727e-02 7.826466357972255983e-02
2.050000000000000711e+00 7.687692529616585273e-03 8.145758238839829329e-03 1.324528893822703862e-02 9.692913235561149629e-03 7.824072571736087611e-02 7.825981844251357622e-02 7.895408961889881228e-02 7.848487792625774562e-02
2.059999999999998721e+00 1.351308005932098585e-02 1.341701329068592172e-02 2.250789888225836893e-02 1.647933074408842666e-02 7.843302846018641861e-02 7.845233896457520784e-02 7.916226168747445002e-02 7.868254303741201161e-02
2.070000000000000284e+00 1.830250600426864063e-02 1.556151563437649897e-02 1.721766114846693882e-02 1.702722759570402672e-02 7.860565861410249988e-02 7.862523574180679820e-02 7.934294561300066218e-02 7.885794665630331546e-02
2.080000000000001847e+00 1.543404642808524074e-02 1.366513830009930680e-02 1.151899734592626637e-02 1.353939402470360522e-02 7.875905074159163244e-02 7.877894532363237390e-02 7.949649733055796919e-02 7.901149779859399647e-02
2.089999999999999858e+00 1.367551764385468126e-02 1.356837265269664368e-02 1.045814154497746659e-02 1.256734394717626269e-02 7.889366474843075017e-02 7.891392853887092829e-02 7.962343249524432565e-02 7.914367526084868654e-02
2.100000000000001421e+00 1.004866456213286859e-02 1.250938086614519426e-02 8.472546681924176051e-03 1.034353070340074746e-02 7.900993877604722826e-02 7.903062335098913482e-02 7.972437318742542356e-02 7.925497843815391963e-02
2.109999999999999432e+00 9.799505860496278420e-03 1.206683953498198167e-02 1.099890668426246540e-02 1.095508402658024009e-02 7.910824728052398558e-02 7.912940295650913725e-02 7.979999664015534344e-02 7.934588229239612767e-02
2.120000000000000995e+00 1.134343289587229006e-02 1.181880949912824698e-02 1.628385945603802454e-02 1.314870061701285328e-02 7.918886571624583759e-02 7.921054053908883896e-02 7.985098809108992501e-02 7.941679811547487644e-02
2.129999999999999005e+00 1.073074921849109971e-02 9.647768630349573896e-03 1.818372941131341999e-02 1.285408242005136280e-02 7.925194301606389158e-02 7.927418186094647989e-02 7.987799964226106886e-02 7.946804150642379494e-02
2.140000000000000568e+00 1.329004136595297869e-02 1.135378805302781312e-02 1.227164444458032737e-02 1.230515795452037306e-02 7.929748280995962961e-02 7.932032661968407838e-02 7.988161671266585939e-02 7.949980871410318450e-02
2.150000000000002132e+00 1.409209396359865397e-02 1.101554947096091211e-02 8.367558730252858817e-03 1.115840072160414337e-02 7.932533402485181240e-02 7.934881919726841093e-02 7.986233328252211050e-02 7.951216216821412053e-02
2.160000000000000142e+00 1.089564509864272140e-02 1.157846434382697222e-02 6.846975942575455124e-03 9.773695128348382916e-03 7.933519114247898629e-02 7.935934906257512134e-02 7.982053665569532885e-02 7.950502562024983066e-02
2.170000000000001705e+00 7.874994571960317394e-03 1.156655617902409283e-02 6.867869239278082995e-03 8.769806663420831941e-03 7.932660395227965344e-02 7.935146065156391260e-02 7.975650192349321987e-02 7.947818884244559068e-02
2.179999999999999716e+00 6.454764139823527744e-03 7.937031427753682075e-03 9.626303086292212208e-03 8.006032884623141832e-03 7.929899613225846466e-02 7.932457204940224216e-02 7.967039572584659612e-02 7.943132130250243894e-02
2.190000000000001279e+00 7.141688522149998788e-03 7.257817758787895972e-03 1.445201083049652870e-02 9.617172370478141441e-03 7.925169144990477921e-02 7.927800126404736802e-02 7.956228831467528073e-02 7.936399367620915191e-02
2.199999999999999289e+00 1.078577854515941348e-02 1.020174459178158424e-02 1.950902528627755650e-02 1.349884947440618474e-02 7.918394584374931211e-02 7.921099835465376937e-02 7.943217237714504664e-02 7.927570552518271862e-02
2.210000000000000853e+00 1.807278940334326733e-02 1.461458656990165597e-02 1.434732527463912846e-02 1.567823374929468508e-02 7.909498318835619934e-02 7.912278122445907946e-02 7.927998663023194670e-02 7.916591701434907979e-02
2.219999999999998863e+00 2.198319668443230596e-02 2.009179837067749663e-02 1.065452939119417020e-02 1.757650814876799208e-02 7.898403221998610835e-02 7.901257256587188027e-02 7.910564190235502835e-02 7.903408222940434824e-02
2.230000000000000426e+00 1.787478016851625634e-02 2.012699113978353230e-02 1.156584691648064080e-02 1.652253940826014372e-02 7.885036196910796824e-02 7.887963531462195699e-02 7.890904731219304524e-02 7.887968153197431886e-02
2.240000000000001990e+00 1.244130204574986007e-02 1.485194487006771293e-02 1.650954264385343789e-02 1.460092985322367087e-02 7.869331315312350084e-02 7.872330407604420655e-02 7.869013426234304498e-02 7.870225049717025079e-02
2.250000000000000000e+00 1.063960081393166245e-02 1.181084628273031123e-02 1.836009780621824378e-02 1.360351496762673973e-02 7.851232334123071921e-02 7.854301034219755839e-02 7.844887628187570405e-02 7.850140332176798463e-02
2.260000000000001563e+00 1.289487436591904568e-02 1.157508784383437517e-02 1.214599581811180891e-02 1.220531934262174267e-02 7.830694429538438694e-02 7.833829990722149250e-02 7.818530325614421461e-02 7.827684915291668877e-02
2.269999999999999574e+00 1.448155203964644581e-02 1.318167134250689335e-02 1.305455999658838850e-02 1.357259445958057878e-02 7.807685066855736544e-02 7.810884166105908077e-02 7.789950922659477639e-02 7.802840051873707883e-02
2.280000000000001137e+00 1.650005536774912240e-02 1.600108872522218451e-02 1.345713430111778255e-02 1.531942613136302866e-02 7.782184012440925003e-02 7.785442782102028336e-02 7.759165366437303923e-02 7.775597386993420013e-02
2.289999999999999147e+00 1.932656347642771819e-02 1.967044931298268448e-02 1.228920568891627395e-02 1.709540615944222380e-02 7.754182583546863350e-02 7.757496654994058827e-02 7.726195685002421043e-02 7.745958307847781998e-02
2.300000000000000711e+00 1.427199110744376692e-02 1.358530631175043288e-02 1.322650281356074070e-02 1.369460007758497959e-02 7.723682311553017876e-02 7.727046870607115481e-02 7.691069065315020437e-02 7.713932749158383673e-02
2.309999999999998721e+00 7.748742926703742692e-03 8.436742156462600367e-03 1.129923486047186738e-02 9.161573314546068991e-03 7.690693255021727182e-02 7.694103107715791201e-02 7.653816653235796796e-02 7.679537671991103209e-02
2.320000000000000284e+00 6.496153870380870846e-03 8.256647340982012362e-03 1.070858922776559558e-02 8.487130146376160172e-03 7.655232233074293902e-02 7.658681879290531180e-02 7.614472291035156992e-02 7.642795467799992637e-02
2.330000000000001847e+00 7.339004449991580990e-03 7.428704950976336256e-03 9.502049431467800983e-03 8.089919610811905498e-03 7.617321252371667129e-02 7.620804964046903884e-02 7.573071418058384408e-02 7.603732544825651807e-02
2.339999999999999858e+00 9.054625066393149832e-03 8.900217686274799339e-03 1.198182502943025141e-02 9.978889260699399036e-03 7.576986371786605112e-02 7.580498271931786214e-02 7.529650345049843096e-02 7.562378329589412862e-02
2.350000000000001421e+00 1.085386065797147928e-02 9.507560937081284066e-03 1.261178262447159443e-02 1.099106807317478535e-02 7.534257191323827374e-02 7.537791330099279097e-02 7.484246072940697880e-02 7.518764864787935709e-02
2.359999999999999432e+00 1.312984731016098895e-02 1.258027039738045250e-02 7.237777198019492222e-03 1.098263163518697905e-02 7.489167073594894808e-02 7.492717498103670937e-02 7.436896766174216911e-02 7.472927112624259960e-02
2.370000000000000995e+00 1.648924876960673400e-02 1.486208184129886832e-02 6.719010214514356885e-03 1.269011360847332147e-02 7.441754117608187502e-02 7.445314932819722953e-02 7.387642915452204140e-02 7.424903988626704865e-02
2.379999999999999005e+00 1.476746398928979048e-02 1.731958955857205301e-02 1.037227354370303355e-02 1.415310903052162395e-02 7.392062817363148630e-02 7.395628236517684528e-02 7.336529143872323744e-02 7.374740065917718967e-02
2.390000000000000568e+00 8.877252446394891944e-03 9.896840716099763319e-03 1.406144498284900464e-02 1.094517938178122055e-02 7.340146262407469535e-02 7.343710646238052475e-02 7.283606533647395131e-02 7.322487814097640435e-02
2.400000000000002132e+00 8.161703919610458283e-03 8.229779447589059133e-03 1.579438396453664711e-02 1.072862244391205484e-02 7.286068682171234490e-02 7.289626567193940865e-02 7.228935287266785581e-02 7.268210178877319849e-02
2.410000000000000142e+00 1.305118995479784445e-02 1.261380796728893937e-02 1.413652462090451284e-02 1.326717418099709889e-02 7.229908104763896337e-02 7.233454221665597261e-02 7.172587494179244461e-02 7.211983273536246020e-02
2.420000000000001705e+00 1.636491204457549142e-02 1.599028048087143897e-02 1.442499249898509389e-02 1.559339500814401099e-02 7.171758894302628085e-02 7.175288178059774369e-02 7.114649755573712597e-02 7.153898942645373071e-02
2.429999999999999716e+00 1.751658941440712922e-02 1.546563324107856109e-02 1.220260487165559724e-02 1.506160917571376136e-02 7.111733945742765295e-02 7.115241539523800562e-02 7.055225425613335932e-02 7.094066970293300134e-02
2.440000000000001279e+00 1.414890448772030893e-02 1.523488560718964588e-02 9.936554733170680637e-03 1.310678160936020950e-02 7.049966347302262515e-02 7.053447602432784402e-02 6.994436254202916758e-02 7.032616734645986967e-02
2.449999999999999289e+00 9.850128034102692554e-03 9.761185675386752081e-03 1.225072202265273941e-02 1.062067857738072975e-02 6.986610361838323235e-02 6.990060836129825816e-02 6.932423258651963793e-02 6.969698152206703357e-02
2.460000000000000853e+00 8.229422093741957031e-03 9.946740330864374882e-03 1.003621416162010435e-02 9.404125528742146578e-03 6.921841623957762646e-02 6.925257080514253538e-02 6.869346703232556695e-02 6.905481802568190497e-02
2.469999999999998863e+00 7.646374978964574388e-03 7.769363459343063202e-03 1.037102989659729850e-02 8.595589444968311163e-03 6.855856494222131725e-02 6.859232902458459180e-02 6.805385120835322210e-02 6.840158172505304834e-02
2.480000000000000426e+00 9.723946416017432981e-03 8.383233166537133393e-03 9.740701651410499373e-03 9.282627077988355249e-03 6.788870551956502353e-02 6.792204092030243445e-02 6.740733365084775053e-02 6.773936003023840746e-02
2.490000000000001990e+00 1.095472181852898130e-02 1.193701460451721680e-02 7.610005550770214573e-03 1.016724732460547176e-02 6.721116241988275841e-02 6.724403313226885726e-02 6.675599731245608626e-02 6.707039762153589602e-02
2.500000000000000000e+00 1.228750616872422916e-02 1.131300602662079803e-02 9.105055520040488889e-03 1.090185590512850536e-02 6.652839717893306581e-02 6.656076951176274903e-02 6.610202228285838588e-02 6.639706299118472432e-02
2.510000000000001563e+00 1.112410690889803315e-02 1.029824988499939906e-02 1.125218280628832029e-02 1.089151320006191519e-02 6.584296946279676044e-02 6.587481219773254348e-02 6.544764122052622313e-02 6.572180762701849976e-02
2.519999999999999574e+00 7.638098349819801014e-03 8.084453565875643344e-03 1.202387235691459479e-02 9.248808090870011892e-03 6.515749155622052591e-02 6.518877612809542699e-02 6.479508900937207272e-02 6.504711889789600854e-02
2.530000000000001137e+00 7.418896588261563070e-03 8.397638122907450514e-03 9.940763074914382019e-03 8.585765928694463756e-03 6.447457731865173514e-02 6.450527800490678254e-02 6.414654841433992116e-02 6.437546791263280832e-02
2.539999999999999147e+00 6.667707397063800390e-03 6.505211308817362634e-03 6.128517552554824804e-03 6.433812086145329276e-03 6.379678683730649613e-02 6.382688094077686169e-02 6.350409372376394912e-02 6.370925383394909769e-02
2.550000000000000711e+00 5.736212169188792398e-03 6.898001057337599905e-03 3.927108951394467015e-03 5.520440725973619484e-03 6.312656824614309992e-02 6.315603625475323113e-02 6.286963453680345648e-02 6.305074634589993843e-02
2.559999999999998721e+00 6.731145809334740729e-03 6.480172352920401425e-03 2.948866091252437104e-03 5.386728084502525986e-03 6.246619844835754609e-02 6.249502415589389126e-02 6.224486197730651899e-02 6.240202819385266136e-02
2.570000000000000284e+00 9.272196195247940989e-03 7.127545059647246231e-03 3.162142262477129172e-03 6.520627839124105464e-03 6.181772475906116560e-02 6.184589533314484994e-02 6.163119967795295528e-02 6.176493992338633748e-02
2.580000000000001847e+00 9.492295520260561614e-03 9.395845058444513009e-03 5.017452029174449685e-03 7.968530869293175348e-03 6.118290974159153878e-02 6.121041572832515432e-02 6.102976186130888714e-02 6.114102911040852212e-02
2.589999999999999858e+00 5.565925450497009701e-03 6.729858385749579869e-03 9.148780473145594339e-03 7.148188103130728548e-03 6.056318170554241681e-02 6.059001696467705006e-02 6.044132072534480482e-02 6.053150646518809519e-02
2.600000000000001421e+00 3.365547109848569893e-03 3.662826786750971765e-03 9.910712136338260467e-03 5.646362010979268098e-03 5.995959342365529687e-02 5.998575499333814315e-02 5.986628510002897641e-02 5.993721117234080548e-02
2.609999999999999432e+00 2.577298653171732415e-03 2.752331111997126205e-03 6.087558178854098924e-03 3.805729314674319470e-03 5.937279156973690464e-02 5.939827946508703660e-02 5.930469196756806005e-02 5.935858766746399812e-02
2.620000000000000995e+00 2.326901990179844944e-03 2.493384409976949923e-03 3.386606154407496676e-03 2.735630851521430804e-03 5.880299915012331818e-02 5.882781610452420679e-02 5.875621193129245551e-02 5.879567572864667635e-02
2.629999999999999005e+00 3.039543148366914693e-03 2.945556085414733228e-03 2.448277047063894454e-03 2.811125426948513691e-03 5.825001277843886577e-02 5.827416393984601040e-02 5.822016908969774446e-02 5.824811526932753558e-02
2.640000000000000568e+00 4.593578561601057396e-03 3.606586179966054378e-03 2.256346221359472205e-03 3.485503654308861037e-03 5.771321602976388354e-02 5.773670862616257782e-02 5.769557505127230479e-02 5.771516656906625770e-02
2.650000000000002132e+00 5.017305757229450699e-03 5.005986935022035088e-03 2.707680381958856974e-03 4.243657691403448021e-03 5.719160932041934126e-02 5.721445230880384258e-02 5.718117605072680493e-02 5.719574589331667680e-02
2.660000000000000142e+00 3.345920912389338184e-03 3.694797926082335048e-03 4.344858954388571698e-03 3.795192597620082077e-03 5.668385583739715683e-02 5.670605954945011351e-02 5.667551135108300775e-02 5.668847557931008113e-02
2.670000000000001705e+00 3.108893500105095083e-03 3.058576381572270225e-03 7.496218349450091932e-03 4.554562743709153136e-03 5.618834204643412961e-02 5.620991784182940987e-02 5.617698039604343552e-02 5.619174676143567221e-02
2.679999999999999716e+00 4.012839810848768153e-03 4.163638322331917122e-03 9.008861436182926535e-03 5.728446523121203358e-03 5.570325031950219830e-02 5.572421025495185448e-02 5.568391557299498529e-02 5.570379204914968629e-02
2.690000000000001279e+00 5.233274365554450858e-03 6.020082313931115862e-03 1.075080434187198480e-02 7.334720340452516307e-03 5.522664033090413094e-02 5.524699685015151823e-02 5.519465701956516313e-02 5.522276473354027077e-02
2.699999999999999289e+00 7.077271882214685415e-03 7.228661002607430705e-03 8.015256273526191397e-03 7.440396386116102795e-03 5.475653516753865857e-02 5.477630081488984309e-02 5.470762570279807946e-02 5.474682056174219602e-02
2.710000000000000853e+00 1.128625273465648851e-02 1.080730044019549696e-02 7.630554194756452614e-03 9.908035789869479651e-03 5.429100766420948132e-02 5.431019482222392003e-02 5.422139105219603294e-02 5.427419784620982068e-02
2.719999999999998863e+00 1.350653359517017121e-02 1.221548885812600606e-02 1.312828019577423795e-02 1.295010088302347290e-02 5.382826236804501285e-02 5.384688301891833034e-02 5.373472974581901956e-02 5.380329171092745888e-02
2.730000000000000426e+00 1.309269935204034237e-02 1.178052198492323885e-02 1.267534067810141205e-02 1.251618733835499833e-02 5.336670878411476499e-02 5.338477429418991838e-02 5.324667281580382217e-02 5.333271863136949953e-02
2.740000000000001990e+00 8.949548599364240409e-03 1.173399431142036278e-02 8.018332834354281388e-03 9.567291915046294282e-03 5.290502214621005395e-02 5.292254307391323909e-02 5.275653901315411481e-02 5.286136807775913826e-02
2.750000000000000000e+00 8.770658428514222990e-03 1.052398101546771735e-02 8.980261402345975780e-03 9.424966948775972617e-03 5.244218884260190561e-02 5.245917477178559107e-02 5.226395328515838490e-02 5.238843896651530080e-02
2.760000000000001563e+00 1.120864566023163297e-02 9.835055223660934057e-03 9.959659140973324207e-03 1.033445334162196375e-02 5.197753472247469003e-02 5.199399412529729508e-02 5.176885018983306413e-02 5.191345967920168308e-02
2.769999999999999574e+00 1.188403721326295424e-02 9.240137933504527848e-03 6.236334956515170516e-03 9.120170034427551448e-03 5.151073570730001216e-02 5.152667584288056490e-02 5.127146301164242637e-02 5.143629152060766319e-02
2.780000000000001137e+00 7.018093603935305833e-03 8.029581008896457400e-03 4.224892342730959122e-03 6.424188985187574696e-03 5.104181131412513506e-02 5.105723817089336675e-02 5.077230016711798549e-02 5.095711655071216706e-02
2.789999999999999147e+00 4.235882556421991657e-03 5.083325677483032864e-03 4.174697043617308333e-03 4.497968425840777329e-03 5.057110275209966699e-02 5.058602104237663183e-02 5.027211113029323580e-02 5.047641164158984256e-02
2.800000000000000711e+00 2.793044744778048864e-03 2.977539621961416364e-03 5.062313093989486042e-03 3.610965820242984046e-03 5.009923808620125874e-02 5.011365130085337211e-02 4.977184452031643142e-02 4.999491130245702075e-02
2.809999999999998721e+00 2.530979896173797539e-03 2.535116058012166270e-03 5.313208672084915318e-03 3.459768208756960287e-03 4.962708751006329744e-02 4.964099803887862816e-02 4.927260116235500365e-02 4.951356223709897642e-02
2.820000000000000284e+00 3.480023451980639171e-03 3.288266643163775035e-03 4.787579785579519111e-03 3.851956626907977917e-03 4.915571200832196536e-02 4.916912132815847575e-02 4.877558487011145888e-02 4.903347273553063101e-02
2.830000000000001847e+00 4.946051527525145881e-03 4.542318292305223479e-03 4.433811886827485754e-03 4.640727235552618082e-03 4.868630863120661234e-02 4.869921755930040758e-02 4.828205344085233913e-02 4.855585987711978635e-02
2.839999999999999858e+00 5.025783730320678745e-03 5.359617691953939139e-03 5.091479094263090706e-03 5.158960172179236775e-03 4.822015529776996906e-02 4.823256430241215642e-02 4.779327195711559340e-02 4.808199718576590398e-02
2.850000000000001421e+00 5.799917393846637514e-03 5.812322586945008196e-03 3.561726925980222488e-03 5.057988968923956066e-03 4.775855756166396543e-02 4.777046711738287127e-02 4.731047001635887289e-02 4.761316489846856292e-02
2.859999999999999432e+00 6.617783975593568083e-03 6.477353537670053375e-03 4.263698412571643309e-03 5.786278641945087967e-03 4.730279920003076233e-02 4.731421017008066721e-02 4.683480402279899951e-02 4.715060446430347635e-02
2.870000000000000995e+00 5.531520214810720266e-03 5.362500329436369756e-03 5.865559952489884932e-03 5.586526832245658318e-03 4.685409790680426095e-02 4.686501193269802801e-02 4.636732522841294918e-02 4.669547835597174373e-02
2.879999999999999005e+00 3.639663621972760200e-03 4.119123961662161069e-03 5.878798000390661645e-03 4.545861861341860682e-03 4.641356685873806315e-02 4.642398673511069496e-02 4.590895384082847863e-02 4.624883581155907891e-02
2.890000000000000568e+00 3.951383078884015791e-03 3.731397975405802581e-03 4.558183916696639977e-03 4.080321656995486261e-03 4.598218252599165640e-02 4.599211253941536126e-02 4.546045924489607037e-02 4.581158477010103397e-02
2.900000000000002132e+00 4.197992664853375695e-03 4.482293483030850602e-03 4.439685659586889085e-03 4.373323935823705128e-03 4.556075884225367634e-02 4.557020505466490012e-02 4.502244621383633127e-02 4.538447003691829795e-02
2.910000000000000142e+00 4.133166372297447828e-03 4.049490107516861073e-03 3.251893036132790394e-03 3.811516505315699910e-03 4.514992772782849134e-02 4.515889818874517514e-02 4.459534690081782410e-02 4.496805760579715427e-02
2.920000000000001705e+00 4.949476020823220281e-03 4.681899907205171012e-03 2.430654981660350204e-03 4.020676969896247455e-03 4.475012594530944354e-02 4.475863082163372697e-02 4.417941837733549426e-02 4.456272504809288132e-02
2.929999999999999716e+00 5.124453635583703023e-03 4.889473042804425018e-03 2.728856155354160949e-03 4.247594277914096619e-03 4.436158831805377123e-02 4.436963993553245944e-02 4.377474549055758446e-02 4.416865791471460967e-02
2.940000000000001279e+00 2.646179759546405611e-03 2.700436166060019971e-03 3.691598469468061142e-03 3.012738131691495864e-03 4.398434740689077110e-02 4.399196020276206071e-02 4.338124881878571704e-02 4.378585214281285193e-02
2.949999999999999289e+00 1.685548834294889504e-03 1.934991684158805184e-03 3.357071694711882305e-03 2.325870737721859142e-03 4.361823977345564984e-02 4.362543016501424509e-02 4.299869748974182587e-02 4.341412247607056435e-02
2.960000000000000853e+00 1.498833601918369944e-03 1.746608120907229078e-03 2.296325366619502654e-03 1.847255696481700559e-03 4.326291892322026156e-02 4.326970510161627648e-02 4.262672657748586835e-02 4.305311686744079519e-02
2.969999999999998863e+00 1.831032422769885088e-03 1.818026718185430978e-03 2.461005682117002255e-03 2.036688274357439585e-03 4.291787489785393178e-02 4.292427656013279857e-02 4.226485870795888139e-02 4.270233672198187058e-02
2.980000000000000426e+00 2.743296454551808188e-03 2.545300769285972070e-03 3.417749757455795876e-03 2.902115660431191756e-03 4.258246027367147690e-02 4.258849830869772257e-02 4.191252938716782256e-02 4.236116265651234530e-02
2.990000000000001990e+00 3.168715572487473993e-03 3.281324202584932730e-03 5.880539866127167115e-03 4.110193213733191568e-03 4.225592203713927214e-02 4.226161818257129915e-02 4.156911543311033602e-02 4.202888521760697604e-02
3.000000000000000000e+00 4.088970160389370119e-03 3.858514728485636786e-03 7.679216367354561694e-03 5.208900418743189244e-03 4.193743848032438493e-02 4.194281496824047578e-02 4.123396575889476390e-02 4.170473973581987487e-02
3.010000000000001563e+00 7.693467681831650008e-03 7.055199482437458751e-03 5.085738487097455490e-03 6.611468550455521995e-03 4.162615992867892828e-02 4.163123913689487782e-02 4.090643363629233725e-02 4.138794423395537186e-02
3.019999999999999574e+00 6.363269069108232548e-03 7.010645448146051763e-03 3.575214564395753393e-03 5.649709693883345901e-03 4.132125182302394395e-02 4.132605594771815438e-02 4.058590947964647866e-02 4.107773908346286362e-02
3.030000000000001137e+00 4.242069640623099928e-03 4.641123731169435364e-03 2.924510235849027331e-03 3.935901202547187686e-03 4.102193846583168657e-02 4.102648922896695582e-02 4.027185313961241520e-02 4.077342694480369512e-02
3.039999999999999147e+00 3.149145612038694794e-03 3.105051705649070591e-03 2.819901051396725509e-03 3.024699456361496386e-03 4.072754563855592036e-02 4.073186404092807994e-02 3.996382469026461132e-02 4.047441145658286360e-02
3.050000000000000711e+00 3.810906901694173510e-03 3.596639079875345920e-03 3.447429893928768366e-03 3.618325291832762743e-03 4.043754031828930562e-02 4.044164644599879815e-02 3.966151273370770169e-02 4.018023316599860645e-02
3.059999999999998721e+00 5.452521334527081487e-03 5.470855030481495962e-03 3.933729418942962311e-03 4.952368594650512386e-03 4.015156586985124676e-02 4.015547875874335426e-02 3.936475933217878365e-02 3.989060132025779720e-02
3.070000000000000284e+00 8.281498375862285724e-03 8.060825790443634786e-03 4.831215184949447065e-03 7.057846450418455569e-03 3.986947134993081704e-02 3.987320890924822558e-02 3.907358080467461525e-02 3.960542035461789290e-02
3.080000000000001847e+00 8.572469377080942088e-03 8.203036032874949646e-03 7.640344031295525501e-03 8.138616480417139656e-03 3.959133390675279723e-02 3.959491290002577213e-02 3.878818378681893331e-02 3.932481019786583654e-02
3.089999999999999858e+00 6.271530296238882370e-03 6.595190082331886874e-03 8.914236163573051666e-03 7.260318847381273637e-03 3.931747365679637285e-02 3.932090973503220982e-02 3.850897614015626885e-02 3.904911984399495051e-02
3.100000000000001421e+00 3.834326001220925151e-03 4.045136595521452855e-03 4.384737997516732939e-03 4.088066864753036982e-03 3.904846083019902769e-02 3.905176860987537302e-02 3.823657249927230051e-02 3.877893397978223605e-02
3.109999999999999432e+00 2.413855893809008051e-03 2.632960250484472301e-03 2.341136589310435258e-03 2.462650911201305203e-03 3.878511536099071844e-02 3.878830853736763701e-02 3.797179444953120014e-02 3.851507278262986111e-02
3.120000000000000995e+00 1.803787813586803452e-03 1.850059552341141392e-03 1.811225218369106292e-03 1.821690861432350306e-03 3.852849942564947477e-02 3.853159091062385161e-02 3.771566552158642227e-02 3.825858528595325186e-02
3.129999999999999005e+00 2.022270751929920295e-03 1.953222960626495135e-03 2.154421344270774329e-03 2.043305018942396297e-03 3.827990368193762150e-02 3.828290575517052235e-02 3.746940135867582455e-02 3.801073693192798947e-02
3.140000000000000568e+00 3.347891132552661530e-03 3.076677708884080226e-03 3.735937445631000789e-03 3.386835429022581282e-03 3.804082811968959726e-02 3.804375258204464871e-02 3.723439554879184876e-02 3.777299208350869131e-02
3.150000000000002132e+00 4.768394506036737271e-03 4.395128522825866683e-03 3.895619872525594215e-03 4.353047633796066490e-03 3.781295850779345380e-02 3.781581682718076348e-02 3.701220170942490922e-02 3.754699234813304448e-02
3.160000000000000142e+00 4.978291910566538976e-03 4.595336838768670183e-03 2.398994925057828295e-03 3.990874558131012918e-03 3.759813941882188260e-02 3.760094286019454585e-02 3.680451246563818529e-02 3.733453158155154022e-02
3.170000000000001705e+00 3.593886201601677755e-03 4.520405359466215384e-03 2.377151525527623245e-03 3.497147695531838650e-03 3.739834475288469212e-02 3.740110448617296746e-02 3.661313597480577581e-02 3.713752840462114513e-02
3.179999999999999716e+00 2.331447994585946967e-03 2.868808572357257544e-03 3.568915006173738365e-03 2.923057191038980814e-03 3.721564658633404188e-02 3.721837376832357047e-02 3.643997062959489913e-02 3.695799699475084410e-02
3.190000000000001279e+00 2.085163876673928884e-03 1.862016014364889028e-03 3.160336777118800001e-03 2.369172222719206043e-03 3.705218305903325987e-02 3.705488888738749098e-02 3.628697852305889926e-02 3.679801682315988337e-02
3.199999999999999289e+00 2.619650263278047644e-03 1.894277329578829272e-03 2.070574950187004104e-03 2.194834181014626573e-03 3.691012590186795034e-02 3.691282164149507078e-02 3.615615819509876427e-02 3.665970191282059282e-02
3.210000000000000853e+00 1.943168008561450485e-03 1.934035351065716392e-03 1.483289684631333444e-03 1.786831014752833513e-03 3.679164810438179806e-02 3.679434508802634229e-02 3.604951710638037987e-02 3.654517009959616647e-02
3.219999999999998863e+00 1.606522905541463197e-03 1.778106469195524014e-03 1.355999725104983528e-03 1.580209699947323580e-03 3.669889213534893724e-02 3.670160174155032151e-02 3.596904421051077411e-02 3.645651269580333503e-02
3.230000000000000426e+00 1.380501004022926213e-03 1.426321529726948213e-03 1.408210059238968782e-03 1.405010864329614547e-03 3.663393905650183524e-02 3.663667266882759260e-02 3.591668292244677707e-02 3.639576488259206599e-02
3.240000000000001990e+00 9.593066139357861542e-04 9.715905954457647840e-04 1.110490832039375984e-03 1.013796013806975496e-03 3.659877880888405544e-02 3.660154776057127080e-02 3.589430471354070062e-02 3.636487709433201820e-02
3.250000000000000000e+00 6.798744570043907271e-04 7.393937283523290514e-04 8.385989805763764682e-04 7.526223886443652710e-04 3.659528189921781166e-02 3.659809740703874603e-02 3.590368350344893406e-02 3.636568760323516392e-02
3.260000000000001563e+00 5.831879289084861400e-04 6.306168255135731569e-04 7.202595192583555010e-04 6.446880912268050049e-04 3.662517266867715976e-02 3.662804575905002913e-02 3.594647096870284136e-02 3.639989646547667906e-02
3.269999999999999574e+00 5.824689917250934794e-04 6.333633468903164532e-04 6.123339214188587001e-04 6.093887533447561386e-04 3.669000428933656688e-02 3.669294571856902831e-02 3.602417285020719645e-02 3.646904095270425694e-02
3.280000000000001137e+00 6.777366021767185006e-04 6.161625335448053017e-04 6.549065286669035696e-04 6.496018881294757545e-04 3.679113560739488697e-02 3.679415577665895443e-02 3.613812632136512853e-02 3.657447256847298073e-02
3.289999999999999147e+00 7.845992939260608727e-04 7.367638978225398176e-04 8.631412374195221882e-04 7.948348097227077346e-04 3.692970994118310174e-02 3.693281880560445041e-02 3.628947847914870684e-02 3.671733574197875299e-02
3.300000000000000711e+00 1.103185985020058808e-03 1.076426336158820950e-03 9.122897252955927292e-04 1.030634015491490793e-03 3.710663594904199669e-02 3.710984291930621848e-02 3.647916604529903573e-02 3.689854830454907669e-02
3.309999999999998721e+00 1.522365783296808191e-03 1.339316378364998738e-03 9.584746202269888663e-04 1.273385593962931932e-03 3.732257070743089794e-02 3.732588454169218084e-02 3.670789641418790300e-02 3.711878388777032495e-02
3.320000000000000284e+00 1.562503458422602205e-03 1.586440847659062892e-03 1.020731029563977117e-03 1.389891778548547549e-03 3.757790517795286250e-02 3.758133386160889683e-02 3.697613025326187963e-02 3.737845643094121761e-02
3.330000000000001847e+00 1.144925914749676593e-03 1.372593074899845517e-03 1.231975513737541177e-03 1.249831501129020951e-03 3.787275228213608791e-02 3.787630289318257709e-02 3.728406594138270608e-02 3.767770703890045703e-02
3.339999999999999858e+00 9.959686113464262438e-04 1.054904846343257367e-03 1.332956834842709444e-03 1.127943430844131163e-03 3.820693782799439858e-02 3.821061638613126865e-02 3.763162620364947364e-02 3.801639347259171825e-02
3.350000000000001421e+00 8.384589895494554395e-04 7.994783329798563123e-04 9.817357850556160739e-04 8.732243691949759419e-04 3.857999452212945712e-02 3.858380582047654661e-02 3.801844734753071636e-02 3.839408256337890901e-02
3.359999999999999432e+00 7.265228102437269915e-04 7.246993812141953916e-04 8.107632939474701409e-04 7.539951618017974718e-04 3.899115923502423364e-02 3.899510665416722893e-02 3.844387150109739720e-02 3.881004579676294863e-02
3.370000000000000995e+00 7.283668675304142987e-04 7.117499389664766387e-04 9.305945746141564695e-04 7.902371270370158384e-04 3.943937354950938917e-02 3.944345885458865053e-02 3.890694217831112967e-02 3.926325819413638979e-02
3.379999999999999005e+00 8.753279026887150803e-04 8.198154138646225825e-04 9.455513147028850492e-04 8.802315437520741651e-04 3.992328740722788510e-02 3.992751052988076366e-02 3.940640333366936948e-02 3.975240042359267506e-02
3.390000000000000568e+00 1.295727376744744115e-03 1.143039904475907790e-03 9.531692705536489504e-04 1.130645517258100285e-03 4.044126538343238708e-02 4.044562419159739713e-02 3.994070181564285393e-02 4.027586379689088170e-02
3.400000000000002132e+00 1.787490629340346632e-03 1.786901451365715448e-03 1.251945008957046877e-03 1.608779029887702841e-03 4.099139479148447562e-02 4.099588485137858895e-02 4.050799279762445915e-02 4.083175748016251022e-02
3.410000000000000142e+00 1.679624662233167396e-03 1.761530784482756400e-03 1.321732302385313996e-03 1.587629249700412380e-03 4.157149448647150941e-02 4.157610882247157746e-02 4.110614738699182313e-02 4.141791689864497000e-02
3.420000000000001705e+00 2.100017209550912676e-03 2.011987458101199572e-03 1.394732994546411895e-03 1.835579220732841237e-03 4.217912295738961842e-02 4.218385181710530840e-02 4.173276123548239763e-02 4.203191200332577482e-02
3.429999999999999716e+00 2.524060755774922091e-03 2.648408396433959543e-03 1.954943299022813673e-03 2.375804150410565103e-03 4.281158413152854475e-02 4.281641476505305272e-02 4.238516265910260289e-02 4.267105385189473576e-02
3.440000000000001279e+00 3.330644048088890734e-03 3.842793552546873870e-03 2.877736555500379299e-03 3.350391385378714490e-03 4.346592932359612943e-02 4.347084578774043639e-02 4.306041859198828092e-02 4.333239790110827300e-02
3.449999999999999289e+00 5.600244437527997221e-03 5.890509063399420632e-03 4.879342086565379918e-03 5.456698529164265635e-03 4.413895399431615185e-02 4.414393699451664432e-02 4.375533671157635224e-02 4.401274256680304947e-02
3.460000000000000853e+00 9.316711695600414164e-03 8.243215230441022084e-03 7.136946302369664812e-03 8.232291076137033398e-03 4.482718846541609847e-02 4.483221524982328871e-02 4.446646233375350227e-02 4.470862201633095390e-02
3.469999999999998863e+00 1.095351400811308586e-02 1.020725521097517498e-02 8.620274761539615041e-03 9.927014660209291380e-03 4.552688246636715091e-02 4.553192678818284572e-02 4.519006921296697676e-02 4.541629282250565780e-02
3.480000000000000426e+00 9.532261153948836524e-03 1.040922231061124428e-02 1.036597540375283795e-02 1.010248628943763959e-02 4.623398432392987478e-02 4.623901648909606310e-02 4.592214418639779805e-02 4.613171499980791429e-02
3.490000000000001990e+00 6.191392201775695533e-03 6.781345287285016343e-03 9.893893749859595382e-03 7.622210412973435753e-03 4.694411667404160826e-02 4.694910369156416602e-02 4.665836662690541620e-02 4.685052899750372785e-02
3.500000000000000000e+00 5.294807481587443868e-03 5.077709321059698487e-03 7.589631569491740552e-03 5.987382790712961547e-03 4.765255167172702255e-02 4.765745752289106407e-02 4.739408483120526733e-02 4.756803134194111798e-02
3.510000000000001563e+00 4.018394497774037052e-03 3.851198737901988332e-03 5.209298531021044204e-03 4.359630588899023919e-03 4.835418967260876610e-02 4.835897571276835671e-02 4.812429264842790072e-02 4.827915267793501247e-02
3.519999999999999574e+00 3.297494654113395166e-03 3.491794601594802507e-03 4.218496443330036275e-03 3.669261899679410882e-03 4.904354612615343528e-02 4.904817162843828210e-02 4.884361070804527083e-02 4.897844282087900070e-02
3.530000000000001137e+00 3.396788371042468863e-03 3.525399792677759176e-03 4.738448570228163438e-03 3.886878911316130492e-03 4.971475183150632360e-02 4.971917467562500526e-02 4.954627738614302696e-02 4.966006796442477833e-02
3.539999999999999147e+00 4.373256871827452090e-03 4.097450742087703664e-03 4.597291014731983740e-03 4.355999542882379831e-03 5.036157166124076434e-02 5.036574916272323205e-02 5.022615501665836368e-02 5.031782528020744411e-02
3.550000000000000711e+00 5.237863234693808379e-03 4.670614654985308194e-03 3.961368193724865844e-03 4.623282027801326605e-03 5.097744629459689120e-02 5.098133616071151564e-02 5.087675670014767809e-02 5.094517971848536164e-02
3.559999999999998721e+00 6.688434806615578196e-03 6.156320239037538743e-03 4.063573799992741334e-03 5.636109615215286958e-03 5.155556040579289956e-02 5.155912179460871159e-02 5.149129832271487350e-02 5.153532684103882128e-02
3.570000000000000284e+00 7.496964854292065966e-03 8.548963294436698682e-03 4.296148585874728573e-03 6.780692244867831363e-03 5.208893916450838685e-02 5.209213381390439407e-02 5.206277906488929186e-02 5.208128401443402195e-02
3.580000000000001847e+00 7.565501827139139816e-03 8.363469042143011414e-03 6.153242715810710792e-03 7.360737861697621252e-03 5.257057291817833489e-02 5.257336630287882950e-02 5.258409181130247606e-02 5.257601034411987784e-02
3.589999999999999858e+00 8.798111865560259703e-03 8.624165131805616377e-03 1.114275680349036644e-02 9.521677933618747508e-03 5.299356768118669569e-02 5.299593014898512644e-02 5.304816258690935732e-02 5.301255347236038390e-02
3.600000000000001421e+00 1.378662645149818233e-02 1.403635841354080628e-02 1.283894190401419638e-02 1.355397558968439616e-02 5.335131673427781496e-02 5.335322456829137694e-02 5.344811562034666036e-02 5.338421897430527946e-02
3.609999999999999432e+00 1.306054307758337460e-02 1.271732636141397442e-02 1.585481348780652666e-02 1.387756097560129132e-02 5.363768644203791708e-02 5.363912279477158623e-02 5.377745808875061817e-02 5.368475577518670716e-02
3.620000000000000995e+00 1.740612845307183687e-02 1.476830583492250680e-02 1.303917997833902234e-02 1.507120475544445476e-02 5.384720753588633640e-02 5.384816318351557524e-02 5.403027627325657223e-02 5.390854899755283258e-02
3.629999999999999005e+00 2.132352718109650075e-02 2.242958925675494694e-02 1.319302511498425708e-02 1.898204718427856652e-02 5.397526177919512169e-02 5.397573565094157533e-02 5.420143299326825315e-02 5.405081014113497645e-02
3.640000000000000568e+00 1.923629250092800946e-02 2.058410711341029584e-02 1.891841751636373289e-02 1.957960571023401042e-02 5.401825328972742479e-02 5.401825273727753340e-02 5.428675500806291049e-02 5.410775367835595623e-02
3.650000000000002132e+00 1.931477358536444824e-02 2.063083954990778054e-02 2.227497407448808531e-02 2.074019573658677368e-02 5.397375394914715602e-02 5.397329473414667206e-02 5.428319874353913083e-02 5.407674914227765528e-02
3.660000000000000142e+00 2.311244307231491088e-02 2.216460593397842280e-02 2.805360548762080020e-02 2.444355149797137680e-02 5.384061331858423782e-02 5.383971931134578365e-02 5.418898331417041497e-02 5.395643864803347650e-02
3.670000000000001705e+00 3.393245857267606497e-02 3.339242257706632327e-02 3.069179698307580861e-02 3.267222604427272997e-02 5.361902526487496295e-02 5.361772786333370705e-02 5.400368137039743277e-02 5.374681149953536297e-02
3.679999999999999716e+00 3.390379036048642158e-02 3.399536082754493760e-02 4.023062005020782567e-02 3.604325707941306162e-02 5.331054596787457994e-02 5.330888326115988674e-02 5.372826071788179558e-02 5.344922998230541844e-02
3.690000000000001279e+00 2.386419146783187728e-02 2.217969913207765500e-02 2.780072698823133834e-02 2.461487252938029252e-02 5.291806093810864919e-02 5.291607665257340443e-02 5.336507274264442463e-02 5.306640344444216173e-02
3.699999999999999289e+00 1.679423875464930438e-02 1.705505970288499415e-02 1.852473109080900876e-02 1.745800984944776910e-02 5.244570188450049797e-02 5.244344416060031655e-02 5.291778717306491742e-02 5.260231107272191065e-02
3.710000000000000853e+00 1.144383565071522245e-02 1.266891390596203149e-02 1.294145294524989484e-02 1.235140083397571510e-02 5.189871746170821032e-02 5.189623751704986604e-02 5.239127630355307902e-02 5.206207709410371615e-02
3.719999999999998863e+00 8.004110619775869559e-03 8.780081071945415247e-03 7.216783735869287432e-03 8.000325142530189879e-03 5.128330482100917215e-02 5.128065555791880975e-02 5.179145516717460762e-02 5.145180518203418957e-02
3.730000000000000426e+00 5.670245054234374776e-03 5.759634928363374477e-03 5.700574417297958260e-03 5.710151466631901637e-03 5.060641124097462612e-02 5.060364585618473687e-02 5.112508696926813812e-02 5.077838135547582676e-02
3.740000000000001990e+00 4.376807490012738638e-03 3.857111285200009749e-03 4.733803476741495209e-03 4.322574083984748010e-03 4.987551673251078982e-02 4.987268738251552508e-02 5.039956513213794675e-02 5.004925641572142286e-02
3.750000000000000000e+00 4.250836966492722684e-03 3.349143301952482287e-03 3.306056583831352112e-03 3.635345617425519461e-03 4.909840928041067643e-02 4.909556584937273954e-02 4.962268438914314850e-02 4.927221983964217428e-02
3.760000000000001563e+00 4.011814729561637496e-03 3.505962124065998414e-03 2.738441912708263013e-03 3.418739588778632685e-03 4.828296426966292160e-02 4.828015327828820424e-02 4.880241344345330468e-02 4.845517699713481480e-02
3.769999999999999574e+00 2.699124378591022475e-03 3.436684104190845367e-03 2.909215389887952370e-03 3.015007957556606593e-03 4.743693870378024730e-02 4.743420238811148215e-02 4.794668081568540657e-02 4.760594063585904534e-02
3.780000000000001137e+00 2.085091202906086318e-03 2.415782856681696934e-03 2.651561493287984007e-03 2.384145184291922709e-03 4.656778918297806158e-02 4.656516476233189816e-02 4.706318378301463379e-02 4.673204590944153580e-02
3.789999999999999147e+00 1.852116818937667468e-03 1.838722811788807499e-03 2.408472615164192632e-03 2.033104081963555722e-03 4.568252045595100341e-02 4.568003959984798246e-02 4.615922797009078954e-02 4.584059600862992745e-02
3.800000000000000711e+00 2.198569258957984874e-03 2.067537176560674001e-03 2.511623233676846690e-03 2.259243223065168088e-03 4.478756890534549978e-02 4.478525740070844058e-02 4.524160244312965679e-02 4.493814291639453007e-02
3.809999999999998721e+00 2.141550869372117142e-03 2.531999962856980400e-03 2.151713040254433010e-03 2.275087957494510184e-03 4.388872279554240780e-02 4.388660040796860812e-02 4.431649234959161160e-02 4.403060518436753557e-02
3.820000000000000284e+00 2.637621502139420905e-03 2.552832362513163689e-03 2.518716049058464593e-03 2.569723304570349729e-03 4.299107870805368020e-02 4.298915922473321022e-02 4.338942848695305499e-02 4.312322213991331282e-02
3.830000000000001847e+00 2.739856638852777252e-03 2.620813106879233811e-03 4.357515536167760536e-03 3.239395093966590099e-03 4.209903148732808964e-02 4.209732292418098126e-02 4.246527088425806201e-02 4.222054176525570635e-02
3.839999999999999858e+00 2.825711470460272583e-03 2.567902703642372178e-03 5.073016348235826964e-03 3.488876840779490431e-03 4.121629334555508561e-02 4.121479829732038747e-02 4.154822169064811138e-02 4.132643777784119482e-02
3.850000000000001421e+00 4.444624221372868271e-03 3.615948002329647665e-03 5.780867571926195068e-03 4.613813265209570046e-03 4.034593660560912426e-02 4.034465271483664295e-02 4.064186147120985027e-02 4.044415026388519657e-02
3.859999999999999432e+00 6.325982335622227885e-03 6.737239414226874924e-03 6.344914605602109368e-03 6.469378785150403481e-03 3.949045392231533697e-02 3.948937444139780789e-02 3.974920243153207133e-02 3.957634359841507438e-02
3.870000000000000995e+00 5.124127661000709918e-03 5.811440903069802280e-03 4.667872261792624031e-03 5.201146941954379321e-03 3.865182969296157567e-02 3.865094411246208783e-02 3.887275208898966633e-02 3.872517529813777198e-02
3.879999999999999005e+00 4.666883460405277413e-03 5.224319751825204361e-03 4.652422317677074558e-03 4.847875176635851532e-03 3.783161668952036288e-02 3.783091140612945824e-02 3.801458139504754891e-02 3.789236983023245436e-02
3.890000000000000568e+00 4.195307319112186878e-03 4.298327798521841756e-03 4.005990419032099889e-03 4.166541845555375885e-03 3.703101263060221138e-02 3.703047162914978319e-02 3.717639217215131658e-02 3.707929214396777501e-02
3.900000000000002132e+00 3.870183066055695766e-03 3.186531219331862393e-03 3.308682742050168130e-03 3.455132342479242096e-03 3.625093235689686583e-02 3.625053788290230616e-02 3.635957982922562171e-02 3.628701668967492661e-02
3.910000000000000142e+00 4.761362853627533129e-03 3.688032414913545737e-03 3.252854155893285595e-03 3.900749808144787431e-03 3.549207237036750007e-02 3.549180557256796653e-02 3.556528852950810449e-02 3.551638882414785703e-02
3.920000000000001705e+00 3.636483362680676540e-03 4.252618442535172245e-03 2.663108391333106513e-03 3.517403398849652200e-03 3.475496563880080270e-02 3.475480716471549686e-02 3.479445718401884963e-02 3.476807666251171408e-02
3.929999999999999716e+00 2.678046997803513324e-03 2.890480766217269713e-03 1.793859062387818948e-03 2.454128942136200517e-03 3.404002565938330643e-02 3.403995619098773573e-02 3.404785573495483497e-02 3.404261252844194979e-02
3.940000000000001279e+00 1.966457678121113096e-03 2.194102145922096746e-03 1.416515573009017974e-03 1.859025132350742822e-03 3.334757974140957482e-02 3.334758046204885223e-02 3.332611210400700935e-02 3.334042410248848343e-02
3.949999999999999289e+00 1.259628192648576828e-03 1.373660400426308936e-03 1.598649546794094108e-03 1.410646046622993218e-03 3.267789225385811513e-02 3.267794524134037815e-02 3.262973086785892624e-02 3.266185612101914215e-02
3.960000000000000853e+00 1.213083740483495701e-03 1.220447331815240153e-03 1.427867395362623915e-03 1.287132822553786445e-03 3.203117915630145085e-02 3.203126770052356492e-02 3.195910517118465827e-02 3.200718400933655339e-02
3.969999999999998863e+00 1.460809050505315621e-03 1.407431022787030946e-03 9.040347881118412617e-04 1.257424953801395979e-03 3.140761548168156253e-02 3.140772432798344393e-02 3.131452360470658725e-02 3.137662113812385994e-02
3.980000000000000426e+00 1.579899600722455564e-03 1.355003857684798857e-03 8.284301362186024869e-04 1.254444531541952339e-03 3.080733757749211377e-02 3.080745309922003003e-02 3.069617378937633187e-02 3.077032148869615277e-02
3.990000000000001990e+00 1.509431777418317319e-03 1.403678364182520079e-03 1.090347826457964539e-03 1.334485989352934051e-03 3.023044186502705025e-02 3.023055217052279461e-02 3.010414425739452518e-02 3.018837943098146015e-02
4.000000000000000000e+00 1.318362437878749108e-03 1.309239252412697533e-03 1.148921047183538774e-03 1.258840912491661877e-03 2.967698168352074159e-02 2.967707666392211882e-02 2.953842595319174438e-02 2.963082810021153146e-02
4.010000000000001563e+00 1.008274740690514757e-03 1.010357954063536429e-03 1.131548433000195610e-03 1.050060375918082265e-03 2.914696349265808242e-02 2.914703481754583533e-02 2.899891434030437212e-02 2.909763755016942302e-02
4.019999999999999574e+00 1.072531533793370665e-03 1.090950072794403137e-03 1.189581899991579627e-03 1.117687835526451215e-03 2.864034336056753977e-02 2.864038442861779193e-02 2.848541273762388720e-02 2.858871350893640514e-02
4.030000000000001137e+00 1.216563812308675985e-03 1.453713499885179831e-03 9.283315446348682507e-04 1.199536285609574581e-03 2.815702430900370035e-02 2.815703016048569027e-02 2.799763715891396415e-02 2.810389720946778261e-02
4.039999999999999147e+00 1.058431594507219364e-03 1.298856147704357785e-03 8.073318992373946157e-04 1.054873213816324030e-03 2.769685476061067159e-02 2.769682195802040253e-02 2.753522262239429738e-02 2.764296644700846295e-02
4.050000000000000711e+00 1.362199535763086158e-03 1.272723349663078133e-03 8.515716216989319956e-04 1.162164835708365393e-03 2.725962806390274176e-02 2.725955454632364092e-02 2.709773065379303750e-02 2.720563775467313775e-02
4.060000000000002274e+00 1.684118735096854337e-03 1.349940969177669103e-03 1.052950885653345780e-03 1.362336863309289740e-03 2.684508287765833764e-02 2.684496779387233675e-02 2.668465753842575935e-02 2.679156940331881009e-02
4.070000000000000284e+00 1.694556557238692095e-03 1.564893107151613030e-03 1.341989022975477019e-03 1.533812895788594192e-03 2.645290408579745872e-02 2.645274761080595310e-02 2.629544278984038974e-02 2.640036482881459937e-02
4.080000000000001847e+00 1.368119199746510670e-03 1.396491676934546317e-03 1.386566218152296241e-03 1.383725698277784482e-03 2.608272388441029016e-02 2.608252702388715386e-02 2.592947729087056313e-02 2.603157606638933572e-02
4.089999999999999858e+00 1.009873183688811448e-03 1.152701159478358803e-03 1.460889714715310310e-03 1.207821352627493593e-03 2.573412272407277213e-02 2.573388711129938333e-02 2.558611061817772994e-02 2.568470681784996296e-02
4.100000000000001421e+00 8.474852513321012165e-04 8.927163457986662812e-04 1.566559538555476177e-03 1.102253711895414667e-03 2.540662988659149121e-02 2.540635757651681093e-02 2.526465717039364650e-02 2.535921487783398404e-02
4.109999999999999432e+00 8.911067845623202918e-04 9.151412114504585546e-04 1.012844640444224504e-03 9.396975454856677833e-04 2.509972360663346308e-02 2.509941687174108149e-02 2.496440086632020425e-02 2.505451378156491743e-02
4.120000000000000995e+00 8.725988311206644065e-04 9.902608397061468150e-04 1.012842335752510339e-03 9.585673355264406285e-04 2.481283079488497481e-02 2.481249192751833893e-02 2.468459834657009064e-02 2.476997368965779683e-02
4.129999999999999005e+00 9.543109793720285601e-04 9.299594041103731532e-04 1.127411422731360805e-03 1.003893935404587398e-03 2.454532656200085483e-02 2.454495768766721750e-02 2.442448078325657260e-02 2.450492167764154600e-02
4.140000000000000568e+00 1.012264136721374589e-03 9.298841217354256302e-04 8.359534984039571678e-04 9.260339189535857956e-04 2.429653386553211336e-02 2.429613677152213727e-02 2.418325456283997726e-02 2.425864173329807597e-02
4.150000000000002132e+00 9.610263318381823908e-04 8.464969438072648391e-04 9.002916268632952168e-04 9.026049675029141489e-04 2.406572369288318552e-02 2.406529967632267675e-02 2.396010124408967309e-02 2.403037487109851295e-02
4.160000000000000142e+00 8.326511917561550159e-04 7.302461030235949052e-04 9.865389905243857321e-04 8.498120951013785149e-04 2.385211624271353636e-02 2.385166598186960404e-02 2.375417729477074386e-02 2.381931983978462578e-02
4.170000000000001705e+00 5.844190648306300979e-04 6.773543905832718004e-04 7.285127469180331270e-04 6.634287341106449723e-04 2.365488356922796839e-02 2.365440702147655894e-02 2.356461416799287764e-02 2.362463491956580050e-02
4.179999999999999716e+00 5.141227891014982232e-04 5.522430865258186328e-04 6.244698328177755720e-04 5.636119028150307370e-04 2.347315410503157673e-02 2.347265043429075035e-02 2.339051928502376351e-02 2.344544127478203135e-02
4.190000000000001279e+00 5.196397398657334743e-04 5.281050751419577192e-04 5.663211312406858005e-04 5.380219820827923313e-04 2.330601937904977841e-02 2.330548691465073735e-02 2.323097844223986214e-02 2.328082824531345699e-02
4.199999999999999289e+00 5.751053497407837686e-04 6.746567615950353411e-04 6.707916922853251031e-04 6.401846012070480348e-04 2.315254310080734970e-02 2.315197932876353684e-02 2.308506005604825037e-02 2.312986082853971115e-02
4.210000000000000853e+00 8.437054429526723038e-04 9.687271426223832606e-04 1.007886780030924339e-03 9.401064552019933011e-04 2.301177259966435268e-02 2.301117418618369229e-02 2.295182150662699802e-02 2.299158943082501433e-02
4.219999999999998863e+00 1.473184586526795009e-03 1.508829898312976031e-03 1.303641776733022216e-03 1.428552087190931158e-03 2.288275240165301566e-02 2.288211524767807745e-02 2.283031765035850244e-02 2.286506176656320083e-02
4.230000000000000426e+00 1.708477667643597221e-03 1.436571304220684003e-03 1.301697148778238741e-03 1.482248706880839916e-03 2.276453951425150279e-02 2.276385883896390322e-02 2.271961135728639211e-02 2.274933657016726604e-02
4.240000000000001990e+00 1.700135316795546364e-03 1.405350101442582288e-03 1.270707668822537110e-03 1.458731029020221993e-03 2.265621979107087722e-02 2.265549024164821568e-02 2.261878571239656424e-02 2.264349858170521326e-02
4.250000000000000000e+00 1.661465109797723638e-03 1.831002474440743179e-03 1.301943801444214880e-03 1.598137128560893610e-03 2.255692458327557964e-02 2.255614036779133441e-02 2.252695731803761037e-02 2.254667408970150930e-02
4.260000000000001563e+00 1.605940894904799932e-03 1.738906094461465041e-03 1.458620011260564195e-03 1.601155666875609578e-03 2.246584677022939527e-02 2.246500181033422860e-02 2.244328996871819762e-02 2.245804618309394166e-02
4.269999999999999574e+00 1.815984824642427132e-03 1.981608088292675842e-03 2.160493852369525097e-03 1.986028921768209429e-03 2.238225521141229413e-02 2.238134331118045786e-02 2.236700785497093905e-02 2.237686879252123381e-02
4.280000000000001137e+00 1.898349225975169696e-03 2.029117129918964028e-03 2.800100165903447909e-03 2.242522173932527067e-03 2.230550668295826211e-02 2.230452171001436751e-02 2.229740740269661389e-02 2.230247859855641335e-02
4.289999999999999147e+00 3.185294157059596204e-03 3.085658649284061215e-03 2.853234466141394646e-03 3.041395757495016922e-03 2.223505445697212743e-02 2.223399053175053805e-02 2.223386687561331593e-02 2.223430395477865584e-02
4.300000000000000711e+00 4.288265945044796197e-03 3.987817443666891691e-03 2.244652633485688144e-03 3.506912007399125633e-03 2.217045284567883967e-02 2.216930453446562185e-02 2.217585296234421410e-02 2.217187011416289072e-02
4.310000000000002274e+00 2.718909688420517896e-03 2.790983046082072972e-03 1.906197296429390032e-03 2.472030010310660372e-03 2.211135725458751589e-02 2.211011976192638756e-02 2.212292373164960468e-02 2.211480024938783373e-02
4.320000000000000284e+00 2.180191735871578676e-03 2.142134830132537762e-03 3.131823954335887384e-03 2.484716840113334897e-03 2.205751955288165478e-02 2.205618890901420853e-02 2.207472755781628507e-02 2.206281200657071728e-02
4.330000000000001847e+00 1.583292778072128894e-03 1.570084526542798965e-03 3.224330379493160498e-03 2.125902561369362714e-03 2.200877885413464463e-02 2.200735209326315847e-02 2.203099787635455845e-02 2.201570960791745385e-02
4.339999999999999858e+00 1.202583742317941615e-03 1.359401931274393854e-03 1.756985299265446379e-03 1.439656990952593949e-03 2.196504808277438200e-02 2.196352340799744354e-02 2.199154390642229714e-02 2.197337179906470525e-02
4.350000000000001421e+00 1.092892953235689206e-03 1.161127125048323772e-03 1.509805036170874587e-03 1.254608371484962522e-03 2.192629695817144633e-02 2.192467388883906701e-02 2.195623774691913069e-02 2.193573619797654917e-02
4.359999999999999432e+00 1.509622269052688509e-03 1.547173383602468578e-03 1.496375977446934031e-03 1.517723876700696967e-03 2.189253223894025227e-02 2.189081173591789220e-02 2.192499849433698564e-02 2.190278082306504684e-02
4.370000000000000995e+00 1.513799459468825100e-03 1.442050949370689110e-03 1.204762524418251293e-03 1.386870977752588429e-03 2.186377622019122779e-02 2.186196078423639777e-02 2.189777422169126783e-02 2.187450374203963460e-02
4.379999999999999005e+00 1.160062813349486402e-03 1.125970344589829987e-03 1.016028052858488837e-03 1.100687070265935147e-03 2.184004455871223563e-02 2.183813829701076320e-02 2.187452278414467668e-02 2.185090187995588837e-02
4.390000000000000568e+00 1.237129792135334763e-03 1.031108448521878907e-03 1.178632892162293465e-03 1.148957044273169045e-03 2.182132451446529633e-02 2.181933317049171081e-02 2.185519247072240448e-02 2.183195005189313836e-02
4.400000000000002132e+00 1.009021448142748524e-03 1.038024397809150226e-03 1.337835221381296650e-03 1.128293689111064917e-03 2.180755464637623361e-02 2.180548558869023837e-02 2.183970350320449741e-02 2.181758124609032429e-02
4.410000000000000142e+00 9.615411771734625346e-04 1.092059047392557802e-03 1.068967214089211948e-03 1.040855812885077428e-03 2.179860689560714562e-02 2.179646906198731693e-02 2.182793130138142509e-02 2.180766908632529588e-02
4.420000000000001705e+00 9.077449872036191325e-04 9.889059469042110664e-04 8.322311047071208031e-04 9.096273462716503340e-04 2.179427184248878754e-02 2.179207563686253596e-02 2.181969230263301057e-02 2.180201326066144585e-02
4.429999999999999716e+00 1.062729933196042463e-03 1.001534517814874634e-03 1.020522657574109799e-03 1.028262369528342227e-03 2.179424774796913725e-02 2.179200488887076542e-02 2.181473296077966056e-02 2.180032853253985325e-02
4.440000000000001279e+00 1.533221400459107257e-03 1.582481361967921730e-03 1.846358597342502702e-03 1.654020453256510419e-03 2.179813380102280096e-02 2.179585712182882662e-02 2.181272237246529092e-02 2.180223776510563719e-02
4.449999999999999289e+00 1.691288858956025657e-03 1.878335561718857266e-03 3.107192093104998911e-03 2.225605504593294089e-03 2.180542780348077025e-02 2.180313100645454860e-02 2.181324880403728503e-02 2.180726920465753116e-02
4.460000000000000853e+00 2.161243966206764528e-03 1.922944161486066922e-03 2.067805521187673998e-03 2.050664549626835149e-03 2.181552834439466279e-02 2.181322571258155832e-02 2.181582022777650912e-02 2.181485809491757674e-02
4.469999999999998863e+00 2.578490419387616771e-03 2.155593077397143734e-03 1.349199960139014446e-03 2.027761152307925273e-03 2.182774135460153336e-02 2.182544742782598426e-02 2.181986882790874771e-02 2.182435253677875511e-02
4.480000000000000426e+00 1.559240470828494179e-03 1.842530491742207710e-03 1.164075218308063559e-03 1.521948726959588627e-03 2.184129079096657627e-02 2.183902001438005683e-02 2.182475930262282524e-02 2.183502336932315047e-02
4.490000000000001990e+00 1.045871721138034354e-03 1.322158455079024738e-03 1.376290661502902217e-03 1.248106945906653697e-03 2.185533307657553867e-02 2.185309943218412612e-02 2.182980066395738203e-02 2.184607772423901445e-02
4.500000000000000000e+00 1.162138606121714294e-03 1.081591302247859789e-03 2.074770628789418623e-03 1.439500179052997713e-03 2.186897481255874187e-02 2.186679144561674143e-02 2.183426111746381015e-02 2.185667579187976564e-02
4.510000000000001563e+00 1.509795703435746475e-03 1.454812964464228305e-03 2.975721600093213584e-03 1.980110089331062716e-03 2.188129317342587393e-02 2.187917202645330711e-02 2.183738548414989461e-02 2.186595022800969651e-02
4.519999999999999574e+00 1.859875322993568723e-03 2.001127307534320606e-03 2.581405715111425095e-03 2.147469448546438214e-03 2.189135829799414984e-02 2.188930976526055547e-02 2.183841450860492250e-02 2.187302752395320349e-02
4.530000000000001137e+00 2.811128926196556493e-03 2.563185810144609760e-03 1.656070117747217513e-03 2.343461618029460750e-03 2.189825689334845213e-02 2.189628950806412830e-02 2.183660528505031520e-02 2.187705056215429739e-02
4.539999999999999147e+00 4.295080323275808631e-03 3.996988343849310933e-03 1.345581999368366697e-03 3.212550222164495348e-03 2.190111618785538922e-02 2.189923635323930834e-02 2.183125193645637369e-02 2.187720149251702606e-02
4.550000000000000711e+00 3.730255240872977843e-03 4.048744159853103798e-03 1.735194806339536823e-03 3.171398069021872605e-03 2.189912731059480075e-02 2.189733908427196965e-02 2.182170561506322631e-02 2.187272400330999775e-02
4.560000000000002274e+00 2.139196791406980207e-03 2.380864763773309686e-03 2.847137746116503668e-03 2.455733100432264809e-03 2.189156715210970397e-02 2.188987209144585555e-02 2.180739287125278009e-02 2.186294403826944538e-02
4.570000000000000284e+00 1.993825689616031231e-03 1.972452662468909129e-03 3.377617894711850907e-03 2.447965415598930567e-03 2.187781778584028947e-02 2.187621485960111745e-02 2.178783147356404964e-02 2.184728803966848321e-02
4.580000000000001847e+00 3.287587417591456441e-03 3.049448080197139470e-03 5.469692174217167559e-03 3.935575890668588546e-03 2.185738260739307146e-02 2.185586817687322839e-02 2.176264286578472387e-02 2.182529788335033777e-02
4.589999999999999858e+00 5.118785892133030473e-03 5.261419298756711896e-03 6.348311797167568646e-03 5.576172329352436716e-03 2.182989848107649844e-02 2.182846635133917079e-02 2.173156061790469662e-02 2.179664181677345297e-02
4.600000000000001421e+00 4.765110307680973933e-03 4.707048804494782558e-03 3.502181631876940572e-03 4.324780248017565977e-03 2.179514336503810684e-02 2.179378490456388220e-02 2.169443445826452557e-02 2.176112090928884052e-02
4.609999999999999432e+00 4.868328711988935582e-03 4.492393857783689472e-03 2.931142176203527759e-03 4.097288248658717894e-03 2.175303910835785226e-02 2.175174343309871708e-02 2.165122974767369826e-02 2.171867076304342253e-02
4.620000000000000995e+00 3.147723971819038711e-03 3.406949414905210277e-03 3.174269436308558689e-03 3.242980941010935748e-03 2.170364935997676908e-02 2.170240357576136078e-02 2.160202254859983767e-02 2.166935849477932136e-02
4.629999999999999005e+00 1.699255823643783161e-03 1.986107302391724484e-03 1.935651459146107891e-03 1.873671528393872207e-03 2.164717278298189038e-02 2.164596227849199112e-02 2.154699072571398047e-02 2.161337526239594936e-02
4.640000000000000568e+00 1.259483554248804231e-03 1.316166864453093433e-03 1.568995800307561653e-03 1.381548739669819772e-03 2.158393200922745572e-02 2.158274079044140634e-02 2.148640176076654223e-02 2.155102485347846694e-02
4.650000000000002132e+00 1.421373977110654838e-03 1.337392214046533934e-03 1.793941119543354451e-03 1.517569103566847669e-03 2.151435898060194765e-02 2.151317003665533314e-02 2.142059815207124004e-02 2.148270905644284259e-02
4.660000000000000142e+00 2.444266402281956071e-03 2.141393935062154991e-03 1.310994807004934237e-03 1.965551714783015172e-03 2.143897748876252840e-02 2.143777317863857293e-02 2.134998138071726378e-02 2.140891068270612055e-02
4.670000000000001705e+00 3.963530817656893412e-03 4.033106813909656529e-03 1.019673859876825362e-03 3.005437163814458218e-03 2.135838383587955469e-02 2.135714628508712451e-02 2.127499545540932277e-02 2.133017519212533283e-02
4.679999999999999716e+00 3.548917259486022470e-03 3.481324539095248961e-03 1.242625443495926204e-03 2.757622414025732473e-03 2.127322659019130480e-02 2.127193808660636162e-02 2.119611099957135342e-02 2.124709189212300661e-02
4.690000000000001279e+00 2.397203749049153527e-03 2.434649126369192555e-03 2.309155091529499493e-03 2.380335988982615336e-03 2.118418640545618667e-02 2.118282978377166934e-02 2.111381072923614044e-02 2.116027563948799650e-02
4.699999999999999289e+00 1.592336426347760884e-03 1.815317477096635088e-03 3.910263199867485169e-03 2.439305701103960597e-03 2.109195681972856479e-02 2.109051582449534765e-02 2.102857700654481646e-02 2.107034988358957514e-02
4.710000000000000853e+00 1.037610895593584761e-03 1.141529103078454043e-03 2.969161333118393222e-03 1.716100443930143864e-03 2.099722685565668170e-02 2.099568647370432181e-02 2.094088196325845364e-02 2.097793176420648803e-02
4.719999999999998863e+00 8.462322714912381668e-04 8.193855002179502344e-04 1.872180958475147105e-03 1.179266243394778502e-03 2.090066612114975172e-02 2.089901287536376565e-02 2.085118049277400257e-02 2.088361982976250780e-02
4.730000000000000426e+00 1.027979854846243317e-03 8.352792621093053666e-04 1.328324949012403035e-03 1.063861355322650573e-03 2.080291296370389426e-02 2.080113516154803374e-02 2.075990622594886884e-02 2.078798478373359779e-02
4.740000000000001990e+00 1.364156738217166915e-03 1.238002130612270548e-03 1.722697729487990877e-03 1.441618866105809664e-03 2.070456606904114844e-02 2.070265400081516133e-02 2.066747044752868800e-02 2.069156350579499579e-02
4.750000000000000000e+00 1.888399656571910362e-03 1.951969714859664966e-03 2.032815539626204281e-03 1.957728303685926825e-03 2.060617972023773281e-02 2.060412580374901270e-02 2.057426378169928405e-02 2.059485643522868462e-02
4.760000000000001563e+00 2.132119513699720376e-03 2.118519249305588024e-03 1.792299799148662411e-03 2.014312854051323459e-03 2.050826275128610904e-02 2.050606162114403108e-02 2.048066037399343120e-02 2.049832824880785595e-02
4.769999999999999574e+00 2.445166156459776044e-03 2.475158388712894210e-03 2.212321569689542668e-03 2.377548704954070974e-03 2.041128104449751318e-02 2.040892958563775283e-02 2.038702421571544215e-02 2.040241161528357286e-02
4.780000000000001137e+00 2.136304757873715068e-03 2.323221030281297315e-03 1.961560372849444241e-03 2.140362053668152208e-03 2.031566324096910348e-02 2.031316056728826522e-02 2.029371718779143796e-02 2.030751366534960453e-02
4.789999999999999147e+00 1.435202507289615485e-03 1.473281054337114565e-03 1.540091990374291200e-03 1.482858517333673605e-03 2.022180916557624053e-02 2.021915654573151755e-02 2.020110833681284385e-02 2.021402468270687078e-02
4.800000000000000711e+00 1.424793924341007751e-03 1.326236303151769698e-03 1.518518682984583337e-03 1.423182970159120190e-03 2.013010032208969319e-02 2.012730105563648175e-02 2.010958383681401423e-02 2.012232840484673088e-02
4.810000000000002274e+00 1.602444335669664767e-03 1.448958085111624969e-03 1.376709228974981819e-03 1.476037216585423997e-03 2.004091170073883654e-02 2.003797094894205905e-02 2.001955704092440308e-02 2.003281323020176738e-02
4.820000000000000284e+00 1.761844285871582740e-03 1.844589695799350205e-03 1.829738756256069293e-03 1.812057579309000674e-03 1.995462406959173235e-02 1.995154864631548328e-02 1.993147799673975623e-02 1.994588357088232164e-02
4.830000000000001847e+00 1.723906211050373668e-03 1.724827581210370154e-03 1.983985124532965279e-03 1.810906305597903033e-03 1.987163590168491978e-02 1.986843403074116041e-02 1.984584179818675923e-02 1.986197057687094994e-02
4.839999999999999858e+00 1.879825177680938871e-03 1.747925657442370075e-03 2.229423673848726726e-03 1.952391502990678557e-03 1.979237412555077957e-02 1.978905517171993325e-02 1.976319518064646036e-02 1.978154149263905426e-02
4.850000000000001421e+00 1.881604133758272950e-03 1.916456403658253066e-03 1.688422734209832875e-03 1.828827757208786224e-03 1.971730297483339361e-02 1.971387715641766125e-02 1.968414083646589582e-02 1.970510698923898241e-02
4.859999999999999432e+00 2.043801181923232159e-03 2.054673805684278758e-03 2.022790814479410570e-03 2.040421934028973684e-03 1.964693034322068793e-02 1.964340843445452206e-02 1.960933903013846458e-02 1.963322593593788690e-02
4.870000000000000995e+00 1.473381207121548814e-03 1.746121881608114854e-03 3.252804858284257666e-03 2.157435982337974067e-03 1.958181120848022719e-02 1.957820424036578813e-02 1.953950621897138432e-02 1.956650722260580219e-02
4.879999999999999005e+00 1.831057027253404695e-03 1.867175940523696032e-03 2.926208451737519374e-03 2.208147139838206700e-03 1.952254785753960997e-02 1.951886682565027661e-02 1.947541052853660540e-02 1.950560840390883066e-02
4.890000000000000568e+00 2.198407993853703207e-03 2.126462647887411659e-03 1.493515500461755100e-03 1.939462047400956728e-03 1.946978680954391389e-02 1.946604239699080766e-02 1.941786408698174815e-02 1.945123109783882323e-02
4.900000000000002132e+00 2.580525854728565015e-03 2.183936011476558456e-03 1.004221889658669020e-03 1.922894585287930613e-03 1.942421248807438966e-02 1.942041481113332760e-02 1.936771238365014164e-02 1.940411322761928861e-02
4.910000000000000142e+00 2.037265367474235846e-03 1.934545840280394065e-03 9.119579889833135614e-04 1.627923065579314635e-03 1.938653783467622627e-02 1.938269621754656891e-02 1.932582097925816117e-02 1.936501834382698892e-02
4.920000000000001705e+00 1.008256999629572603e-03 1.214735685253727233e-03 7.116610943672113535e-04 9.782179264168370993e-04 1.935749218317472584e-02 1.935361496707449502e-02 1.929306004660094609e-02 1.933472239895005912e-02
4.929999999999999716e+00 5.889412878573965001e-04 8.295406050674285908e-04 5.581458072262019147e-04 6.588759000503423714e-04 1.933780682590385477e-02 1.933390121628370678e-02 1.927028734721710282e-02 1.931399846313489044e-02
4.940000000000001279e+00 4.411612387101166962e-04 4.998997260926196697e-04 4.565853753437254677e-04 4.658821133821539626e-04 1.932819879343696673e-02 1.932427074765015462e-02 1.925833033269284608e-02 1.930359995792665581e-02
4.949999999999999289e+00 4.160880923316809341e-04 3.713878747372644884e-04 3.718458119156036932e-04 3.864405929948497233e-04 1.932935343046095558e-02 1.932540758679963597e-02 1.925796808394466750e-02 1.930424303373508982e-02
4.960000000000000853e+00 4.470693159192640816e-04 3.172968108594264301e-04 3.482332449162796784e-04 3.708664572316567481e-04 1.934190637490415532e-02 1.933794602260239387e-02 1.926991376093172004e-02 1.931658871947942308e-02
4.969999999999998863e+00 3.533954884299421082e-04 2.971492718734345426e-04 3.151035421254849201e-04 3.218827674762871722e-04 1.936642553350701595e-02 1.936245262216358329e-02 1.929479813383263437e-02 1.934122542983441467e-02
4.980000000000000426e+00 3.202881234203765735e-04 3.020360920641183659e-04 3.057396050172967545e-04 3.093546068339305647e-04 1.940339360019291068e-02 1.939940878607079519e-02 1.933315462161499729e-02 1.937865233595956541e-02
4.990000000000001990e+00 3.463142598226011154e-04 3.413474465684113016e-04 3.633304192418741600e-04 3.503307085442954895e-04 1.945319159596984454e-02 1.944919432186388228e-02 1.938540610035181452e-02 1.942926400606184364e-02
5.000000000000000000e+00 4.625040516021294997e-04 4.645081963209589794e-04 4.624919709653424037e-04 4.631680729628102943e-04 1.951608383555659965e-02 1.951207244025867163e-02 1.945185358825978622e-02 1.949333662135835019e-02
5.010000000000001563e+00 7.414040400209650356e-04 7.839835866704348124e-04 4.766504646168017497e-04 6.673460304360671631e-04 1.959220466008064140e-02 1.958817651291300255e-02 1.953266678987619978e-02 1.957101598762327893e-02
5.019999999999999574e+00 7.991445832281126194e-04 8.872827058409542408e-04 7.101479122991959884e-04 7.988584004560876162e-04 1.968154722617976651e-02 1.967749888144557438e-02 1.962787640283231855e-02 1.966230750348588879e-02
5.030000000000001137e+00 8.450875108558085101e-04 9.041148571541951940e-04 8.730515890742174788e-04 8.740846523614069887e-04 1.978395461341658085e-02 1.977988197897918507e-02 1.973736806210942343e-02 1.976706821816839876e-02
5.039999999999999147e+00 1.043388479131776049e-03 9.316988005343281812e-04 9.122407949176621110e-04 9.624426915279220415e-04 1.989911350379873142e-02 1.989501201729973467e-02 1.986087781659483936e-02 1.988500111256443284e-02
5.050000000000000711e+00 9.071002813544471041e-04 9.485034095152711491e-04 1.217727782929437256e-03 1.024443824599718467e-03 2.002655069537119872e-02 2.002241550086238109e-02 1.999798909524053842e-02 2.001565176382470376e-02
5.060000000000002274e+00 8.063879633596256766e-04 8.013335591571578518e-04 1.109684747117650402e-03 9.058020898781446797e-04 2.016563273079608268e-02 2.016145884814531455e-02 2.014813121289851794e-02 2.015840759727996825e-02
5.070000000000000284e+00 1.016090963344399569e-03 8.511833571239505684e-04 8.537168844642568487e-04 9.069970683108689955e-04 2.031556894080598086e-02 2.031135141995408025e-02 2.031057957574884318e-02 2.031249997883629796e-02
5.080000000000001847e+00 1.031415694318910245e-03 1.001964178198721340e-03 1.020706716332707258e-03 1.018028862950112875e-03 2.047541820749313943e-02 2.047115225987631432e-02 2.048445785807321770e-02 2.047700944181422497e-02
5.089999999999999858e+00 1.186187342359505984e-03 1.273553114659009252e-03 1.344782106722730358e-03 1.268174187913748531e-03 2.064409972466097962e-02 2.063978082474689918e-02 2.066874251350645300e-02 2.065087435430477611e-02
5.100000000000001421e+00 1.300322032939668594e-03 1.406264392906599785e-03 1.192265789471520570e-03 1.299617405105929794e-03 2.082040795149700182e-02 2.081603190270972861e-02 2.086227003335441865e-02 2.083290329585371289e-02
5.109999999999999432e+00 9.837313441646532153e-04 1.049892141865045722e-03 1.128250773725245678e-03 1.053958086584981394e-03 2.100303180441868978e-02 2.099859476542611028e-02 2.106374734910439195e-02 2.102179130631639387e-02
5.120000000000000995e+00 1.046430710183838923e-03 1.043785569916234413e-03 1.129679302693761518e-03 1.073298527597944807e-03 2.119057790097793673e-02 2.118607637067814950e-02 2.127176567748187072e-02 2.121613998304598334e-02
5.129999999999999005e+00 9.359532487754531477e-04 9.397398699248939299e-04 9.818458910691009543e-04 9.525130032564827496e-04 2.138159736528930446e-02 2.137702812762146479e-02 2.148481791645459604e-02 2.141448113645512061e-02
5.140000000000000568e+00 9.125523335195895097e-04 8.848426451464826191e-04 8.997296493161473360e-04 8.990415426607397493e-04 2.157461534766935349e-02 2.156997538043943508e-02 2.170131942470042083e-02 2.161530338426973646e-02
5.150000000000002132e+00 1.239008799691972140e-03 1.144412702959622403e-03 1.039204058061965127e-03 1.140875186904519818e-03 2.176816203890514709e-02 2.176344839393695718e-02 2.191963167677268495e-02 2.181708070320492743e-02
5.160000000000000142e+00 2.248044316584689711e-03 1.935432652727820746e-03 1.421170417114476451e-03 1.868215795475662447e-03 2.196080361952904361e-02 2.195601328431453017e-02 2.213808791787919006e-02 2.201830160724092128e-02
5.170000000000001705e+00 4.357226145399943455e-03 4.188417633179943207e-03 2.169760118668971529e-03 3.571801299082952730e-03 2.215117132871205832e-02 2.214630108202724282e-02 2.235501959336544039e-02 2.221749733470157820e-02
5.179999999999999716e+00 5.207160043036308632e-03 5.699352550795236221e-03 2.930852823425133917e-03 4.612455139085558722e-03 2.233798671305456743e-02 2.233303298855496971e-02 2.256878205054297509e-02 2.241326725071750292e-02
5.190000000000001279e+00 4.655840036194560001e-03 5.233880626106677571e-03 4.289671325791040955e-03 4.726463996030758931e-03 2.252008115954804920e-02 2.251503993193056108e-02 2.277777785299218288e-02 2.260429964815693221e-02
5.199999999999999289e+00 4.942054229694123509e-03 5.025971436063965923e-03 5.693011774048333667e-03 5.220345813268807700e-03 2.269640804702418441e-02 2.269127475488730283e-02 2.298047605120577541e-02 2.278938628437241973e-02
5.210000000000000853e+00 7.012532446144840829e-03 6.010278079400401159e-03 7.373495757049194910e-03 6.798768760864811432e-03 2.286604626483843342e-02 2.286081578290291225e-02 2.317542594352507007e-02 2.296742933042213858e-02
5.219999999999998863e+00 8.014316605127035781e-03 7.825300125410824398e-03 6.439805373632192728e-03 7.426474034723352415e-03 2.302819442377500650e-02 2.302286109468752728e-02 2.336126424448426928e-02 2.313743992098226884e-02
5.230000000000000426e+00 4.585790615741665299e-03 4.831930804389822018e-03 6.080368996967290898e-03 5.166030139032926072e-03 2.318215578201728716e-02 2.317671351462104873e-02 2.353671513945831961e-02 2.329852814536555183e-02
5.240000000000001990e+00 2.308933473893846899e-03 2.588370632766050488e-03 5.074428731699203582e-03 3.323910946119700179e-03 2.332731467490448476e-02 2.332175711187397735e-02 2.370058340566354171e-02 2.344988506414733345e-02
5.250000000000000000e+00 1.658069463135499431e-03 1.801046142193172975e-03 3.401788906241904643e-03 2.286968170523525756e-03 2.346310601059553927e-02 2.345742676384121247e-02 2.385174155710426472e-02 2.359075811051367100e-02
5.260000000000001563e+00 1.930053312319944363e-03 2.025658294181721143e-03 3.324498676275177735e-03 2.426736760925614269e-03 2.358898010773908399e-02 2.358317305532124999e-02 2.398911273959131174e-02 2.372042196755054858e-02
5.269999999999999574e+00 2.596309763869260583e-03 2.477738136518895309e-03 3.002857800123742271e-03 2.692301900170633155e-03 2.370436574043876046e-02 2.369842537419445533e-02 2.411165176240535543e-02 2.383814762567952258e-02
5.280000000000001137e+00 2.111287038064689307e-03 2.086082625563678936e-03 2.470080279109938218e-03 2.222483314246102154e-03 2.380863465501865256e-02 2.380255646396884847e-02 2.421832710294636107e-02 2.394317274064462070e-02
5.289999999999999147e+00 2.268365378595728604e-03 2.061988200712126015e-03 2.005350769068717492e-03 2.111901449458857515e-03 2.390107097476131329e-02 2.389485184591016997e-02 2.430810687298607872e-02 2.403467656455252066e-02
5.300000000000000711e+00 2.612444847244110597e-03 2.563045439223450919e-03 1.878893575702783158e-03 2.351461287390115180e-03 2.398084876880482788e-02 2.397448738439119514e-02 2.437995153513942623e-02 2.411176256277848887e-02
5.310000000000002274e+00 2.043962839584894092e-03 1.919306281594175675e-03 1.609288105051603652e-03 1.857519075410224256e-03 2.404702060881904260e-02 2.404051781762923598e-02 2.443281559789166682e-02 2.417345134144665078e-02
5.320000000000000284e+00 1.341168907293206281e-03 1.559164935190720689e-03 1.682706313644054697e-03 1.527680052042660556e-03 2.409851918334400198e-02 2.409187832346014815e-02 2.446565964325708373e-02 2.421868571668707795e-02
5.330000000000001847e+00 1.098939311947683779e-03 1.282118134183440027e-03 1.641752423083505741e-03 1.340936623071543182e-03 2.413417303537413253e-02 2.412740018692958316e-02 2.447747294830117729e-02 2.424634872353496201e-02
5.339999999999999858e+00 1.187203420153183902e-03 1.256199621819008337e-03 2.017979770526184564e-03 1.487127604166125529e-03 2.415273632044255894e-02 2.414584046957748281e-02 2.446730578211434373e-02 2.425529419071145720e-02
5.350000000000001421e+00 1.586942232075155791e-03 1.642051184575875475e-03 2.845251875137288621e-03 2.024748430596106340e-03 2.415293126710901447e-02 2.414592436638373849e-02 2.443430934051096445e-02 2.424438832466790580e-02
5.359999999999999432e+00 2.627932350236716289e-03 2.657921961219586720e-03 4.027503221932739533e-03 3.104452511129680847e-03 2.413350088800307602e-02 2.412639780385376215e-02 2.437778036035053927e-02 2.421255968406912581e-02
5.370000000000000995e+00 4.603738706380768562e-03 4.311921554061353030e-03 7.085988188288064489e-03 5.333882816243396517e-03 2.409326855984333937e-02 2.408608690395129884e-02 2.429720684521812987e-02 2.415885410300425834e-02
5.379999999999999005e+00 7.807502308269366649e-03 7.028763820046033187e-03 1.596454610324445078e-02 1.026693741051994992e-02 2.403120046319621311e-02 2.402396031145493868e-02 2.419231110219138142e-02 2.408249062561418005e-02
5.390000000000000568e+00 1.146826892856445818e-02 1.162790947845082114e-02 1.758604468027086601e-02 1.356074102909538004e-02 2.394646660764062490e-02 2.393919011720522030e-02 2.406308645427375145e-02 2.398291439303986208e-02
5.400000000000002132e+00 1.246643306268397505e-02 1.357150336111687290e-02 7.843696972450834096e-03 1.129387779875055953e-02 2.383849628247168909e-02 2.383120722359692231e-02 2.390982452428004959e-02 2.385984267678288237e-02
5.410000000000000142e+00 8.525811779748470112e-03 9.238601261309429755e-03 3.954515750091145039e-03 7.239642930383014680e-03 2.370702424149324916e-02 2.369974746597209789e-02 2.373313081098539501e-02 2.371330083948357606e-02
5.420000000000001705e+00 8.625141839893036427e-03 7.327566340993250764e-03 2.750910826733587913e-03 6.234539669206624023e-03 2.355212469087772376e-02 2.354488556243969702e-02 2.353392729387899715e-02 2.354364584906546917e-02
5.429999999999999716e+00 5.891004749401933770e-03 5.203642399670931409e-03 2.865321877709184947e-03 4.653323008927350186e-03 2.337423111325242706e-02 2.336705492695837980e-02 2.331344188929142594e-02 2.335157597650074773e-02
5.440000000000001279e+00 3.244614895678446607e-03 3.607463406415526222e-03 3.231444658899258488e-03 3.361174320331076961e-03 2.317414102607092546e-02 2.316705244344751183e-02 2.307318561712716140e-02 2.313812636221520072e-02
5.449999999999999289e+00 3.059183743817789521e-03 3.464872864525098996e-03 2.816144720481241967e-03 3.113400442941376828e-03 2.295300583259071714e-02 2.294602835705309568e-02 2.281491921737568290e-02 2.290465113567316524e-02
5.460000000000000853e+00 3.268901129131064620e-03 3.464401896974376050e-03 2.548883539186985042e-03 3.094062188430808571e-03 2.271230688352929641e-02 2.270546239682088435e-02 2.254061159846410672e-02 2.265279362627143148e-02
5.469999999999998863e+00 3.197645671102055265e-03 3.211478658706748684e-03 2.172483567802290655e-03 2.860535965870364579e-03 2.245381965019487697e-02 2.244712802556830464e-02 2.225239285996602479e-02 2.238444684524306533e-02
5.480000000000000426e+00 3.005899739923555396e-03 2.952804201561087544e-03 2.032825695465515729e-03 2.663843212316719701e-03 2.217956846562701284e-02 2.217304726781566676e-02 2.195250470325334907e-02 2.210170681223200609e-02
5.490000000000001990e+00 3.148249428866716111e-03 2.928946894030121616e-03 2.042807745826174474e-03 2.706668022907670734e-03 2.189177459861161440e-02 2.188543887486351508e-02 2.164325085448175201e-02 2.180682144265229036e-02
5.500000000000000000e+00 3.462429232824784566e-03 3.096829490022403025e-03 1.731893563395602281e-03 2.763717428747596624e-03 2.159280049422263037e-02 2.158666265530794631e-02 2.132694973270444008e-02 2.150213762741166879e-02
5.510000000000001563e+00 2.231524514314419099e-03 2.447468695439877946e-03 2.535084020264711732e-03 2.404692410006336115e-03 2.128509287500481365e-02 2.127916266056783731e-02 2.100589107700500530e-02 2.119004887085922106e-02
5.519999999999999574e+00 1.673063496175316569e-03 2.098080951932519787e-03 3.025070672127259160e-03 2.265405040078365389e-03 2.097112709589441654e-02 2.096541161506664669e-02 2.068229767968999058e-02 2.087294546355034780e-02
5.530000000000001137e+00 1.765450102689737361e-03 1.853915554841690421e-03 2.061561845408155322e-03 1.893642500979860746e-03 2.065335473790209583e-02 2.064785857383449191e-02 2.035829282942247173e-02 2.055316871371968765e-02
5.539999999999999147e+00 1.771506769198738940e-03 1.359090481314455170e-03 2.232791145021587650e-03 1.787796131844927253e-03 2.033415596417430943e-02 2.032888133003683817e-02 2.003587360247161345e-02 2.023297029889425599e-02
5.550000000000000711e+00 1.266432529008550134e-03 1.109285414957184718e-03 1.235527600847217402e-03 1.203748514937650824e-03 2.001579769118108296e-02 2.001074462506270343e-02 1.971688978508322546e-02 1.991447736710900279e-02
5.560000000000002274e+00 6.957559863012634759e-04 8.999754662147982278e-04 6.984554767712689016e-04 7.647289764291102018e-04 1.970039819248020976e-02 1.969556477927993793e-02 1.940302797764900666e-02 1.959966364980305145e-02
5.570000000000000284e+00 4.725931434960820346e-04 5.463911703482764127e-04 5.287192248312056050e-04 5.159011795585212966e-04 1.938989836499218147e-02 1.938528097457404772e-02 1.909580030264277153e-02 1.929032654740299793e-02
5.580000000000001847e+00 3.845852486282293377e-04 4.029120938232074031e-04 4.620384532233120806e-04 4.165119318915829405e-04 1.908603957627393044e-02 1.908163310863866813e-02 1.879653711093742102e-02 1.898806993195000653e-02
5.589999999999999858e+00 3.680053344262718021e-04 3.596045178549015062e-04 5.294703770460308830e-04 4.190267431090680095e-04 1.879034776700930220e-02 1.878614589681512625e-02 1.850638310873678125e-02 1.869429225752039861e-02
5.600000000000001421e+00 4.324282679428047174e-04 3.800664066601863495e-04 5.191650873408961602e-04 4.438865873146290576e-04 1.850412331255502779e-02 1.850011872686239955e-02 1.822629639104788105e-02 1.841017947682176831e-02
5.609999999999999432e+00 4.063093107149510445e-04 3.716280692011844828e-04 3.479017871931088901e-04 3.752797223697481211e-04 1.822843603659534892e-02 1.822462066111096152e-02 1.795704993711900663e-02 1.813670221160843671e-02
5.620000000000000995e+00 3.905471441878437797e-04 4.048876451690123319e-04 2.884274573335959151e-04 3.612874155634840270e-04 1.796412471785543974e-02 1.796048992816637324e-02 1.769923518934747586e-02 1.787461661178976410e-02
5.629999999999999005e+00 4.833982220615073207e-04 4.961915151140239115e-04 2.896579081797963080e-04 4.230825484517758829e-04 1.771180041699417507e-02 1.770833723230131815e-02 1.745326738402428260e-02 1.762446834443992874e-02
5.640000000000000568e+00 4.621335660775140078e-04 4.806525744415128900e-04 3.202094739161609905e-04 4.209985381450627017e-04 1.747185298030416029e-02 1.746855223799531967e-02 1.721939233079195289e-02 1.738659918303047530e-02
5.650000000000002132e+00 3.963736074514005356e-04 4.040572470160169456e-04 4.145888283222533125e-04 4.050065609298902827e-04 1.724446013753924353e-02 1.724131264762242960e-02 1.699769435935621215e-02 1.716115571483929278e-02
5.660000000000000142e+00 3.258167116114538304e-04 3.194611316523872846e-04 6.316226221028403568e-04 4.256334884555604183e-04 1.702959870177920068e-02 1.702659538076188236e-02 1.678810517752305290e-02 1.694809975335471314e-02
5.670000000000001705e+00 3.128984333544406415e-04 3.112604053764829763e-04 4.767164484471026614e-04 3.669584290593421653e-04 1.682705749588006908e-02 1.682418948016434213e-02 1.659041342983228265e-02 1.674722013529223244e-02
5.679999999999999716e+00 2.862661630314025326e-04 2.853018394961624304e-04 3.401698250813436084e-04 3.039126092029694696e-04 1.663645176394110831e-02 1.663371050322368094e-02 1.640427482168030707e-02 1.655814569628169877e-02
5.690000000000001279e+00 2.947823534830330437e-04 2.865951007894574579e-04 3.380622604876282970e-04 3.064799049200395815e-04 1.645723896369900158e-02 1.645461629523378017e-02 1.622922278107554253e-02 1.638035934666944027e-02
5.699999999999999289e+00 3.336502574426183899e-04 3.266127546621392535e-04 4.243986207056793850e-04 3.615538776034790095e-04 1.628873595733044272e-02 1.628622416222316391e-02 1.606467975659366457e-02 1.621321329204909040e-02
5.710000000000000853e+00 4.821570189420406835e-04 4.697316534595997778e-04 7.279801149345020532e-04 5.599562624453808743e-04 1.613013770098961977e-02 1.612772954393651079e-02 1.590996936890265792e-02 1.605594553794292834e-02
5.719999999999998863e+00 7.758475057307973825e-04 7.994368485290021019e-04 1.520004543058959276e-03 1.031762965772919406e-03 1.598053755636586609e-02 1.597822631042652985e-02 1.576432970783741075e-02 1.590769785820993903e-02
5.730000000000000426e+00 9.898296217559219342e-04 1.007437871672321912e-03 1.372576435532195296e-03 1.123281309653479786e-03 1.583894929755854872e-02 1.583672875565448473e-02 1.562692806162351705e-02 1.576753537161218466e-02
5.740000000000001990e+00 1.252097169262743987e-03 1.240511825920676166e-03 7.595009137059836792e-04 1.084036636296468016e-03 1.570433076308841436e-02 1.570219523795807898e-02 1.549687725707354219e-02 1.563446775270667735e-02
5.750000000000000000e+00 1.350993200239719539e-03 1.345803427056900276e-03 5.412224319094481508e-04 1.079339686402022583e-03 1.557560892014819322e-02 1.557355323447192838e-02 1.537325358329154172e-02 1.550747191263722284e-02
5.760000000000001563e+00 8.115851571432382847e-04 8.093148711839932147e-04 3.752819160479235923e-04 6.653939814583850667e-04 1.545170589306858744e-02 1.544972536141788963e-02 1.525511600158244163e-02 1.538551575202297059e-02
5.769999999999999574e+00 5.130162331633296088e-04 5.079921951736666953e-04 3.242011885681901780e-04 4.484032056350621426e-04 1.533156529437427161e-02 1.532965569854638672e-02 1.514152607159336555e-02 1.526758235483801143e-02
5.780000000000001137e+00 4.754165428035747555e-04 4.611348874399640507e-04 3.454030201756335566e-04 4.273181501397241028e-04 1.521417801954498723e-02 1.521233557872785254e-02 1.503156781933244132e-02 1.515269380586842761e-02
5.789999999999999147e+00 5.366181251345491978e-04 5.503208343416881622e-04 4.390652102381133615e-04 5.086680565714502044e-04 1.509860655585729648e-02 1.509682789293801883e-02 1.492436669529966300e-02 1.503993371469832321e-02
5.800000000000000711e+00 6.393486819244517802e-04 6.470747936649428808e-04 6.925403246650850249e-04 6.596546000848266342e-04 1.498400683352072403e-02 1.498228893871278097e-02 1.481910684653259258e-02 1.492846753958869573e-02
5.810000000000002274e+00 9.401584120706911202e-04 9.570168394021013073e-04 8.160277935933341531e-04 9.044010150220421936e-04 1.486964672524035413e-02 1.486798691806464137e-02 1.471504613737716245e-02 1.481755992689405728e-02
5.820000000000000284e+00 1.565491820471632276e-03 1.560368503454284683e-03 9.720957066243381128e-04 1.365985343516751835e-03 1.475492047683851088e-02 1.475331636737261393e-02 1.461152864288934108e-02 1.470658849570015761e-02
5.830000000000001847e+00 3.084042376582834307e-03 3.059915179521631359e-03 1.000341993076826795e-03 2.381433183060431037e-03 1.463935860954264714e-02 1.463780805975276045e-02 1.450799462597628965e-02 1.459505376509056575e-02
5.839999999999999858e+00 4.207240987481620023e-03 4.188580810418559425e-03 1.432381968585739107e-03 3.276067922161973213e-03 1.452263313983400903e-02 1.452113422572505648e-02 1.440398821669630625e-02 1.448258519408512218e-02
5.850000000000001421e+00 3.211673569777427888e-03 3.232776517447194606e-03 3.047383032100293640e-03 3.163944373108305234e-03 1.440455826760931625e-02 1.440310924286567797e-02 1.429916308737008354e-02 1.436894353261502881e-02
5.859999999999999432e+00 2.715268554101315894e-03 2.742794373662944558e-03 5.074351114241002457e-03 3.510804680668421114e-03 1.428508693567527230e-02 1.428368619740381061e-02 1.419328634890639103e-02 1.425401982732849016e-02
5.870000000000000995e+00 1.557438505823442775e-03 1.534495603724766229e-03 3.455662412287186132e-03 2.182532173945131784e-03 1.416430382171605246e-02 1.416294987883084076e-02 1.408624071387142886e-02 1.413783147147277576e-02
5.879999999999999005e+00 9.531724490021120351e-04 9.520203690710187915e-04 1.557422137447015938e-03 1.154204985173382146e-03 1.404241537066723382e-02 1.404110681536275412e-02 1.397802474511582183e-02 1.402051564371526587e-02
5.890000000000000568e+00 9.235389508784963911e-04 9.230060858931654968e-04 9.404452056282310620e-04 9.289967474666310917e-04 1.391973742620052079e-02 1.391847290885342078e-02 1.386875081554553822e-02 1.390232038353315935e-02
5.900000000000002132e+00 7.598118280150457362e-04 7.604031587236955271e-04 7.011327940808823565e-04 7.404492602732079456e-04 1.379668091650453239e-02 1.379545912422473763e-02 1.375864031256084780e-02 1.378359345109670710e-02
5.910000000000000142e+00 6.000492371045387623e-04 6.015005926515375840e-04 8.277369507993298167e-04 6.764289268518020905e-04 1.367373595035553495e-02 1.367255558928953847e-02 1.364801567078575105e-02 1.366476907014360642e-02
5.920000000000001705e+00 3.817974213509240581e-04 3.816960832964656986e-04 7.126504010138952697e-04 4.920479685537616213e-04 1.355145462836802872e-02 1.355031440974368943e-02 1.353728902149473577e-02 1.354635268653548233e-02
5.929999999999999716e+00 2.566188000343924821e-04 2.564054273700312595e-04 4.044850332549532624e-04 3.058364202197923708e-04 1.343043289205505045e-02 1.342933152186072572e-02 1.342694755052177905e-02 1.342890398814585058e-02
5.940000000000001279e+00 2.000074569946619048e-04 1.999518873317548636e-04 2.656760371269387935e-04 2.218784604844518450e-04 1.331129181816836232e-02 1.331022799025325699e-02 1.331753600352007967e-02 1.331301860398056806e-02
5.949999999999999289e+00 1.692177976095165636e-04 1.692007872118265880e-04 2.052248206297156285e-04 1.812144684836862691e-04 1.319465887223695601e-02 1.319363126452733487e-02 1.320963709718310508e-02 1.319930907798246358e-02
5.960000000000000853e+00 1.497977814167095396e-04 1.497914777049771950e-04 1.724238086657207025e-04 1.573376892624691367e-04 1.308114971696527039e-02 1.308015699040975498e-02 1.310385080853464224e-02 1.308838583863655702e-02
5.969999999999998863e+00 1.364419447746294375e-04 1.364392525907919505e-04 1.519212559811370148e-04 1.416008177821861252e-04 1.297135119552413063e-02 1.297039199532695579e-02 1.300077360021983409e-02 1.298083893035697350e-02
5.980000000000000426e+00 1.267588762449985249e-04 1.267575909361579641e-04 1.379758006871089607e-04 1.304974226227551318e-04 1.286580605389843653e-02 1.286487901256383806e-02 1.290097858186944370e-02 1.287722121611056987e-02
5.990000000000001990e+00 1.195023960938246862e-04 1.195017477409908495e-04 1.279830537710056307e-04 1.223290658686070509e-04 1.276499983255616373e-02 1.276410357429445808e-02 1.280499744573757037e-02 1.277803361752939855e-02
6.000000000000000000e+00 1.139567911734867963e-04 1.139564429371014303e-04 1.205902118492036213e-04 1.161678153199306295e-04 1.266935018015821930e-02 1.266848332623840383e-02 1.271330479280805871e-02 1.268371276640156003e-02
6.010000000000001563e+00 1.096836508695091949e-04 1.096834697865888079e-04 1.150265075010251109e-04 1.114645427190410424e-04 1.257919866047411094e-02 1.257835983517215962e-02 1.262630523315163081e-02 1.259462124293263437e-02
6.019999999999999574e+00 1.064039669236151002e-04 1.064039200699923527e-04 1.108256192822851987e-04 1.078778354252975550e-04 1.249480497554774500e-02 1.249399281238167646e-02 1.254432345444280242e-02 1.251104041412407289e-02
6.030000000000001137e+00 1.039383266837449766e-04 1.039384634456708709e-04 1.076964912220871565e-04 1.051910937838343256e-04 1.241634344874447890e-02 1.241555659673466462e-02 1.246759732999568396e-02 1.243316579182494018e-02
6.039999999999999147e+00 1.021750640374073248e-04 1.021755211768077823e-04 1.054583823048506244e-04 1.032696558396885772e-04 1.234390161627426340e-02 1.234313874598384243e-02 1.239627408880887224e-02 1.236110481702232602e-02
6.050000000000000711e+00 1.010534275642807839e-04 1.010547571941158509e-04 1.040073559995252644e-04 1.020385135859739619e-04 1.227748085255065541e-02 1.227674066167627580e-02 1.233040957356668771e-02 1.229487702926453964e-02
6.060000000000002274e+00 1.005563587467384697e-04 1.005594662816101221e-04 1.032998207085468462e-04 1.014718819122984838e-04 1.221699909050686858e-02 1.221628030880844880e-02 1.226997063989103236e-02 1.223441667973544991e-02
6.070000000000000284e+00 1.007106236665173315e-04 1.007122306191465762e-04 1.033477038446930168e-04 1.015901860434523262e-04 1.216229582821708698e-02 1.216159722160489211e-02 1.221484074245332216e-02 1.217957793075843086e-02
6.080000000000001847e+00 1.015947287343364416e-04 1.015950377149838380e-04 1.042236297895552858e-04 1.024711320796251794e-04 1.211313969161134999e-02 1.211246006524746219e-02 1.216482868947950553e-02 1.213014281544610475e-02
6.089999999999999858e+00 1.033578153630101753e-04 1.033573708867510324e-04 1.060780391942439975e-04 1.042644084813350910e-04 1.206923878052767497e-02 1.206857698084212553e-02 1.211968038088196385e-02 1.208583204741725363e-02
6.100000000000001421e+00 1.062569339238248790e-04 1.062557600506276376e-04 1.091749041030725813e-04 1.072291993591750281e-04 1.203025383146118232e-02 1.202960874702227456e-02 1.207909310262151280e-02 1.204631856036832496e-02
6.109999999999999432e+00 1.107313447280363939e-04 1.107294819799531442e-04 1.139610333258177341e-04 1.118072866779357664e-04 1.199581387592062696e-02 1.199518443713697667e-02 1.204273165872831765e-02 1.201124332392864043e-02
6.120000000000000995e+00 1.175590255889709553e-04 1.175549315953930651e-04 1.212032649104161249e-04 1.187724073649267241e-04 1.196553361851593333e-02 1.196491879618999388e-02 1.201024535122099252e-02 1.198023258864230715e-02
6.129999999999999005e+00 1.282089604126121669e-04 1.281979105555256795e-04 1.322767438206627426e-04 1.295612049296002144e-04 1.193903130231215026e-02 1.193843010512172370e-02 1.198128463617043234e-02 1.195291534786810210e-02
6.140000000000000568e+00 1.457610898194594356e-04 1.457255507134392117e-04 1.498261468531910236e-04 1.471042624620298993e-04 1.191594551804396607e-02 1.191535698909010864e-02 1.195551626439009425e-02 1.192893959050805690e-02
6.150000000000002132e+00 1.777383733069745370e-04 1.776120268147897885e-04 1.794757056389001068e-04 1.782753685868881531e-04 1.189594936622756158e-02 1.189537257884753889e-02 1.193263588615060995e-02 1.190798594374190521e-02
6.160000000000000142e+00 2.467656971751388813e-04 2.462764440483984998e-04 2.350137322200247466e-04 2.426852911478540606e-04 1.187876068306279766e-02 1.187819473613642082e-02 1.191237744729628685e-02 1.188977762216516902e-02
6.170000000000001705e+00 4.143745793685149831e-04 4.186455276827359814e-04 3.574168702893770712e-04 3.968123257802093633e-04 1.186414767017800187e-02 1.186359168314314941e-02 1.189451917548068824e-02 1.187408617626727926e-02
6.179999999999999716e+00 6.107082020142313604e-04 6.004302013785687642e-04 6.794327919626046500e-04 6.301903984518014831e-04 1.185193010143288997e-02 1.185138320916877264e-02 1.187888645653016953e-02 1.186073325571061071e-02
6.190000000000001279e+00 8.642464257384319679e-04 8.683099011458169812e-04 1.235147167158807220e-03 9.892344980143520563e-04 1.184197711197532490e-02 1.184143845963082226e-02 1.186535232758759682e-02 1.184958929973124742e-02
6.199999999999999289e+00 1.150349449520642010e-03 1.160855184089198879e-03 1.564331279029532087e-03 1.291845304213124325e-03 1.183420317369101790e-02 1.183367191146307042e-02 1.185383657184340897e-02 1.184057055233249910e-02
6.210000000000000853e+00 1.196571396803442324e-03 1.185896128099343284e-03 1.793775471725873264e-03 1.392080998876219769e-03 1.182856404458527966e-02 1.182803932240849426e-02 1.184430442878944313e-02 1.183363593192774017e-02
6.219999999999998863e+00 1.130753656263638884e-03 1.132403005089906503e-03 1.213454808512610256e-03 1.158870489955385287e-03 1.182505417885560718e-02 1.182453514097801285e-02 1.183676572382313594e-02 1.182878501455225141e-02
6.230000000000000426e+00 1.158704767425370414e-03 1.158917191620449302e-03 7.577521592206176932e-04 1.025124706088812506e-03 1.182370637354657542e-02 1.182319215299146298e-02 1.183127481132899457e-02 1.182605777928900752e-02
6.240000000000001990e+00 1.001806598068553716e-03 1.002410136045403695e-03 4.337091687438900133e-04 8.126419676192825651e-04 1.182459351276101550e-02 1.182408322574251582e-02 1.182793121210078471e-02 1.182553598353477085e-02
6.250000000000000000e+00 5.128959421853080455e-04 5.127112755959286781e-04 2.617674623290252591e-04 4.291248933700873998e-04 1.182783141467598671e-02 1.182732415508900951e-02 1.182688033810752083e-02 1.182734530262417004e-02
6.260000000000001563e+00 2.863825183051123269e-04 2.863666260627979873e-04 1.906485889419305918e-04 2.544659111032803291e-04 1.183358124372968154e-02 1.183307607788042053e-02 1.182831335511011321e-02 1.183165689224007118e-02
6.269999999999999574e+00 1.999584177137162357e-04 1.999526521854885427e-04 1.551253599682634384e-04 1.850121432891560361e-04 1.184204986286356738e-02 1.184154582464045161e-02 1.183246514083599772e-02 1.183868694278000615e-02
6.280000000000001137e+00 1.592777622853319567e-04 1.592752942390952288e-04 1.348102546988854550e-04 1.511211037411042135e-04 1.185348688901136441e-02 1.185298297570960314e-02 1.183960950689464699e-02 1.184869312387187325e-02
6.289999999999999147e+00 1.370161346552340430e-04 1.370150101682878038e-04 1.221922182554581655e-04 1.320744543596599860e-04 1.186817792365147881e-02 1.186767309265369594e-02 1.185005130201138672e-02 1.186196743943885440e-02
6.300000000000000711e+00 1.236451047762385203e-04 1.236445716579903512e-04 1.139635254320228892e-04 1.204177339554172446e-04 1.188643425924901416e-02 1.188592742573761803e-02 1.186411561148255356e-02 1.187882576548972974e-02
6.310000000000002274e+00 1.151678889408592267e-04 1.151676812653421169e-04 1.084753883794708438e-04 1.129369861952240535e-04 1.190858006469902412e-02 1.190807010052755480e-02 1.188213484622871290e-02 1.189959500381842887e-02
6.320000000000000284e+00 1.096716145537164969e-04 1.096716943315066109e-04 1.048351759369547107e-04 1.080594949407259395e-04 1.193493845417729557e-02 1.193442418798122164e-02 1.190443492436217207e-02 1.192459918884022918e-02
6.330000000000001847e+00 1.061553603349386069e-04 1.061559555025790524e-04 1.025359597651266333e-04 1.049490918675480885e-04 1.196581788500755521e-02 1.196529810360676301e-02 1.193132189386487442e-02 1.195414596082639523e-02
6.339999999999999858e+00 1.040684594551744208e-04 1.040692319067928779e-04 1.012887251914653059e-04 1.031421388511442015e-04 1.200150005751348531e-02 1.200097350866307679e-02 1.196307020208257910e-02 1.198851458941971489e-02
6.350000000000001421e+00 1.031090137619578869e-04 1.031092948836944399e-04 1.009427580410085143e-04 1.023870222288869380e-04 1.204223003674144421e-02 1.204169543333246696e-02 1.199991345934439679e-02 1.202794630980610208e-02
6.359999999999999432e+00 1.031321125979783599e-04 1.031322202346792902e-04 1.014506703064343811e-04 1.025716677130306906e-04 1.208820884176066944e-02 1.208766486764412465e-02 1.204203809080493445e-02 1.207263726673657618e-02
6.370000000000000995e+00 1.041126272256671790e-04 1.041126804108605838e-04 1.028621850783179926e-04 1.036958309049485942e-04 1.213958838177054897e-02 1.213903369945939711e-02 1.208957984011720978e-02 1.212273397378238471e-02
6.379999999999999005e+00 1.061442319663761396e-04 1.061442623579152378e-04 1.053460678395252612e-04 1.058781873879388841e-04 1.219646842868053922e-02 1.219590168925267261e-02 1.214262278957904846e-02 1.217833096917075170e-02
6.390000000000000568e+00 1.094767376735180883e-04 1.094767541356017647e-04 1.092550326621903725e-04 1.094028414904367464e-04 1.225889527814538402e-02 1.225831513371344363e-02 1.220120040449077306e-02 1.223947027211653299e-02
6.400000000000002132e+00 1.146190456038534113e-04 1.146190354733403786e-04 1.152811214839278534e-04 1.148397341870405387e-04 1.232686180775906595e-02 1.232626692687188719e-02 1.226529806385265146e-02 1.230614226616119980e-02
6.410000000000000142e+00 1.225920240174081604e-04 1.225919087828224250e-04 1.248393757614695899e-04 1.233411028539000494e-04 1.240030869212147002e-02 1.239969777842812003e-02 1.233485654171110474e-02 1.237828767075356377e-02
6.420000000000001705e+00 1.355979755331174447e-04 1.355975576494550109e-04 1.411324419543798616e-04 1.374426583789841057e-04 1.247912649856132081e-02 1.247849831298378058e-02 1.240977587993697361e-02 1.245580023049402615e-02
6.429999999999999716e+00 1.590795081453524418e-04 1.590799095669312262e-04 1.726523226481181022e-04 1.636039134534672567e-04 1.256315823564234033e-02 1.256251162217954069e-02 1.248991898944096755e-02 1.253852961575428228e-02
6.440000000000001279e+00 2.093397767716862346e-04 2.093425386028007623e-04 2.469115638996166118e-04 2.218646264247011758e-04 1.265220170389089183e-02 1.265153561899869800e-02 1.257511422429563944e-02 1.262628384906174309e-02
6.449999999999999289e+00 3.377620250056131090e-04 3.377716337972212508e-04 4.359833346896253826e-04 3.705056644974865265e-04 1.274601076281481164e-02 1.274532430810849763e-02 1.266515607963434112e-02 1.271883038351921506e-02
6.460000000000000853e+00 5.386991161262750594e-04 5.386927655609198996e-04 6.551035582811205304e-04 5.774984799894384603e-04 1.284429452381198253e-02 1.284358698158185631e-02 1.275980319700634191e-02 1.281589490080005909e-02
6.469999999999998863e+00 6.194226757310663774e-04 6.194094009600558661e-04 6.733675968279464585e-04 6.373998911730228284e-04 1.294671360263403501e-02 1.294598447337691124e-02 1.285877310639169102e-02 1.291715706080087851e-02
6.480000000000000426e+00 9.066054323855722227e-04 9.066043015670552721e-04 5.175937700575491962e-04 7.769345013367254553e-04 1.305287295203921318e-02 1.305212199291221932e-02 1.296173357928480548e-02 1.302224284141207875e-02
6.490000000000001990e+00 6.087624407083027473e-04 6.087587101468799281e-04 5.570290017414760049e-04 5.915167175322195601e-04 1.316231145022540155e-02 1.316153871300632279e-02 1.306829109009210489e-02 1.313071375110794713e-02
6.500000000000000000e+00 3.255214160208544328e-04 3.255202624086833110e-04 3.260489700847296743e-04 3.256968828380891394e-04 1.327448923035509307e-02 1.327369509716373741e-02 1.317797755858635469e-02 1.324205396203506288e-02
6.510000000000001563e+00 2.354008115249819010e-04 2.354023007103971555e-04 2.262230453873577234e-04 2.323420525409122599e-04 1.338877452829431193e-02 1.338795974305587687e-02 1.329023714084366127e-02 1.335565713739795234e-02
6.519999999999999574e+00 2.066853202310373159e-04 2.066905412441896728e-04 1.961554471825605072e-04 2.031771028859291834e-04 1.350443241926516276e-02 1.350359811267974261e-02 1.340441520839036338e-02 1.347081524677842292e-02
6.530000000000001137e+00 2.017639144688722483e-04 2.017794660726860269e-04 1.906942458978386451e-04 1.980792088131322977e-04 1.362061806282351475e-02 1.361976576852987758e-02 1.351975173512355057e-02 1.358671185549231372e-02
6.539999999999999147e+00 2.103222630504733136e-04 2.103517934959531406e-04 1.981021063052063318e-04 2.062587209505442620e-04 1.373637690191180892e-02 1.373550856161498586e-02 1.363538105006546070e-02 1.370242217119741791e-02
6.550000000000000711e+00 2.303265477180348165e-04 2.303379192189099472e-04 2.160523104225896762e-04 2.255722591198448042e-04 1.385065367550449705e-02 1.384977163114534983e-02 1.375033938844070006e-02 1.381692156503018173e-02
6.560000000000002274e+00 2.639269179431039548e-04 2.639278043629940266e-04 2.464815806056670604e-04 2.581121009705883472e-04 1.396231124443234918e-02 1.396141821599933101e-02 1.386358098576369498e-02 1.392910348206512737e-02
6.570000000000000284e+00 3.177380618164925437e-04 3.177338183978474853e-04 2.957340316053844588e-04 3.104019706065748473e-04 1.407015919637812432e-02 1.406925824469567807e-02 1.397400266595965473e-02 1.403780670234448281e-02
6.580000000000001847e+00 4.067206412017857408e-04 4.067161305908595240e-04 3.786716034358583770e-04 3.973694584095012320e-04 1.417299118557287588e-02 1.417208566030042291e-02 1.408047610582199675e-02 1.414185098389843416e-02
6.589999999999999858e+00 5.667614615873803417e-04 5.667898485512020117e-04 5.327353717480328571e-04 5.554288939622049979e-04 1.426962905538758583e-02 1.426872252945766278e-02 1.418188619212052033e-02 1.424007925898859023e-02
6.600000000000001421e+00 8.993843925679165761e-04 8.996337361514159187e-04 8.711242108504942128e-04 8.900474465232755331e-04 1.435897103280704863e-02 1.435806722552862569e-02 1.427717319623589103e-02 1.433140381819052352e-02
6.609999999999999432e+00 1.741597251318189894e-03 1.738145009278614520e-03 1.789415059584778664e-03 1.756385773393860953e-03 1.444004070754665962e-02 1.443914339950089741e-02 1.436537586259941691e-02 1.441485332321566087e-02
6.620000000000000995e+00 3.564241642224147671e-03 3.552450259442837405e-03 3.233508913017146651e-03 3.450066938228043764e-03 1.451203310603633306e-02 1.451114604959904270e-02 1.444567205432865931e-02 1.448961706998800995e-02
6.629999999999999005e+00 4.498777499263846222e-03 4.536628818904102529e-03 3.192726990447894604e-03 4.076044436205281118e-03 1.457435401448689549e-02 1.457348084423055329e-02 1.451741344770303248e-02 1.455508276880682766e-02
6.640000000000000568e+00 6.117863481949239492e-03 6.018851013388136495e-03 4.085327512824784950e-03 5.407347336054054224e-03 1.462664889667880316e-02 1.462579304400905833e-02 1.458015106903293515e-02 1.461086433657359483e-02
6.650000000000002132e+00 4.770367537417425849e-03 4.860842731396657415e-03 4.075789839950775401e-03 4.569000036254953177e-03 1.466881841593133985e-02 1.466798303205579281e-02 1.463364931654442640e-02 1.465681692151052200e-02
6.660000000000000142e+00 3.272279604573704367e-03 3.267803779296610863e-03 3.303901296923384898e-03 3.281328226931232942e-03 1.470101877661060194e-02 1.470020666736253714e-02 1.467788746082408606e-02 1.469303763493240780e-02
6.670000000000001705e+00 2.912705047711086626e-03 2.875716885770332899e-03 3.641406778083363174e-03 3.143276237188260321e-03 1.472364678464099276e-02 1.472286035984355507e-02 1.471304925597572560e-02 1.471985213348675492e-02
6.679999999999999716e+00 2.379023783629955705e-03 2.399635477396658452e-03 2.796117253400927285e-03 2.524925504809180047e-03 1.473731144784600454e-02 1.473655268687355802e-02 1.473950287339351010e-02 1.473778900270435524e-02
6.690000000000001279e+00 1.435123542473181997e-03 1.434299577195960072e-03 1.783930418825535212e-03 1.551117846164892355e-03 1.474279570716689920e-02 1.474206614126803358e-02 1.475777449464508659e-02 1.474754544769333979e-02
6.699999999999999289e+00 8.489627271406314330e-04 8.483658119866743091e-04 2.053003550011746944e-03 1.250110696379684409e-03 1.474101307282169905e-02 1.474031378369818762e-02 1.476851927952157160e-02 1.474994871201381827e-02
6.710000000000000853e+00 6.622309351742516025e-04 6.621259197435635981e-04 1.219468091099564985e-03 8.479416486724600981e-04 1.473296419754755067e-02 1.473229583073650505e-02 1.477249296832149755e-02 1.474591766553518327e-02
6.719999999999998863e+00 4.302375837559998454e-04 4.302251992038217949e-04 6.356886668615920185e-04 4.987171499404711474e-04 1.471969764534123391e-02 1.471906043620193477e-02 1.477052623982531669e-02 1.473642810712282557e-02
6.730000000000000426e+00 3.150054281067981503e-04 3.149996790406541609e-04 4.179793578090835950e-04 3.493281549855119326e-04 1.470227749231491944e-02 1.470167130193150706e-02 1.476350248068040646e-02 1.472248375830894317e-02
6.740000000000001990e+00 2.571014581971509875e-04 2.570953292367683727e-04 3.178036404262723092e-04 2.773334759533972412e-04 1.468175836066534443e-02 1.468118271875887108e-02 1.475233826327716595e-02 1.470509311423379151e-02
6.750000000000000000e+00 2.233240559905842173e-04 2.233096326726589855e-04 2.639322693866115216e-04 2.368553193499515748e-04 1.465916658717191130e-02 1.465862073912641526e-02 1.473796494599392305e-02 1.468525075743075045e-02
6.760000000000001563e+00 2.023629810905339392e-04 2.023278282103229439e-04 2.329160955290780061e-04 2.125356349433116297e-04 1.463548496555070258e-02 1.463496792090940475e-02 1.472130960834660933e-02 1.466392083160223715e-02
6.769999999999999574e+00 1.895046982643073846e-04 1.895102700464733759e-04 2.156034793091494745e-04 1.982061492066434388e-04 1.461163816861315093e-02 1.461114874880000032e-02 1.470327399763494275e-02 1.464202030501603018e-02
6.780000000000001137e+00 1.827775640115007945e-04 1.828212898383626238e-04 2.084294172130380090e-04 1.913427570209671514e-04 1.458847657551244452e-02 1.458801345903855060e-02 1.468471111513221065e-02 1.462040038322773468e-02
6.789999999999999147e+00 1.816693276744834381e-04 1.817154468350484450e-04 2.110420220717354337e-04 1.914755988604224389e-04 1.456675752777960263e-02 1.456631929173773932e-02 1.466640018081609605e-02 1.459982566677781382e-02
6.800000000000000711e+00 1.870701232426410100e-04 1.871840408616532152e-04 2.266048720213093156e-04 2.002863453752012164e-04 1.454712464031999476e-02 1.454670979750156967e-02 1.464902170968028321e-02 1.458095204916728255e-02
6.810000000000002274e+00 2.023837486422435652e-04 2.023552692374905207e-04 2.656987294761239591e-04 2.234792491186193212e-04 1.453008719249081551e-02 1.452969422391915677e-02 1.463313504354247369e-02 1.456430548665081821e-02
6.820000000000000284e+00 2.375889491540741330e-04 2.371639361430795108e-04 3.624876909882083164e-04 2.790801920951206986e-04 1.451600247838135023e-02 1.451562986143000757e-02 1.461916080397287349e-02 1.455026438126140985e-02
6.830000000000001847e+00 3.259582285468996658e-04 3.257073337285927247e-04 6.364889647277497753e-04 4.293848423344139649e-04 1.450506410278185575e-02 1.450471033530538467e-02 1.460737034278708490e-02 1.453904826029144177e-02
6.839999999999999858e+00 5.577276196483606664e-04 5.576645318784719625e-04 1.106578953427900854e-03 7.406570349849111610e-04 1.449729858653822298e-02 1.449696220759247312e-02 1.459788346899772854e-02 1.453071475437614155e-02
6.850000000000001421e+00 6.388572634005515319e-04 6.394816702342413827e-04 1.215702215974493209e-03 8.313470498697621497e-04 1.449257147480418478e-02 1.449225108257826654e-02 1.459067472386416792e-02 1.452516576041553917e-02
6.859999999999999432e+00 6.993100615241214886e-04 7.004218979922063187e-04 8.182318652531068949e-04 7.393212749231448284e-04 1.449060274199671580e-02 1.449029700953314431e-02 1.458558742188551666e-02 1.452216239113845835e-02
6.870000000000000995e+00 9.604064963984969804e-04 9.618573631482420444e-04 7.453827103711550741e-04 8.892155233059646996e-04 1.449098999048401178e-02 1.449069767964125503e-02 1.458235379398502111e-02 1.452134715470343451e-02
6.879999999999999005e+00 1.055600432694117803e-03 1.051533652206857209e-03 7.857605508356442807e-04 9.642982119122063588e-04 1.449323701298181784e-02 1.449295698691243500e-02 1.458061904418864012e-02 1.452227101469429765e-02
6.890000000000000568e+00 7.448370049605601041e-04 7.445388639621136487e-04 6.064786305141635879e-04 6.986181664789457802e-04 1.449678485609495748e-02 1.449651609029548732e-02 1.457996697098161779e-02 1.452442263912402144e-02
6.900000000000002132e+00 6.966371129982520905e-04 6.958414245155226637e-04 5.413478843838582123e-04 6.446088072992109527e-04 1.450104264879117401e-02 1.450078424056155599e-02 1.457994504695428115e-02 1.452725731210233531e-02
6.910000000000000142e+00 9.187659849911183896e-04 9.200606898825199227e-04 7.742771964334967203e-04 8.710346237690451193e-04 1.450541597012761953e-02 1.450516714608905168e-02 1.458008736309113380e-02 1.453022349310259878e-02
6.920000000000001705e+00 1.134732529224089957e-03 1.138841705908377137e-03 1.383296235438941568e-03 1.218956823523802959e-03 1.450933128414691117e-02 1.450909140534175495e-02 1.457993447342003680e-02 1.453278572096956649e-02
6.929999999999999716e+00 1.877285204801717707e-03 1.885442914386672260e-03 1.325584348920525162e-03 1.696104156036305115e-03 1.451225576685560500e-02 1.451202433092231570e-02 1.457904977021117626e-02 1.453444328932970014e-02
6.940000000000001279e+00 2.259286425482191253e-03 2.240379519774307604e-03 1.519602723857544973e-03 2.006422889704680915e-03 1.451371253935569011e-02 1.451348917933738443e-02 1.457703249754781563e-02 1.453474473874696166e-02
6.949999999999999289e+00 2.501947770629871573e-03 2.508029370864066614e-03 2.367813279400477443e-03 2.459263473631471877e-03 1.451329180259517716e-02 1.451307628210593906e-02 1.457352779991840340e-02 1.453329862820650770e-02
6.960000000000000853e+00 1.996540654444688319e-03 2.008123756410748820e-03 1.714988298903516494e-03 1.906550903252984472e-03 1.451065865914647098e-02 1.451045086384842621e-02 1.456823441467841769e-02 1.452978131255777336e-02
6.969999999999998863e+00 1.433802875609514879e-03 1.422536288859907634e-03 1.110347335854946528e-03 1.322228833441456419e-03 1.450555849995954077e-02 1.450535842557591597e-02 1.456091076152360095e-02 1.452394256235301807e-02
6.980000000000000426e+00 7.594873476827236364e-04 7.570322811658276385e-04 1.000017282275333496e-03 8.388456370412948875e-04 1.449782079459161974e-02 1.449762853194538556e-02 1.455138029867010518e-02 1.451560987506903856e-02
6.990000000000001990e+00 4.591608303448310485e-04 4.607042266679556579e-04 5.723144655811719054e-04 4.973931741979862762e-04 1.448736200084992966e-02 1.448717771862369913e-02 1.453953707433347509e-02 1.450469226460236911e-02
7.000000000000000000e+00 3.535932487074114100e-04 3.560010437178853728e-04 4.031519843717364972e-04 3.709154255990110933e-04 1.447418809858514593e-02 1.447401202465649350e-02 1.452535228138133669e-02 1.449118413487432422e-02
7.010000000000001563e+00 3.200785990846522280e-04 3.193626630657444643e-04 3.733371285375599430e-04 3.375927968959855090e-04 1.445839696330186025e-02 1.445822936555943121e-02 1.450888218458111847e-02 1.447516950448080562e-02
7.019999999999999574e+00 3.431206535796011196e-04 3.426752402479942092e-04 4.400638128968155935e-04 3.752865689081369199e-04 1.444018042923412952e-02 1.444002159676452575e-02 1.449027703010240774e-02 1.445682635203368940e-02
7.030000000000001137e+00 4.706537707449323085e-04 4.698027569979227464e-04 6.918631340595709795e-04 5.441065539341420837e-04 1.441982544821617841e-02 1.441967567366647836e-02 1.446978954335685630e-02 1.443643022174650146e-02
7.039999999999999147e+00 7.967611267751911449e-04 7.987229512758414925e-04 1.509473109911476079e-03 1.034985729320836347e-03 1.439771332333244190e-02 1.439757288712537747e-02 1.444778064712884565e-02 1.441435561919555443e-02
7.050000000000000711e+00 1.061530607084809922e-03 1.060354289901294707e-03 2.148193750680689115e-03 1.423359549222264365e-03 1.437431568738998904e-02 1.437418484427794609e-02 1.442471949948607481e-02 1.439107334371800447e-02
7.060000000000002274e+00 1.433485209313519393e-03 1.433452791671825958e-03 1.087145935987935026e-03 1.318027978991093314e-03 1.435018584990645739e-02 1.435006481822011758e-02 1.440117515254642211e-02 1.436714194022432889e-02
7.070000000000000284e+00 1.446122443079136304e-03 1.446226458121662676e-03 6.889622363274057731e-04 1.193770379176068396e-03 1.432594445432929658e-02 1.432583340805563925e-02 1.437779822254933726e-02 1.434319202831142726e-02
7.080000000000001847e+00 8.956907391365438384e-04 8.957160907453991109e-04 4.425422049199610242e-04 7.446496782673013787e-04 1.430225912713797842e-02 1.430215819082519650e-02 1.435529278181579826e-02 1.431990336659299048e-02
7.089999999999999858e+00 4.887702115158666953e-04 4.887690718331508732e-04 2.809521492367945831e-04 4.194971441952707533e-04 1.427981881348481218e-02 1.427972805979883623e-02 1.433438075789957022e-02 1.429797587706107577e-02
7.100000000000001421e+00 2.961821231913734751e-04 2.961819079179716686e-04 2.119889578476752033e-04 2.681176629856734761e-04 1.425930459987785962e-02 1.425922404954746078e-02 1.431576290783906878e-02 1.427809718575479524e-02
7.109999999999999432e+00 2.182900419782158241e-04 2.182901306202048638e-04 1.773057016281299417e-04 2.046286247421835161e-04 1.424135971808093183e-02 1.424128934186363882e-02 1.430008132975387619e-02 1.426091012989948344e-02
7.120000000000000995e+00 1.798744185717570407e-04 1.798744945506047658e-04 1.571390742229629954e-04 1.722959957817749249e-04 1.422656185108561733e-02 1.422650157336755039e-02 1.428788827354886617e-02 1.424698389933400956e-02
7.129999999999999005e+00 1.580245443774127938e-04 1.580245988289203328e-04 1.443463801370292526e-04 1.534651744477874688e-04 1.421540069229004083e-02 1.421535039592876880e-02 1.427962475602899059e-02 1.423679194808260065e-02
7.140000000000000568e+00 1.444318018892047639e-04 1.444318335470579692e-04 1.358094803841390164e-04 1.415577052734672318e-04 1.420826295869557013e-02 1.420822249075534734e-02 1.427561059830993566e-02 1.423069868258694873e-02
7.150000000000002132e+00 1.355014089502958301e-04 1.355014482060337862e-04 1.299767944529542048e-04 1.336598838697612918e-04 1.420542593649772381e-02 1.420539511456946936e-02 1.427604553303320027e-02 1.422895552803346217e-02
7.160000000000000142e+00 1.294721226853835772e-04 1.294721328158965692e-04 1.260107910429928769e-04 1.283183488480910258e-04 1.420705942295427855e-02 1.420703804181134601e-02 1.428101947702545629e-02 1.423170564726369131e-02
7.170000000000001705e+00 1.254073784312417067e-04 1.254073771649275861e-04 1.234432821630445200e-04 1.247526792530712710e-04 1.421323490285489842e-02 1.421322274122729414e-02 1.429052921588591478e-02 1.423899561998936969e-02
7.179999999999999716e+00 1.227892423124303945e-04 1.227892347145456437e-04 1.220236363881409221e-04 1.225340378050389823e-04 1.422394013883553771e-02 1.422393696608887509e-02 1.430449862288751470e-02 1.425079190927064365e-02
7.190000000000001279e+00 1.213401332066957691e-04 1.213401332066957826e-04 1.216527684366585906e-04 1.214443449500167096e-04 1.423909710244594500e-02 1.423910268492699881e-02 1.432279992781452203e-02 1.426699990506248746e-02
7.199999999999999289e+00 1.209450343343619746e-04 1.209450280027913444e-04 1.223662351430155465e-04 1.214187658267229552e-04 1.425858125161349327e-02 1.425859535836062654e-02 1.434527418759149603e-02 1.428748359918854266e-02
7.210000000000000853e+00 1.216288933500772579e-04 1.216288806869359840e-04 1.243600771300943666e-04 1.225392837223692074e-04 1.428224042773184287e-02 1.428226283519519989e-02 1.437174974256231683e-02 1.431208433516312044e-02
7.219999999999998863e+00 1.235810634718109181e-04 1.235810368792141954e-04 1.280789137505434941e-04 1.250803380338562116e-04 1.430991198847622256e-02 1.430994248387068395e-02 1.440205793470799439e-02 1.434063746901829799e-02
7.230000000000000426e+00 1.272478254563480331e-04 1.272477760700970308e-04 1.344351053393342025e-04 1.296435689552597555e-04 1.434143714440711155e-02 1.434147552737600161e-02 1.443604570175602980e-02 1.437298612451304823e-02
7.240000000000001990e+00 1.335774130516102071e-04 1.335773092138516657e-04 1.453654844214741270e-04 1.375067355623120361e-04 1.437667183021361372e-02 1.437671791262713772e-02 1.447358487635852856e-02 1.440899153973309275e-02
7.250000000000000000e+00 1.446999337754307081e-04 1.446996995073169298e-04 1.654224604199282331e-04 1.516073645675586237e-04 1.441549382284343719e-02 1.441554742681657938e-02 1.451457815339229560e-02 1.444853980101743797e-02
7.260000000000001563e+00 1.661494323664671304e-04 1.661487232305550838e-04 2.071641072715045561e-04 1.798207542895089144e-04 1.445780620654524458e-02 1.445786716106996564e-02 1.455896176714994820e-02 1.449154504492172063e-02
7.269999999999999574e+00 2.151092495678835878e-04 2.151069195498868478e-04 3.131739364552094161e-04 2.477967018576599325e-04 1.450353762794929537e-02 1.450360576482709850e-02 1.460670496211386414e-02 1.453794945163008542e-02
7.280000000000001137e+00 3.181771271153726439e-04 3.181786846817508726e-04 6.163983009745317449e-04 4.175847042572183843e-04 1.455264000647515585e-02 1.455271515642547579e-02 1.465780638439299205e-02 1.458772051576453892e-02
7.289999999999999147e+00 4.729827123746159945e-04 4.729862833804586940e-04 7.233747900430438334e-04 5.564479285993728045e-04 1.460508442109842951e-02 1.460516641091698375e-02 1.471228760948452112e-02 1.464084614716664769e-02
7.300000000000000711e+00 6.049752940384984113e-04 6.049768642680178462e-04 5.750866526126743395e-04 5.950129369730634962e-04 1.466085580893805584e-02 1.466094446038102884e-02 1.477018423936621652e-02 1.469732816956176649e-02
7.310000000000002274e+00 7.493169204322886346e-04 7.493163809824699437e-04 7.096790987488057426e-04 7.361041333878547014e-04 1.471994694821850483e-02 1.472004207890895144e-02 1.483153534091747813e-02 1.475717478934831205e-02
7.320000000000000284e+00 8.806191063669237522e-04 8.806186403633244368e-04 5.204008047875576318e-04 7.605461838392685347e-04 1.478235209670735253e-02 1.478245352291626506e-02 1.489637239578762117e-02 1.482039267180374625e-02
7.330000000000001847e+00 4.498414700265991628e-04 4.498409660335759576e-04 2.906817421475116760e-04 3.967880594025622655e-04 1.484806067511841750e-02 1.484816821586478625e-02 1.496470924629665113e-02 1.488697937909328611e-02
7.339999999999999858e+00 2.662158871010029916e-04 2.662149019086109693e-04 2.106221692908150263e-04 2.476843194334763291e-04 1.491705152516270734e-02 1.491716500682672975e-02 1.503653459918812517e-02 1.495691704372585293e-02
7.350000000000001421e+00 2.062631450300050006e-04 2.062607377668464691e-04 1.864326252534892763e-04 1.996521693501135820e-04 1.498928844138431096e-02 1.498940770198346935e-02 1.511180837634533425e-02 1.503016817323770370e-02
7.359999999999999432e+00 1.910375335275992371e-04 1.910303915159137567e-04 1.928868852736581954e-04 1.916516034390570360e-04 1.506471775331267443e-02 1.506484264575683359e-02 1.519046257531158489e-02 1.510667432479369590e-02
7.370000000000000995e+00 2.119244897953862416e-04 2.118986189977382082e-04 2.498702752033249365e-04 2.245644613321497955e-04 1.514326859771294650e-02 1.514339899164965884e-02 1.527240650225004590e-02 1.518635803053754868e-02
7.379999999999999005e+00 2.661306679590881076e-04 2.660987948324703345e-04 3.600657651783729907e-04 2.974317426566437748e-04 1.522485614647657755e-02 1.522499192868113221e-02 1.535753544176963678e-02 1.526912783897578334e-02
7.390000000000000568e+00 2.921138117303313754e-04 2.923161813912288987e-04 2.643555450146216758e-04 2.829285127120606319e-04 1.530938752881780968e-02 1.530952860237435459e-02 1.544574123633869582e-02 1.535488578917695336e-02
7.400000000000002132e+00 3.297492121485138205e-04 3.297234553191372933e-04 2.232391648240285797e-04 2.942372774305599520e-04 1.539676965924152707e-02 1.539691594193935004e-02 1.553692304268618381e-02 1.544353621462235190e-02
7.410000000000000142e+00 3.005923863207705916e-04 3.002749340318624388e-04 2.612552319324207566e-04 2.873741840950178928e-04 1.548691778082300630e-02 1.548706920323060510e-02 1.563099667661328393e-02 1.553499455355562830e-02
7.420000000000001705e+00 2.655748750901443657e-04 2.656956308054512052e-04 3.540303081647117630e-04 2.951002713534358322e-04 1.557976342175825847e-02 1.557991992538187813e-02 1.572790139216078548e-02 1.562919491310030967e-02
7.429999999999999716e+00 2.772117485530489452e-04 2.773844484739125603e-04 2.715454854235920998e-04 2.753805608168512198e-04 1.567526062399457812e-02 1.567542215977678344e-02 1.582760351561842208e-02 1.572609543312992672e-02
7.440000000000001279e+00 3.594754981735911342e-04 3.594004690614693615e-04 2.348165987680490819e-04 3.178975220010365078e-04 1.577338969410122665e-02 1.577355622137324026e-02 1.593009693316884898e-02 1.582568094954777196e-02
7.449999999999999289e+00 2.968232668989016754e-04 2.968447942390884981e-04 2.766381753674250119e-04 2.901020788351383771e-04 1.587415822989200059e-02 1.587432971575502769e-02 1.603540089943234631e-02 1.592796294835979037e-02
7.460000000000000853e+00 2.879978400044295268e-04 2.879670305816798507e-04 3.037023436513752467e-04 2.932224047458282081e-04 1.597759967059560887e-02 1.597777608961976903e-02 1.614355595857701678e-02 1.603297723959746027e-02
7.469999999999998863e+00 4.047577947856335749e-04 4.046478787192678717e-04 4.248644736136367021e-04 4.114233823728460134e-04 1.608376999328839374e-02 1.608395132737923394e-02 1.625461893133857763e-02 1.614078008400206612e-02
7.480000000000000426e+00 5.124741038238339293e-04 5.125398002008276985e-04 4.060363313782406843e-04 4.770167451343008068e-04 1.619274339473001506e-02 1.619292963301505184e-02 1.636865793651912440e-02 1.625144365475473043e-02
7.490000000000001990e+00 5.617434221277448330e-04 5.618058514142866946e-04 3.711520009371514252e-04 4.982337581597275425e-04 1.630460783762873248e-02 1.630479897624555891e-02 1.648574830735885163e-02 1.636505170707771781e-02
7.500000000000000000e+00 4.560329584682486031e-04 4.560416580463122851e-04 4.712048022727524871e-04 4.610931395957710709e-04 1.641946123265567922e-02 1.641965727436306421e-02 1.660597005044659250e-02 1.648169618582177517e-02
7.510000000000001563e+00 4.264970551745271847e-04 4.264455161894916096e-04 5.750127923084932986e-04 4.759851212241706796e-04 1.653740881740908136e-02 1.653760977097861948e-02 1.672940720647298277e-02 1.660147526495356005e-02
7.519999999999999574e+00 3.659784720319745276e-04 3.659794217675710641e-04 3.645320285174807342e-04 3.654966407723421267e-04 1.665856202483335588e-02 1.665876790424593648e-02 1.685614914336528228e-02 1.672449302414819386e-02
7.530000000000001137e+00 3.178842033311362106e-04 3.178906108806270965e-04 2.927957130244037256e-04 3.095235090787223442e-04 1.678303884441141244e-02 1.678324966786084657e-02 1.698629345387730333e-02 1.685086065538318745e-02
7.539999999999999147e+00 2.612237374337275154e-04 2.612264473459627182e-04 3.252812190243062514e-04 2.825771346013321978e-04 1.691096541600061245e-02 1.691118120481494708e-02 1.711994983194074782e-02 1.698069881758543578e-02
7.550000000000000711e+00 1.904089060689186346e-04 1.904082475855717652e-04 2.299013966788001522e-04 2.035728501110968688e-04 1.704247836243557093e-02 1.704269913998017819e-02 1.725724407971631486e-02 1.711414052737735350e-02
7.560000000000002274e+00 1.609583396843260498e-04 1.609582067213425987e-04 1.763925865699378728e-04 1.661030443252021647e-04 1.717772721563222763e-02 1.717795300636914060e-02 1.739832131084691896e-02 1.725133384428276240e-02
7.570000000000000284e+00 1.488823312752642753e-04 1.488823110142381827e-04 1.570793041960912950e-04 1.516146488285312691e-04 1.731687624822890806e-02 1.731710707705873264e-02 1.754334751817192284e-02 1.739244361448652465e-02
7.580000000000001847e+00 1.433234693123136712e-04 1.433234693123136712e-04 1.490509561972618773e-04 1.452326316072964066e-04 1.746010509271676489e-02 1.746034098480264349e-02 1.769250892577358195e-02 1.753765166776433126e-02
7.589999999999999858e+00 1.409983266250158600e-04 1.409983190271310821e-04 1.459893467400887230e-04 1.426619974640785460e-04 1.760760772518880912e-02 1.760784870640008659e-02 1.784600895224943209e-02 1.768715512794610811e-02
7.600000000000001421e+00 1.409565306608860256e-04 1.409565205303730064e-04 1.462087559239012402e-04 1.427072690383867574e-04 1.775958970226646644e-02 1.775983580034364365e-02 1.800406305861136300e-02 1.784116285374049218e-02
7.609999999999999432e+00 1.436051608902290822e-04 1.436051570912866933e-04 1.501641691488047659e-04 1.457914957101068471e-04 1.791626387326209630e-02 1.791651511966504962e-02 1.816689215036646973e-02 1.799989038109787304e-02
7.620000000000000995e+00 1.519433215048285432e-04 1.519433050427448667e-04 1.615671721205478152e-04 1.551512662227070660e-04 1.807784509934207834e-02 1.807810153162155500e-02 1.833471546780200342e-02 1.816355403292187892e-02
7.629999999999999005e+00 1.696403932268396352e-04 1.696403324437614660e-04 1.950064633895118576e-04 1.780957296867043105e-04 1.824454470275856804e-02 1.824480636710909542e-02 1.850774395481036630e-02 1.833236500822601339e-02
7.640000000000000568e+00 1.807750338431853509e-04 1.807750465063266384e-04 2.812272306549585621e-04 2.142591036681568595e-04 1.841656540971521941e-02 1.841683236325512146e-02 1.868617496810379489e-02 1.850652424702471308e-02
7.650000000000002132e+00 2.197896276314320889e-04 2.197896453598298589e-04 2.529461167649899164e-04 2.308417965854172790e-04 1.859409743624741707e-02 1.859436974852632374e-02 1.887018893733820313e-02 1.868621870737064913e-02
7.660000000000000142e+00 2.581200888801117414e-04 2.581201066085095927e-04 1.869258178834838971e-04 2.343886711240350952e-04 1.877731614522745035e-02 1.877759389853208769e-02 1.905994830596980175e-02 1.887161944990978224e-02
7.670000000000001705e+00 2.050604910452423556e-04 2.050604796484151887e-04 1.615787462316835732e-04 1.905665723084470301e-04 1.896638145664107655e-02 1.896666474485445703e-02 1.925559885776782429e-02 1.906288168642111813e-02
7.679999999999999716e+00 1.652159220529192017e-04 1.652159233192333765e-04 1.518427584346169362e-04 1.607582012689231805e-04 1.916143899611391643e-02 1.916172792215333973e-02 1.945727340604629790e-02 1.926014677477118353e-02
7.690000000000001279e+00 1.524176650490183932e-04 1.524176650490183661e-04 1.482205973000045283e-04 1.510186424660137625e-04 1.936262286737221519e-02 1.936291753952773184e-02 1.966509776165359380e-02 1.946354605618451708e-02
7.699999999999999289e+00 1.478987534336982830e-04 1.478987534336982830e-04 1.469865336595951573e-04 1.475946801756639168e-04 1.957005992989096360e-02 1.957036045764371304e-02 1.987919883505204904e-02 1.967320640752890856e-02
7.710000000000000853e+00 1.463564904617187300e-04 1.463564904617187300e-04 1.468817233717960758e-04 1.465315680984111786e-04 1.978387550246253970e-02 1.978418199252449106e-02 2.009971457215584817e-02 1.988925735571429182e-02
7.719999999999998863e+00 1.461392644034639852e-04 1.461392644034640123e-04 1.474001523760603150e-04 1.465595603943294013e-04 2.000420042763052450e-02 2.000451298097707595e-02 2.032680511799159553e-02 2.011183950886639982e-02
7.730000000000000426e+00 1.466182667173330590e-04 1.466182667173330590e-04 1.483065141810043462e-04 1.471810158718901728e-04 2.023117934192346715e-02 2.023149805248474278e-02 2.056066417422523079e-02 2.034111385621114806e-02
7.740000000000001990e+00 1.475140978539833366e-04 1.475140978539833366e-04 1.494792223692529719e-04 1.481691393590732150e-04 2.046497977227778112e-02 2.046530472772782258e-02 2.080152907497119855e-02 2.057727119165893293e-02
7.750000000000000000e+00 1.486876760000383575e-04 1.486876760000383575e-04 1.508502746057842456e-04 1.494085422019536264e-04 2.070580133966325870e-02 2.070613262443054062e-02 2.104968784233167065e-02 2.082054060214182795e-02
7.760000000000001563e+00 1.500637010521528017e-04 1.500637010521528017e-04 1.523796287715365046e-04 1.508356769586140450e-04 2.095388399471108040e-02 2.095422169497217907e-02 2.130548158573041667e-02 2.107119575847122422e-02
7.769999999999999574e+00 1.515987903545936420e-04 1.515987903545936420e-04 1.540426145346555442e-04 1.524133984146142941e-04 2.120951397309686973e-02 2.120985818316634131e-02 2.156930118126340959e-02 2.132955777917553905e-02
7.780000000000001137e+00 1.532668844289076528e-04 1.532668844289076528e-04 1.558237398080917970e-04 1.541191695553023675e-04 2.147302618118294634e-02 2.147337701042479133e-02 2.184157816398329607e-02 2.159599378519700547e-02
7.789999999999999147e+00 1.550518947540905246e-04 1.550518947540905246e-04 1.577133198213892876e-04 1.559390364431901123e-04 2.174480209602311365e-02 2.174515967525911253e-02 2.212277097631859882e-02 2.187091091586694167e-02
7.800000000000000711e+00 1.569439086231432423e-04 1.569439086231432423e-04 1.597053155224685886e-04 1.578643775895849973e-04 2.202526297325733962e-02 2.202562745967715646e-02 2.241334880442039101e-02 2.215474641245162440e-02
7.810000000000002274e+00 1.589368274672223300e-04 1.589368274672223300e-04 1.617963471189203797e-04 1.598900006844550313e-04 2.231485906882109752e-02 2.231523064861920189e-02 2.271377586824770839e-02 2.244795519522933477e-02
7.820000000000000284e+00 1.610274006579595835e-04 1.610274006579595564e-04 1.639848798380207659e-04 1.620132270513133200e-04 2.261405646439002340e-02 2.261443535275271116e-02 2.302449899460511096e-02 2.275099693724928415e-02
7.830000000000001847e+00 1.632141276131125003e-04 1.632141276131125003e-04 1.662708047767546692e-04 1.642330200009932233e-04 2.292332368891629793e-02 2.292371012743413608e-02 2.334594058359036606e-02 2.306432479998026669e-02
7.839999999999999858e+00 1.654970020011105043e-04 1.654970020011105043e-04 1.686550919317445830e-04 1.665496986446551701e-04 2.324312045695457393e-02 2.324351470906725267e-02 2.367849789176717026e-02 2.338837768592966562e-02
7.850000000000001421e+00 1.678770875258216112e-04 1.678770875258215841e-04 1.711396205131574335e-04 1.689645985216002458e-04 2.357389043649840352e-02 2.357429278174560244e-02 2.402254823614853249e-02 2.372357715146418064e-02
7.859999999999999432e+00 1.703563710341136775e-04 1.703563710341136775e-04 1.737271510857937092e-04 1.714799643846736971e-04 2.391605912138202242e-02 2.391646984957383759e-02 2.437845863650341116e-02 2.407032920248642141e-02
7.870000000000000995e+00 1.729376257539283978e-04 1.729376257539283978e-04 1.764210938336017336e-04 1.740987817804861854e-04 2.427003684523385343e-02 2.427045625138954041e-02 2.474659781658381311e-02 2.442903030440240000e-02
7.879999999999999005e+00 1.756243340491195402e-04 1.756243340491195402e-04 1.792255680764420669e-04 1.768247453915603915e-04 2.463622601025637279e-02 2.463665439098127602e-02 2.512734843640181820e-02 2.480007627921315336e-02
7.890000000000000568e+00 1.784207355393897744e-04 1.784207355393897744e-04 1.821454263300555532e-04 1.796622991362783583e-04 2.501503095462600731e-02 2.501546860619780280e-02 2.552111784847517495e-02 2.518387246976632951e-02
7.900000000000002132e+00 1.813316371531714123e-04 1.813316371531714123e-04 1.851861871914148739e-04 1.826164871659192600e-04 2.540686866363961807e-02 2.540731588200519434e-02 2.592834635139923752e-02 2.558084363234801664e-02
7.910000000000000142e+00 1.843626486620543350e-04 1.843626486620543350e-04 1.883541898290478863e-04 1.856931623843854917e-04 2.581217871380899614e-02 2.581263579593002372e-02 2.634951261553782065e-02 2.599144237509228017e-02
7.920000000000001705e+00 1.875200636472578678e-04 1.875200636472578678e-04 1.916565218031326945e-04 1.888988830325494586e-04 2.623143133916971265e-02 2.623189858571182628e-02 2.678513653407652365e-02 2.641615548631935650e-02
7.929999999999999716e+00 1.908109987941848890e-04 1.908109987941848890e-04 1.951011672242502766e-04 1.922410549375400362e-04 2.666513307488659057e-02 2.666561079374804230e-02 2.723578006374433730e-02 2.685550797745965557e-02
7.940000000000001279e+00 1.942434318818459362e-04 1.942434318818459362e-04 1.986970852648607493e-04 1.957279830095175405e-04 2.711382999166869409e-02 2.711431850215062847e-02 2.770204672701279472e-02 2.731006507361070576e-02
7.949999999999999289e+00 1.978263790668367979e-04 1.978263790668367979e-04 2.024545140746942141e-04 1.993690907361225762e-04 2.757810891328349792e-02 2.757860855079066753e-02 2.818458040591327943e-02 2.778043262332914598e-02
7.960000000000000853e+00 2.015699835253278787e-04 2.015699835253278787e-04 2.063848074262279774e-04 2.031749248256279207e-04 2.805859717823670774e-02 2.805910829942058482e-02 2.868406387245072200e-02 2.826725645003600601e-02
7.969999999999998863e+00 2.054855407793466926e-04 2.054855407793466926e-04 2.105009931592174304e-04 2.071573582393036142e-04 2.855596150126852098e-02 2.855648448951311758e-02 2.920121731724478406e-02 2.877122110267547536e-02
7.980000000000000426e+00 2.095860558749942698e-04 2.095860558749942698e-04 2.148178099038058995e-04 2.113299738845981373e-04 2.907090635256745492e-02 2.907144162357802597e-02 2.973679695592761421e-02 2.929304831069102708e-02
7.990000000000001990e+00 2.138863066981519197e-04 2.138863066981518926e-04 2.193521857472648692e-04 2.157082663811895696e-04 2.960417207628113223e-02 2.960472008330397239e-02 3.029159364427203363e-02 2.983349526795238058e-02
8.000000000000000000e+00 2.184030972373064662e-04 2.184030972373064662e-04 2.241237510912165746e-04 2.203099818552764933e-04 3.015653278877390014e-02 3.015709402671381059e-02 3.086643133176601023e-02 3.039335271575124148e-02
8.010000000000001563e+00 2.231559034037565339e-04 2.231559034037565339e-04 2.291551754911918745e-04 2.251556607662349898e-04 3.072879400150179199e-02 3.072936900902375687e-02 3.146216515127310542e-02 3.097344272059955259e-02
8.019999999999999574e+00 2.281674681992524386e-04 2.281674681992524386e-04 2.344732883446341289e-04 2.302694082477130201e-04 3.132178996378108538e-02 3.132237932250878792e-02 3.207967900952350682e-02 3.157461609860445079e-02
8.030000000000001137e+00 2.334645235150496290e-04 2.334645235150495748e-04 2.401099171908526602e-04 2.356796547403172790e-04 3.193638095236323027e-02 3.193698528265217357e-02 3.271988275410125935e-02 3.219774966303889235e-02
8.039999999999999147e+00 2.390788285094943720e-04 2.390788285094943720e-04 2.461034414784580779e-04 2.414203661658156073e-04 3.257345113146901255e-02 3.257407108504726395e-02 3.338370935593913680e-02 3.284374385748513314e-02
8.050000000000000711e+00 2.450489171215210768e-04 2.450489171215210768e-04 2.525006895039275437e-04 2.475328412489898630e-04 3.323390808556340309e-02 3.323454433638931005e-02 3.407211303062480240e-02 3.351352181752584314e-02
8.060000000000002274e+00 2.514218582472912598e-04 2.514218582472912598e-04 2.593601586484332411e-04 2.540679583810052716e-04 3.391868551854951980e-02 3.391933875455514086e-02 3.478606972143814119e-02 3.420803133151426728e-02
8.070000000000000284e+00 2.582568014197536414e-04 2.582567887566123810e-04 2.667559181579876580e-04 2.610898361114512268e-04 3.462875069467342276e-02 3.462942161398881169e-02 3.552658167442774434e-02 3.492825132769666191e-02
8.080000000000001847e+00 2.656293076029637990e-04 2.656292569503986489e-04 2.747843889892875348e-04 2.686809845142166609e-04 3.536511775409413583e-02 3.536580706974336297e-02 3.629468771810583083e-02 3.567520418064777654e-02
8.089999999999999858e+00 2.736384025617814744e-04 2.736383772354988452e-04 2.835741438147558187e-04 2.769503078706787489e-04 3.612886697531675351e-02 3.612957543172221064e-02 3.709148015228637407e-02 3.644997418644178172e-02
8.100000000000001421e+00 2.824185561935264486e-04 2.824185435303851882e-04 2.933024336882345809e-04 2.860465111373820726e-04 3.692116847340873309e-02 3.692189687635712841e-02 3.791812776906920007e-02 3.725373103961168719e-02
8.109999999999999432e+00 2.921587152293327809e-04 2.921587152293328351e-04 3.042223200915045601e-04 2.961799168500566892e-04 3.774330705580263706e-02 3.774405631501509539e-02 3.877590269892852021e-02 3.808775535658207728e-02
8.120000000000000995e+00 3.031366963258824449e-04 3.031366963258824449e-04 3.167114508218930652e-04 3.076616144912193364e-04 3.859670356502628574e-02 3.859747474570289494e-02 3.966620694145078091e-02 3.895346175072664924e-02
8.129999999999999005e+00 3.157845532007248638e-04 3.157845785270074388e-04 3.313633156536391778e-04 3.209774824604571782e-04 3.948292757034938677e-02 3.948372194775254945e-02 4.059059322080889320e-02 3.985241424630360518e-02
8.140000000000000568e+00 3.308225146776644040e-04 3.308225146776644040e-04 3.491713468848580857e-04 3.369387920800622437e-04 4.040369713270357266e-02 4.040451624269075087e-02 4.155077478056378587e-02 4.078632938531936980e-02
8.150000000000002132e+00 3.495648375382484608e-04 3.495647615594007899e-04 3.719353415908124892e-04 3.570216468961539494e-04 4.136086357111026790e-02 4.136170924993499975e-02 4.254862020041842718e-02 4.175706434048789134e-02
8.160000000000000142e+00 3.747198637882420257e-04 3.747192053048951292e-04 4.032624918068004058e-04 3.842338536333125202e-04 4.235638225591176892e-02 4.235725666456167937e-02 4.358613211213060307e-02 4.276659034420134814e-02
8.170000000000001705e+00 4.128871034773109951e-04 4.128825447464478694e-04 4.514203560694930750e-04 4.257300014310839618e-04 4.339227362765402801e-02 4.339317925903231343e-02 4.466541215193146203e-02 4.381695501287259653e-02
8.179999999999999716e+00 4.840378373278822022e-04 4.840159807460218499e-04 5.391061538082136950e-04 5.023866572940392490e-04 4.447058095731413335e-02 4.447152062794363508e-02 4.578861763224700149e-02 4.491023973916825895e-02
8.190000000000001279e+00 6.449109287450683226e-04 6.452840608662127695e-04 7.428583017588890301e-04 6.776844304567233379e-04 4.559333210048553686e-02 4.559430893129181456e-02 4.695791727579163438e-02 4.604851943585633323e-02
8.199999999999999289e+00 8.310440618429359039e-04 8.306429441795487069e-04 1.238823149176515115e-03 9.668367183996664669e-04 4.676251140731878947e-02 4.676352879978441790e-02 4.817545332660121832e-02 4.723383117790146829e-02
8.210000000000000853e+00 9.921117097628461001e-04 9.881266571894475881e-04 1.540092781820621331e-03 1.173443716257638412e-03 4.798004535332148213e-02 4.798110696772583256e-02 4.944331543059145295e-02 4.846815591721292948e-02
8.219999999999998863e+00 1.084457540962324457e-03 1.090397364666676958e-03 1.264609895224291488e-03 1.146488266951097706e-03 4.924780212438564786e-02 4.924891186571202922e-02 5.076352845973969991e-02 4.975341414994579464e-02
8.230000000000000426e+00 1.284121506450650778e-03 1.281928528968959017e-03 1.541462156190932320e-03 1.369170730536847444e-03 5.056760226204724123e-02 5.056876427737398011e-02 5.213805291160603789e-02 5.109147315034241743e-02
8.240000000000001990e+00 1.212111831726624730e-03 1.206086949702252047e-03 1.478177552966683517e-03 1.298792111465186909e-03 5.194123533829873851e-02 5.194245402719013804e-02 5.356879363972621294e-02 5.248416100173836779e-02
8.250000000000000000e+00 1.513467520546285224e-03 1.517659425532596768e-03 1.399305081224621640e-03 1.476810675767834761e-03 5.337047688070576529e-02 5.337175691809465522e-02 5.505761113880193458e-02 5.393328164586744938e-02
8.260000000000001563e+00 1.415298505836843496e-03 1.416462641078440826e-03 9.858485454088872137e-04 1.272536564108057251e-03 5.485710035337856838e-02 5.485844672264851563e-02 5.660632960302331568e-02 5.544062555968345962e-02
8.269999999999999574e+00 1.285942187578523448e-03 1.286174885462801993e-03 8.595409543941102916e-04 1.143886009145145136e-03 5.640288048978744917e-02 5.640429852295825858e-02 5.821673720433771099e-02 5.700797207236113495e-02
8.280000000000001137e+00 1.027429160157981337e-03 1.027015936531524253e-03 8.051576885310890528e-04 9.532009284068647002e-04 5.800958611189808295e-02 5.801108153346744983e-02 5.989057593318287270e-02 5.863708119284946618e-02
8.289999999999999147e+00 8.945539828727212253e-04 8.941120645681092894e-04 8.284927174628396902e-04 8.723862549678900683e-04 5.967896222810292750e-02 5.968054119882880426e-02 6.162952026645488607e-02 6.032967456446219900e-02
8.300000000000000711e+00 8.982929272952188803e-04 8.985212437326122164e-04 9.600738103506212219e-04 9.189626604594841423e-04 6.141270234088760938e-02 6.141437149811451723e-02 6.343514542912932763e-02 6.208740642271046856e-02
8.310000000000002274e+00 1.039105766759300170e-03 1.038944653612713627e-03 1.298648130282446626e-03 1.125566183551486880e-03 6.321241243470512861e-02 6.321417892614870915e-02 6.530888689108889367e-02 6.391182608398091047e-02
8.320000000000000284e+00 1.461062325994184723e-03 1.460332954382371909e-03 2.259810071700665054e-03 1.727068450692407229e-03 6.507956814576731919e-02 6.508143965363005767e-02 6.725199300214999842e-02 6.580433360051581027e-02
8.330000000000001847e+00 2.430171085042374685e-03 2.427532820860488563e-03 3.103656518731560954e-03 2.653786808211475168e-03 6.701546634666512292e-02 6.701745109913978538e-02 6.926547252578407754e-02 6.776612999052966657e-02
8.339999999999999858e+00 2.847566975953546436e-03 2.839841256770435710e-03 2.337191450958371088e-03 2.674866561227451367e-03 6.902117202919515193e-02 6.902327879646180664e-02 7.135003851528518015e-02 6.979816311364739345e-02
8.350000000000001421e+00 3.322721809616156069e-03 3.358227877500751836e-03 2.930726736527345441e-03 3.203892141214751549e-03 7.109746111860557050e-02 7.109969919041292385e-02 7.350604969049402693e-02 7.190106999983750247e-02
8.359999999999999432e+00 3.566149971284433753e-03 3.555036507239260710e-03 3.135885720219199098e-03 3.419024066247631187e-03 7.324475980726713464e-02 7.324713894945304726e-02 7.573345036134516983e-02 7.407511637268844595e-02
8.370000000000000995e+00 2.685455366002846740e-03 2.657284865918328569e-03 2.894344619865416891e-03 2.745694950595530589e-03 7.546308118937397613e-02 7.546561157675439613e-02 7.803171005431161489e-02 7.632013427347998646e-02
8.379999999999999005e+00 2.980880145969620060e-03 2.959906248372703042e-03 2.547478639640109264e-03 2.829421677994144266e-03 7.775196039618995081e-02 7.775465251990530680e-02 8.039976433218397334e-02 7.863545908275973439e-02
8.390000000000000568e+00 3.249942557806733117e-03 3.333763916860179796e-03 3.566093227748329524e-03 3.383266567471747335e-03 8.011039002046273227e-02 8.011325456852962101e-02 8.283595882147133660e-02 8.101986780348789663e-02
8.400000000000002132e+00 2.853891012027669118e-03 2.809413247836230025e-03 4.636313928204055697e-03 3.433206062689318425e-03 8.253675830188995921e-02 8.253980601276238172e-02 8.533799911009858075e-02 8.347152114158362668e-02
8.410000000000000142e+00 2.966453307691161150e-03 2.908418713680202897e-03 3.330688571693652972e-03 3.068520197688338717e-03 8.502879323578771409e-02 8.503203472590638301e-02 8.790290988203564027e-02 8.598791261457658375e-02
8.420000000000001705e+00 3.633031770260248053e-03 3.637898772634819925e-03 2.658934151428889777e-03 3.309954898107986352e-03 8.758351637977618287e-02 8.758696194784373890e-02 9.052700732940241468e-02 8.856582855234079732e-02
8.429999999999999716e+00 3.097069456549779790e-03 3.170977184194937685e-03 2.908690717955033766e-03 3.058912452899916791e-03 9.019721056082816157e-02 9.020086997214055158e-02 9.320588940838285541e-02 9.120132331378384694e-02
8.440000000000001279e+00 3.146192529501288214e-03 3.209311324086161401e-03 4.066431250487152413e-03 3.473978368024867053e-03 9.286540592650857628e-02 9.286928818211606651e-02 9.593444880685868259e-02 9.388971430516111771e-02
8.449999999999999289e+00 4.464754399192156359e-03 4.397086624362978556e-03 7.372921888812378893e-03 5.411587637455838803e-03 9.558288873795844909e-02 9.558700183323766419e-02 9.870691339257879615e-02 9.662560132125828927e-02
8.460000000000000853e+00 7.198641253348299351e-03 7.072053528321984271e-03 1.498379586514887209e-02 9.751496882273051614e-03 9.834373706965153505e-02 9.834808774650442842e-02 1.015169183607663728e-01 9.940291439230743153e-02
8.469999999999998863e+00 1.222808396035424995e-02 1.224406089375757421e-02 1.680314550170449242e-02 1.375843011860544002e-02 1.011413871692180555e-01 1.011459806654487342e-01 1.043576132959681824e-01 1.022149937102116574e-01
8.480000000000000426e+00 1.367378983420500065e-02 1.374774975931854389e-02 1.045796738879535386e-02 1.262650232743963222e-02 1.039687336528170025e-01 1.039735734518297122e-01 1.072218058316964928e-01 1.050547043121144303e-01
8.490000000000001990e+00 1.485991887546202379e-02 1.503275935719389049e-02 9.253269737649913104e-03 1.304864932343527580e-02 1.068182659579017396e-01 1.068233535424110564e-01 1.101021416721306156e-01 1.079145870574811511e-01
8.500000000000000000e+00 1.039412865663892800e-02 1.028440888162626861e-02 6.149245025422309455e-03 8.942594187895834199e-03 1.096822424283684372e-01 1.096875770438863751e-01 1.129913185164973383e-01 1.107870459962507215e-01
8.510000000000001563e+00 6.246202215500070223e-03 6.187062762411875069e-03 5.234558040849792565e-03 5.889274339587246242e-03 1.125529018959458838e-01 1.125584803332605327e-01 1.158823290179267912e-01 1.136645704157110554e-01
8.519999999999999574e+00 5.402388857257352933e-03 5.366362384918452536e-03 5.940334358187823391e-03 5.569695200121209909e-03 1.154227104737403781e-01 1.154285268838332323e-01 1.187687254212867749e-01 1.165399875929534479e-01
8.530000000000001137e+00 6.385578130332961698e-03 6.313778359838898187e-03 8.445278531961444152e-03 7.048211674044433522e-03 1.182846384117954980e-01 1.182906841703805778e-01 1.216448960545096075e-01 1.194067395455618991e-01
8.539999999999999147e+00 9.531044264060640342e-03 9.486486608110824420e-03 1.517416984627412320e-02 1.139723357281519599e-02 1.211324583746676009e-01 1.211387220155908800e-01 1.245063415047224231e-01 1.222591739649936393e-01
8.550000000000000711e+00 1.301168439835878252e-02 1.335618102887056388e-02 2.370550559216710179e-02 1.669112367313214940e-02 1.239610527018538966e-01 1.239675199375202264e-01 1.273499362531580470e-01 1.250928362975107511e-01
8.560000000000002274e+00 1.888730405159169332e-02 1.884622475794298785e-02 3.110528868823383281e-02 2.294627249925617479e-02 1.267667136113722337e-01 1.267733674540298949e-01 1.301741600038734681e-01 1.279047470230919026e-01
8.570000000000000284e+00 3.135772929619760896e-02 3.117487898117310766e-02 6.501602389529594073e-02 4.251621072422221564e-02 1.295474175099890490e-01 1.295542385003143615e-01 1.329792822159027166e-01 1.306936460754020424e-01
8.580000000000001847e+00 5.465981633220575592e-02 5.456280299375953352e-02 6.964278647190076665e-02 5.962180193262201638e-02 1.323030531474738425e-01 1.323100196877133594e-01 1.357674837419815539e-01 1.334601855257228908e-01
8.589999999999999858e+00 6.107276652623885860e-02 6.103621804122669886e-02 4.141108491902001365e-02 5.450668982882852370e-02 1.350355836935238085e-01 1.350426724728983341e-01 1.385429012203791554e-01 1.362070524622670809e-01
8.600000000000001421e+00 6.962832833033705260e-02 7.005882144235474340e-02 3.648596974287787731e-02 5.872437317185656008e-02 1.377491250603874451e-01 1.377563115518703196e-01 1.413115830261398032e-01 1.389390065461325596e-01
8.609999999999999432e+00 4.412744940468395910e-02 4.397116370081860515e-02 2.057823701296186691e-02 3.622561670615481733e-02 1.404499267974079202e-01 1.404571857988023142e-01 1.440813500154706495e-01 1.416628208705603131e-01
8.620000000000000995e+00 2.385566664111789248e-02 2.380748300862899763e-02 1.290484256280314060e-02 2.018933073751667806e-02 1.431462472607352987e-01 1.431535534497372364e-01 1.468615596255212763e-01 1.443871201119979186e-01
8.629999999999999005e+00 1.392061147713834213e-02 1.391418265357007543e-02 1.363990604135060548e-02 1.382490005735300710e-02 1.458481209724233896e-01 1.458554494449939287e-01 1.496627776037716684e-01 1.471221160070629863e-01
8.640000000000000568e+00 1.186884612908157936e-02 1.186530108267845954e-02 1.794435843147130713e-02 1.389283521441044868e-02 1.485670225317220483e-01 1.485743492955249601e-01 1.524963671672946997e-01 1.498792463315139212e-01
8.650000000000002132e+00 1.522163514941040838e-02 1.522396668698405495e-02 1.554484924358269689e-02 1.533015035999238558e-02 1.513154375657446704e-01 1.513227399650985683e-01 1.553740102214840879e-01 1.526707292507757940e-01
8.660000000000000142e+00 1.462485295843675946e-02 1.463291659354509777e-02 1.174807395169103277e-02 1.366861450122429551e-02 1.541063565438800242e-01 1.541136135987933309e-01 1.583071790362917397e-01 1.555090497263216520e-01
8.670000000000001705e+00 1.497732858362051632e-02 1.499476155033523106e-02 1.450742206484289566e-02 1.482650406626621550e-02 1.569527115060837530e-01 1.569599041549996077e-01 1.613065793121335467e-01 1.584063983244055895e-01
8.679999999999999716e+00 1.118944795814725071e-02 1.118230341383347724e-02 1.062163666642940846e-02 1.099779601280337880e-02 1.598667786969537874e-01 1.598738899400854174e-01 1.643815868808487790e-01 1.613740851726293002e-01
8.690000000000001279e+00 6.199512567756997571e-03 6.196560156366080069e-03 6.060042236542672461e-03 6.152038320221916989e-03 1.628595717245992502e-01 1.628665866718103372e-01 1.675397005388300775e-01 1.644219529784131939e-01
8.699999999999999289e+00 4.425969603428833894e-03 4.425091414580624091e-03 4.549745528585073286e-03 4.466935515531509845e-03 1.659402502707893745e-01 1.659471561035839315e-01 1.707860329426988677e-01 1.675578131056907061e-01
8.710000000000000853e+00 3.760754910523723092e-03 3.760425668850277212e-03 4.089111746972093862e-03 3.870097442115364578e-03 1.691155687431031840e-01 1.691223546050788229e-01 1.741228603792658591e-01 1.707869279091493164e-01
8.719999999999998863e+00 3.538757507263692436e-03 3.538598204946309493e-03 4.108379615522345443e-03 3.728578442577448835e-03 1.723893877962299481e-01 1.723960446292394921e-01 1.775492507534257858e-01 1.741115610596317420e-01
8.730000000000000426e+00 3.575447566195422838e-03 3.575339043074598870e-03 4.509364239947211486e-03 3.886716949739077876e-03 1.757622695868487073e-01 1.757687899313932767e-01 1.810607874516897420e-01 1.775306156566439086e-01
8.740000000000001990e+00 3.840136344305623579e-03 3.840015917831990106e-03 5.430879950089818886e-03 4.370344070742477813e-03 1.792311751246358498e-01 1.792375529026770664e-01 1.846494048371231933e-01 1.810393776214787032e-01
8.750000000000000000e+00 4.403989809203833795e-03 4.403771370016643094e-03 7.407675753441422817e-03 5.405145644220632657e-03 1.827892792466767613e-01 1.827955095434935784e-01 1.883033488983409387e-01 1.846293792295037872e-01
8.760000000000001563e+00 5.522622205323024676e-03 5.522058062378715736e-03 1.229137684780552686e-02 7.778685705169089380e-03 1.864259155777320820e-01 1.864319944364882797e-01 1.920072737986233402e-01 1.882883946042812340e-01
8.769999999999999574e+00 8.047413117824517292e-03 8.045526689667088088e-03 2.677212710799829407e-02 1.428835563849663315e-02 1.901266602630079516e-01 1.901325845027272421e-01 1.957424814786396239e-01 1.920005754147915966e-01
8.780000000000001137e+00 1.387309101335861515e-02 1.386816606444951985e-02 4.115969121093580874e-02 2.296698276291464849e-02 1.938735591379376344e-01 1.938793262017667329e-01 1.994873067923388088e-01 1.957467307106810772e-01
8.789999999999999147e+00 1.915660778491229746e-02 1.915671858739855307e-02 2.114401676958627824e-02 1.981911438063237510e-02 1.976454981577082382e-01 1.976511059952979488e-01 2.032176447099996730e-01 1.995047496210019533e-01
8.800000000000000711e+00 2.835318527218017720e-02 2.842452814387348703e-02 1.361420919727438991e-02 2.346397420444268703e-02 2.014187112460092410e-01 2.014241582305203171e-01 2.069076088968690164e-01 2.032501594577995341e-01
8.810000000000002274e+00 3.437970451408998984e-02 3.430617079232271827e-02 1.160200219829270706e-02 2.676262583490180216e-02 2.051674132294655784e-01 2.051726981070032818e-01 2.105303026545929657e-01 2.069568046636872938e-01
8.820000000000000284e+00 2.044630035172990620e-02 2.047001486967972225e-02 1.222558209086715975e-02 1.771396577075893056e-02 2.088645383436972258e-01 2.088696602107539546e-01 2.140586742831435685e-01 2.105976242791982589e-01
8.830000000000001847e+00 1.627022099960977533e-02 1.627671693782686141e-02 1.556857572820103189e-02 1.603850455521255852e-02 2.124825573026883352e-01 2.124875156058173564e-01 2.174664201440944522e-01 2.141454976842000757e-01
8.839999999999999858e+00 1.990964908715461487e-02 1.991031402870355876e-02 2.329291365385003157e-02 2.103762558990273507e-02 2.159943386816644273e-01 2.159991332326167690e-01 2.207288910243688784e-01 2.175741209795500342e-01
8.850000000000001421e+00 3.449159413102520499e-02 3.448741972650015003e-02 4.241744204223611009e-02 3.713215196658715966e-02 2.193740141300923874e-01 2.193786451290443973e-01 2.238239519208377049e-01 2.208588703933248021e-01
8.859999999999999432e+00 6.579107145772854215e-02 6.579198573652940418e-02 9.662993626423310722e-02 7.607099781949701323e-02 2.225978025631603907e-01 2.226022706232501924e-01 2.267327431387210768e-01 2.239776054417105811e-01
8.870000000000000995e+00 6.183540003137417279e-02 6.184070208863077373e-02 1.412058172602496109e-01 8.829397312675153764e-02 2.256447468360371911e-01 2.256490530036233122e-01 2.294402924868002847e-01 2.269113641088203182e-01
8.879999999999999005e+00 8.192833390593082243e-02 8.191975969296581839e-02 1.413805315069976420e-01 1.017428750352980943e-01 2.284973182106999345e-01 2.285014639770243938e-01 2.319359348623619976e-01 2.296449056833621272e-01
8.890000000000000568e+00 1.358210051090237291e-01 1.358239404251739002e-01 2.003273242712447222e-01 1.573240899351474598e-01 2.311418496307068304e-01 2.311458369326649109e-01 2.342135066520082409e-01 2.321670644051266885e-01
8.900000000000002132e+00 1.502732329857619231e-01 1.502768976988501926e-01 1.337150752002171095e-01 1.447550686282764176e-01 2.335687684868638647e-01 2.335725996964244655e-01 2.362712975589268682e-01 2.344708885807384458e-01
8.910000000000000142e+00 1.576477884451265576e-01 1.576433165834126848e-01 5.794476763834935373e-02 1.244119575556295182e-01 2.357726127726737231e-01 2.357762906762994881e-01 2.381117605551017757e-01 2.365535546680251067e-01
8.920000000000001705e+00 1.020489338316757227e-01 1.020530948132710031e-01 3.291609408547987309e-02 7.900604091014221120e-02 2.377518303860265969e-01 2.377553581563689455e-01 2.397410000126437013e-01 2.384160628516797942e-01
8.929999999999999716e+00 5.085795597864656986e-02 5.085784796205139457e-02 1.965585727136300725e-02 4.045722040402033315e-02 2.395083784786363468e-01 2.395117596416772021e-01 2.411680767478373844e-01 2.400627382893836814e-01
8.940000000000001279e+00 2.618741113049392194e-02 2.618709518511882009e-02 1.343572139773874762e-02 2.193674257111716611e-02 2.410471565187895515e-01 2.410503949192518425e-01 2.424041846996918825e-01 2.415005787125777681e-01
8.949999999999999289e+00 1.651069240642967159e-02 1.651061706073901972e-02 1.030692409879114049e-02 1.444274452198661060e-02 2.423753213209924318e-01 2.423784210883206947e-01 2.434617654524587893e-01 2.427385026205906293e-01
8.960000000000000853e+00 1.204601753176479800e-02 1.204599575116178239e-02 8.617663925721757295e-03 1.090322573621611314e-02 2.435015430150348492e-01 2.435045085315425961e-01 2.443536324408167593e-01 2.437865613291314293e-01
8.969999999999998863e+00 9.775978250511845047e-03 9.775969512944357800e-03 7.750427137157971449e-03 9.100791633538057521e-03 2.444352664452807133e-01 2.444381023170649203e-01 2.450921757380704336e-01 2.446551815001387353e-01
8.980000000000000426e+00 8.663749984835412976e-03 8.663743526633356506e-03 7.459815110668498520e-03 8.262436207379089334e-03 2.451860420045996469e-01 2.451887530344973032e-01 2.456887108515021789e-01 2.453545019635330338e-01
8.990000000000001990e+00 8.322512264386247929e-03 8.322503653450174371e-03 7.681939069362544829e-03 8.108984995732988754e-03 2.457629832994071839e-01 2.457655744610729720e-01 2.461530216848031027e-01 2.458938598150943733e-01
9.000000000000000000e+00 8.659227723819223552e-03 8.659213034575329385e-03 8.494786374460936915e-03 8.604409044285164440e-03 2.461743969014356936e-01 2.461768733133336828e-01 2.464931301625722937e-01 2.462814667924472511e-01
9.010000000000001563e+00 9.806166926075736770e-03 9.806138180745016877e-03 1.017296223403639163e-02 9.928422446952382338e-03 2.464276129870439092e-01 2.464299798853427370e-01 2.467153047341051619e-01 2.465242992021639823e-01
9.019999999999999574e+00 1.223316204463092451e-02 1.223309999523861970e-02 1.340680869828029392e-02 1.262435691271661387e-02 2.465290266153862542e-01 2.465312893251299098e-01 2.468242991142691467e-01 2.466282050182617702e-01
9.030000000000001137e+00 1.722210743063540966e-02 1.722194496253270576e-02 2.003612820041810946e-02 1.816006019786207612e-02 2.464843397161264882e-01 2.464865036207645743e-01 2.468237931740050739e-01 2.465982121702987584e-01
9.039999999999999147e+00 2.867299645104714675e-02 2.867247979488266041e-02 3.588816202740715416e-02 3.107787942444565493e-02 2.462989755604591269e-01 2.463010460704794513e-01 2.467169916397258245e-01 2.464390044235547916e-01
9.050000000000000711e+00 6.066481253939676188e-02 6.066299208620543060e-02 8.126019796562550246e-02 6.752933419707589369e-02 2.459786223729392707e-01 2.459806048946764356e-01 2.465073245757694875e-01 2.461555172811284165e-01
9.060000000000002274e+00 1.326839877851729022e-01 1.326870755655441825e-01 1.497735275122566712e-01 1.383815302876579278e-01 2.455298522086831747e-01 2.455317521145610749e-01 2.461991873637157935e-01 2.457535972289866533e-01
9.070000000000000284e+00 1.083844951372082976e-01 1.083895858466368406e-01 1.275656556007290499e-01 1.147799121948580719e-01 2.449607561154721058e-01 2.449625787168153990e-01 2.457986573187315726e-01 2.452406640503397017e-01
9.080000000000001847e+00 1.054317850227869807e-01 1.054295887275622651e-01 9.478875290278721000e-02 1.018833755510454853e-01 2.442815371524431345e-01 2.442832876757975447e-01 2.453141288856524049e-01 2.446263179046310465e-01
9.089999999999999858e+00 1.147964774873528743e-01 1.147837700250719933e-01 6.032902870726822298e-02 9.663642540656437740e-02 2.435050086445819106e-01 2.435066922121921773e-01 2.447568186968326065e-01 2.439228398512022777e-01
9.100000000000001421e+00 7.015602561434015894e-02 7.016379318520522823e-02 5.174576125433898166e-02 6.402186001796145165e-02 2.426469551743222486e-01 2.426485767892702650e-01 2.441411044171476752e-01 2.431455454602466648e-01
9.109999999999999432e+00 4.010156630504739528e-02 4.010290733170962518e-02 5.969713457601939777e-02 4.663386940425880839e-02 2.417263269083241295e-01 2.417278914448708071e-01 2.434846757873937728e-01 2.423129647135295328e-01
9.120000000000000995e+00 3.717255842532884991e-02 3.717186701781460823e-02 4.173386018469416037e-02 3.869276187594587052e-02 2.407652523811680267e-01 2.407667645807370638e-01 2.428084910878984259e-01 2.414468360166011629e-01
9.129999999999999005e+00 2.684743317568313858e-02 2.684941369098033104e-02 2.192229393957255412e-02 2.520638026874533894e-02 2.397888692604170369e-01 2.397903337335526297e-01 2.421365459878166981e-01 2.405719163272621586e-01
9.140000000000000568e+00 2.871858413957232778e-02 2.872225645054537688e-02 1.730931644590892604e-02 2.491671901200887690e-02 2.388249855365600360e-01 2.388264067710086647e-01 2.414954732956875738e-01 2.397156218677520823e-01
9.150000000000002132e+00 2.520656042303537001e-02 2.519643750789104381e-02 2.027762273840138033e-02 2.356020688977593369e-02 2.379035939813718137e-01 2.379049763558665209e-01 2.409140007263075034e-01 2.389075236878486219e-01
9.160000000000000142e+00 2.099603058982513551e-02 2.099645265232421079e-02 3.031459924645320617e-02 2.410236082953418416e-02 2.370562699698993137e-01 2.370576177724605105e-01 2.404222991051495062e-01 2.381787289491697490e-01
9.170000000000001705e+00 1.685188617311543166e-02 1.685630548279296384e-02 2.381657982943488974e-02 1.917492382844775828e-02 2.363154866517095665e-01 2.363168041005495879e-01 2.400512555022089323e-01 2.375611820848226585e-01
9.179999999999999716e+00 9.728835844815219430e-03 9.727966013640260146e-03 1.190205162077297499e-02 1.045295115974281819e-02 2.357138821484505431e-01 2.357151734129496745e-01 2.398317050234786141e-01 2.370869201949596106e-01
9.190000000000001279e+00 6.612399379982060281e-03 6.612066465997641293e-03 7.376257018322395463e-03 6.866907621434032924e-03 2.352835114032967578e-01 2.352847806221471938e-01 2.397936520350797129e-01 2.367873146868412493e-01
9.199999999999999289e+00 5.499709682100293109e-03 5.499581024584823674e-03 5.433565105883888906e-03 5.477618604189667985e-03 2.350551111700799889e-01 2.350563624640817917e-01 2.399655072232576292e-01 2.366923269524731366e-01
9.210000000000000853e+00 4.432734772692807981e-03 4.432774788219273274e-03 4.467260358873881808e-03 4.444256639928654933e-03 2.350574011673083052e-01 2.350586386452614973e-01 2.403733618880603828e-01 2.368298005668767470e-01
9.219999999999998863e+00 3.778306480219725903e-03 3.778316863995580688e-03 3.922097652524937986e-03 3.826240332246748626e-03 2.353164384277224574e-01 2.353176661852006690e-01 2.410403159309002508e-01 2.372248068479411165e-01
9.230000000000000426e+00 3.424185811677736471e-03 3.424188344305994190e-03 3.598188833095396482e-03 3.482187663026375859e-03 2.358550360946397306e-01 2.358562582070213298e-01 2.419858716950211153e-01 2.378990553322273827e-01
9.240000000000001990e+00 3.217157191153797655e-03 3.217157950942274580e-03 3.410345568093086418e-03 3.281553570063053173e-03 2.366922529795882635e-01 2.366934734920246863e-01 2.432254025254793339e-01 2.388703763323641593e-01
9.250000000000000000e+00 3.101689249080157029e-03 3.101689502342983538e-03 3.318054125085432866e-03 3.173810958836191434e-03 2.378429565879322249e-01 2.378441795054486163e-01 2.447697028329051394e-01 2.401522796420952899e-01
9.260000000000001563e+00 3.054037835756386737e-03 3.054037709124973916e-03 3.301537070716820642e-03 3.136537538532726665e-03 2.393174602899942605e-01 2.393186895708303563e-01 2.466246255807416077e-01 2.417535918138553896e-01
9.269999999999999574e+00 3.063505762580818158e-03 3.063505762580818158e-03 3.352457157385137568e-03 3.159822894182258250e-03 2.411212348973176545e-01 2.411224744517703189e-01 2.487908133039860581e-01 2.436781742176914178e-01
9.280000000000001137e+00 3.126545792426890270e-03 3.126545539164064195e-03 3.470219951912118222e-03 3.241103761167691329e-03 2.432546958935625780e-01 2.432559495888620416e-01 2.512635296904495164e-01 2.459247250576247767e-01
9.289999999999999147e+00 3.244787241031354009e-03 3.244787114399941188e-03 3.660939320215955087e-03 3.383504558549083573e-03 2.457130695685413035e-01 2.457143412387820802e-01 2.540325999627372489e-01 2.484866702566868590e-01
9.300000000000000711e+00 3.424772646971230468e-03 3.424772393708404392e-03 3.938181982029512196e-03 3.595909007569715685e-03 2.484863437783067230e-01 2.484876372369566322e-01 2.570824692585637061e-01 2.513521500912757056e-01
9.310000000000002274e+00 3.678910115867384343e-03 3.678909609341733059e-03 4.325590402028690537e-03 3.894470042412602646e-03 2.515593114037031341e-01 2.515606304556647355e-01 2.603923883655315796e-01 2.545041100749664276e-01
9.320000000000000284e+00 4.027868426927440001e-03 4.027867287244723746e-03 4.862381974209440370e-03 4.306039229460534995e-03 2.549117162146534166e-01 2.549130646644243159e-01 2.639367350290159342e-01 2.579205053026978889e-01
9.330000000000001847e+00 4.505351290473559589e-03 4.505349517633780096e-03 5.614303221604968058e-03 4.875001343237436204e-03 2.585185112487362602e-01 2.585198929017737401e-01 2.676854762562245194e-01 2.615746268022448584e-01
9.339999999999999858e+00 5.167585713076921008e-03 5.167581787503122692e-03 6.696222511875286020e-03 5.677130004151776863e-03 2.623502385845557505e-01 2.623516572397531776e-01 2.716047724269262664e-01 2.654355560837450279e-01
9.350000000000001421e+00 6.113306080715978814e-03 6.113297976305555673e-03 8.322392724332505071e-03 6.849665593784679853e-03 2.663735363099399289e-01 2.663749957421742143e-01 2.756577176801843221e-01 2.694687499107661921e-01
9.359999999999999432e+00 7.530160139491583367e-03 7.530140764885413958e-03 1.093047443559382916e-02 8.663591779990275493e-03 2.705517735237346066e-01 2.705532774566701826e-01 2.798052033177512721e-01 2.736367514327186501e-01
9.370000000000000995e+00 9.818204381551154034e-03 9.818151576251989490e-03 1.553235875156462088e-02 1.172290490312258640e-02 2.748458075679711121e-01 2.748473596379851780e-01 2.840068824340589160e-01 2.779000165466717354e-01
9.379999999999999005e+00 1.398432189368411550e-02 1.398414650917730040e-02 2.489657394233543708e-02 1.762168078173228375e-02 2.792148497888781167e-01 2.792164535017008786e-01 2.882222054124108368e-01 2.822178362343299440e-01
9.390000000000000568e+00 2.314403583698463468e-02 2.314335202735517266e-02 4.834256504255336762e-02 3.154331763563106295e-02 2.836174176014859549e-01 2.836190762842319413e-01 2.924114881920412690e-01 2.865493273592530366e-01
9.400000000000002132e+00 4.447521130215527363e-02 4.447485040262862122e-02 1.146433732711042985e-01 6.786447832529607371e-02 2.880123422827776114e-01 2.880140590345603435e-01 2.965369691991239787e-01 2.908544568388207185e-01
9.410000000000000142e+00 6.599107615035944285e-02 6.599659094838966622e-02 1.622294917660920544e-01 9.807238628828039706e-02 2.923597946275224846e-01 2.923615722726396471e-01 3.005638073530329524e-01 2.950950580843983428e-01
9.420000000000001705e+00 9.928241380916175141e-02 9.928301784100111715e-02 8.844283362888175071e-02 9.566942175968153050e-02 2.966222852506564256e-01 2.966241262988683070e-01 3.044609732283099501e-01 2.992357949259449312e-01
9.429999999999999716e+00 1.455270864919457896e-01 1.455248109254566047e-01 6.332834690613960149e-02 1.181267481078473458e-01 3.007655936775698868e-01 3.007675002963953181e-01 3.082019886301901046e-01 3.032450275347184365e-01
9.440000000000001279e+00 9.995166791750582924e-02 9.993414466259371853e-02 6.296230196527902168e-02 8.761603818179286574e-02 3.047595809810312306e-01 3.047615549843941118e-01 3.117654765554400131e-01 3.070955375069551185e-01
9.449999999999999289e+00 7.298815729743261815e-02 7.297168508324730629e-02 1.047805871609717443e-01 8.358014318055055625e-02 3.085788448474569567e-01 3.085808877043256793e-01 3.151354934340241942e-01 3.107650753286022582e-01
9.460000000000000853e+00 6.644189132477636150e-02 6.649749011290831402e-02 1.762626085420949118e-01 1.030673299932598763e-01 3.122031834809609885e-01 3.122052963456762309e-01 3.183016280072724635e-01 3.142367026113032091e-01
9.469999999999998863e+00 9.001388334005337721e-02 8.999101370689017998e-02 1.068018946150808834e-01 9.560226388734148484e-02 3.156178452140165902e-01 3.156200289776037171e-01 3.212588652315448989e-01 3.174989131410550502e-01
9.480000000000000426e+00 1.767583375992891892e-01 1.767398240867285031e-01 9.461916441704282255e-02 1.493724420343534864e-01 3.188135532860141841e-01 3.188158086452441697e-01 3.240072280398149651e-01 3.205455299903577915e-01
9.490000000000001990e+00 1.366797224780348652e-01 1.367056008735677286e-01 7.942564574675621547e-02 1.176036563661196216e-01 3.217863089452175362e-01 3.217886364837442836e-01 3.265512234119925528e-01 3.233753896136514761e-01
9.500000000000000000e+00 9.044284547828955467e-02 9.047828454549361465e-02 4.824885007251800140e-02 7.638999336543372820e-02 3.245369896490216122e-01 3.245393899222028811e-01 3.288991308346401743e-01 3.259918368019549817e-01
9.510000000000001563e+00 6.098329244222029655e-02 6.090318667675681530e-02 4.561656086721657677e-02 5.583434666206456287e-02 3.270707715150505956e-01 3.270732451288094200e-01 3.310621798931333570e-01 3.284020655123310317e-01
9.519999999999999574e+00 3.221177725849080908e-02 3.219718552078651430e-02 2.920217734868336620e-02 3.120371337598689537e-02 3.293964152843001925e-01 3.293989629577376843e-01 3.330536688046383254e-01 3.306163490155586970e-01
9.530000000000001137e+00 2.131471021571303831e-02 2.137841468058240824e-02 1.904361571489668684e-02 2.057891353706404330e-02 3.315254621121075385e-01 3.315280847139066012e-01 3.348880768828681465e-01 3.326472079029608175e-01
9.539999999999999147e+00 1.785351204283154580e-02 1.798494531887108797e-02 1.652005958530202920e-02 1.745283898233488881e-02 3.334713890699700922e-01 3.334740876197131998e-01 3.365802213659748743e-01 3.345085660185526666e-01
9.550000000000000711e+00 1.831830504586318131e-02 1.820177248817531068e-02 1.816041530189107731e-02 1.822683094530985759e-02 3.352487742299609108e-01 3.352515498575331931e-01 3.381445032272536455e-01 3.362149424382491758e-01
9.560000000000002274e+00 2.316694991777374160e-02 2.311072810309049499e-02 2.590680491041815608e-02 2.406149431042746076e-02 3.368725178840655810e-01 3.368753717431079431e-01 3.395942782891852585e-01 3.377807226387862793e-01
9.570000000000000284e+00 3.941585201250225740e-02 3.939909107869560972e-02 5.024227924119093608e-02 4.301907411079626542e-02 3.383571603570386110e-01 3.383600934917856407e-01 3.409413800866767930e-01 3.392195446451669594e-01
9.580000000000001847e+00 8.509066168342779846e-02 8.508680449059197182e-02 7.088895240306895829e-02 8.035547285902958081e-02 3.397163287203934234e-01 3.397193418887743954e-01 3.421958104088217434e-01 3.405438270059965022e-01
9.589999999999999858e+00 9.427294564996865911e-02 9.431989551260204496e-02 6.642138121472906942e-02 8.500474079243325320e-02 3.409623352723341605e-01 3.409654287319109356e-01 3.433656031050821289e-01 3.417644557031090935e-01
9.600000000000001421e+00 7.689077408737088337e-02 7.700890346717495505e-02 1.156604989397232164e-01 8.985339216475633772e-02 3.421059406359761579e-01 3.421091139027403472e-01 3.444568571930227696e-01 3.428906372439130545e-01
9.609999999999999432e+00 6.949002504688682469e-02 6.941937864796425550e-02 9.214994380060541335e-02 7.701978249848548397e-02 3.431562843403804242e-01 3.431595359333854400e-01 3.454739269218882192e-01 3.439299157318846945e-01
9.620000000000000995e+00 3.715245822116498148e-02 3.709936166975121019e-02 4.130558664275486846e-02 3.851913551122368440e-02 3.441209762224679003e-01 3.441243034093315334e-01 3.464197493624878721e-01 3.448883429980957871e-01
9.629999999999999005e+00 2.364340668698142883e-02 2.362673832073758709e-02 2.513192855365575448e-02 2.413402452045825680e-02 3.450063332145223982e-01 3.450097317739613256e-01 3.472962842769083958e-01 3.457707830884640399e-01
9.640000000000000568e+00 2.131958653815959476e-02 2.131217366188196266e-02 2.101501291720252185e-02 2.121559103908135860e-02 3.458177382631105190e-01 3.458212022805312591e-01 3.481050363593725661e-01 3.465813256343380777e-01
9.650000000000002132e+00 2.653416529518166922e-02 2.652545862575881111e-02 2.348346133528431134e-02 2.551436175207492940e-02 3.465600914387704790e-01 3.465636131495453132e-01 3.488476263547821699e-01 3.473237769810326170e-01
9.660000000000000142e+00 4.619848615430740407e-02 4.619346889109832155e-02 3.552123744143710626e-02 4.263773082894760369e-02 3.472383179655563201e-01 3.472418876580375957e-01 3.495263750931799085e-01 3.480021935722579229e-01
9.670000000000001705e+00 8.048833770319153980e-02 8.053821743682433587e-02 5.155048088846976573e-02 7.085901200949520917e-02 3.478578942302880117e-01 3.478615002168467529e-01 3.501448633203300687e-01 3.486214192558216296e-01
9.679999999999999716e+00 6.971431523850817047e-02 6.981296541459705574e-02 7.241657032551940265e-02 7.064795032620820037e-02 3.484253512032878808e-01 3.484289798632670965e-01 3.507084306873792245e-01 3.491875872513113821e-01
9.690000000000001279e+00 9.274572838930850160e-02 9.282775591309361252e-02 1.401384967990427499e-01 1.085706603671482834e-01 3.489487155111338779e-01 3.489523514047426223e-01 3.512245797682872483e-01 3.497085488947211940e-01
9.699999999999999289e+00 9.691759471432268014e-02 9.662993411149907452e-02 1.245268014412163476e-01 1.060247767556793813e-01 3.494378519698700392e-01 3.494414780174190382e-01 3.517032558187757618e-01 3.501941952686882797e-01
9.710000000000000853e+00 9.877659108867956061e-02 9.871993784077265355e-02 1.197504605734227429e-01 1.057489965009583144e-01 3.499046778445155104e-01 3.499082755610644635e-01 3.521569802881215905e-01 3.506566445645671881e-01
9.719999999999998863e+00 1.191651647380157220e-01 1.193102315318584489e-01 1.041276449514443314e-01 1.142010137404394915e-01 3.503632282860075220e-01 3.503667780584285296e-01 3.526008256388838968e-01 3.511102773277733902e-01
9.730000000000000426e+00 1.227627546931702868e-01 1.229859350870892848e-01 1.093542590112078078e-01 1.183676495971558024e-01 3.508295637889645158e-01 3.508330451800784622e-01 3.530522302331723372e-01 3.515716130674050866e-01
9.740000000000001990e+00 9.183926299986873432e-02 9.171204313082940984e-02 6.659736684086221825e-02 8.338289099052012543e-02 3.513215232251424847e-01 3.513249152890193239e-01 3.535306639523960737e-01 3.520590341555192015e-01
9.750000000000000000e+00 4.442006408164160536e-02 4.437817896899713677e-02 3.162534047405388127e-02 4.014119450823087215e-02 3.518583388470897244e-01 3.518616204401891490e-01 3.540571665945361768e-01 3.525923752939383871e-01
9.760000000000001563e+00 2.376238031841507864e-02 2.374949379931641166e-02 1.903097954610125792e-02 2.218095122127758043e-02 3.524601412526351951e-01 3.524632913271956713e-01 3.546537905864549645e-01 3.531924077220952585e-01
9.769999999999999574e+00 1.578129698791141261e-02 1.577738863598478897e-02 1.371725561079739815e-02 1.509198041156453209e-02 3.531473912814978577e-01 3.531503891502693060e-01 3.553429858936069663e-01 3.538802554417913027e-01
9.780000000000001137e+00 1.212325598214680257e-02 1.212403020660504996e-02 1.116928697090521089e-02 1.180552438655235389e-02 3.539402809992367449e-01 3.539431065639995766e-01 3.561469672350681126e-01 3.546767849327681077e-01
9.789999999999999147e+00 1.033719854181096645e-02 1.034409678802671907e-02 9.984209932773695922e-03 1.022183508753712715e-02 3.548581465053957107e-01 3.548607804453173253e-01 3.570871013278504869e-01 3.556020094261878040e-01
9.800000000000000711e+00 9.599243472940182167e-03 9.623159841362107642e-03 9.681441695869824268e-03 9.634615003390705271e-03 3.559189309945278157e-01 3.559213549140726740e-01 3.581833449903717992e-01 3.566745436329907259e-01
9.810000000000002274e+00 9.654046256010878624e-03 9.695986959845592085e-03 1.016753486233361488e-02 9.839189359396694617e-03 3.571387276045646098e-01 3.571409241439996718e-01 3.594537542488391302e-01 3.579111353324678224e-01
9.820000000000000284e+00 1.053017075892849659e-02 1.049232962045383404e-02 1.164966956717449972e-02 1.089072331551894403e-02 3.585314190035769899e-01 3.585333719179788492e-01 3.609140713857491578e-01 3.593262874357682768e-01
9.830000000000001847e+00 1.252416445043997607e-02 1.250349225218420554e-02 1.482954744544308888e-02 1.328573471602242408e-02 3.601084157993276746e-01 3.601101100139487143e-01 3.625773828253803233e-01 3.609319695462189226e-01
9.839999999999999858e+00 1.695560984942386107e-02 1.694900133588074162e-02 2.172629915726137506e-02 1.854363678085532360e-02 3.618784804743009342e-01 3.618799021252840920e-01 3.644538277467290199e-01 3.627374034487713117e-01
9.850000000000001421e+00 2.785905746920159728e-02 2.785599564826996347e-02 3.901387021635365632e-02 3.157630777794174365e-02 3.638476095856642001e-01 3.638487460552052855e-01 3.665503271978394761e-01 3.647488942795696354e-01
9.859999999999999432e+00 5.526876526932735650e-02 5.526687934769557164e-02 8.945345424182184202e-02 6.666303295294824516e-02 3.660189362963356952e-01 3.660197762505681962e-01 3.688702978379391206e-01 3.669696701282810225e-01
9.870000000000000995e+00 8.089581542928983571e-02 8.091872596439937670e-02 1.519555918354722202e-01 1.045900444097204729e-01 3.683926095132172840e-01 3.683931429495538867e-01 3.714133143724828168e-01 3.693996889450846810e-01
9.879999999999999005e+00 9.957708865257526576e-02 9.962020462255276321e-02 1.046344943994220594e-01 1.012772625581833535e-01 3.709656061134192773e-01 3.709658244219312118e-01 3.741746907804696654e-01 3.720353737719400145e-01
9.890000000000000568e+00 1.305338912455562272e-01 1.305471539865825370e-01 6.539355291235773859e-02 1.088248660481654778e-01 3.737314394258434147e-01 3.737313354670273591e-01 3.771449623812669349e-01 3.748692457580458104e-01
9.900000000000002132e+00 1.161271962259414897e-01 1.160489229436535569e-01 4.098247747537127339e-02 9.105286554832210666e-02 3.766797400786698891e-01 3.766793082775691803e-01 3.803092677730826043e-01 3.778894387097738727e-01
9.910000000000000142e+00 7.544193647938544911e-02 7.547061862103049412e-02 2.628369975736432121e-02 5.906541828592675597e-02 3.797957035757472677e-01 3.797949400302709222e-01 3.836466501832663245e-01 3.810790979297615233e-01
9.920000000000001705e+00 3.887033996807465197e-02 3.887040201746694984e-02 2.729178609583878673e-02 3.501084269379346053e-02 3.830594209176545473e-01 3.830583235171179379e-01 3.871293197708466360e-01 3.844156880685396516e-01
9.929999999999999716e+00 2.384338744627532286e-02 2.384275808815338599e-02 3.637015531193234924e-02 2.801876694878701821e-02 3.864451320997198680e-01 3.864437006481494241e-01 3.907219395404669116e-01 3.878702574294454197e-01
9.940000000000001279e+00 1.817086416629211387e-02 1.817158976428782241e-02 2.228599037425016069e-02 1.954281476827670130e-02 3.899204649215122775e-01 3.899187012591160406e-01 3.943810152496611821e-01 3.914067271434297224e-01
9.949999999999999289e+00 1.365241323605203595e-02 1.365290469256535966e-02 1.471624943393399880e-02 1.400718912085046480e-02 3.934457406376662969e-01 3.934436487529969773e-01 3.980544815962880900e-01 3.949812903289837696e-01
9.960000000000000853e+00 1.181646339894211993e-02 1.181656521059806092e-02 1.250657104172516083e-02 1.204653321708844781e-02 3.969734411077588954e-01 3.969710272324549760e-01 4.016815809679661897e-01 3.985420164360600204e-01
9.969999999999998863e+00 1.133147838397229913e-02 1.133135783086725544e-02 1.221818243490903171e-02 1.162700621658286325e-02 4.004479371813636224e-01 4.004452098589515452e-01 4.051931255929974718e-01 4.020287575444375094e-01
9.980000000000000426e+00 1.167077028613140027e-02 1.167036000035372341e-02 1.298691336920515527e-02 1.210934788523009356e-02 4.038055736080887748e-01 4.038025437281579366e-01 4.085122183045514221e-01 4.053734452135993038e-01
9.990000000000001990e+00 1.273190885502512373e-02 1.273082045803156093e-02 1.467918416612595117e-02 1.338063782639421079e-02 4.069751911185230386e-01 4.069718719078657121e-01 4.115554815220214269e-01 4.085008481828034110e-01
1.000000000000000000e+01 1.463113754882577541e-02 1.462787641005029553e-02 1.749679629141945650e-02 1.558527008343184306e-02 4.098791417542818616e-01 4.098755487173790235e-01 4.142348097348068081e-01 4.113298334021558977e-01
1.001000000000000156e+01 1.772486643071478560e-02 1.771423483718498337e-02 2.199629543777893020e-02 1.914513223522623653e-02 4.124348201554399185e-01 4.124309709581788219e-01 4.164596199218524308e-01 4.137751370118236682e-01
1.001999999999999957e+01 2.279719062431104226e-02 2.279357783010203808e-02 2.940340787138023132e-02 2.499805877526443607e-02 4.145566950552178609e-01 4.145526093479853236e-01 4.181395316778389049e-01 4.157496120270139928e-01
1.003000000000000114e+01 3.181193338048558111e-02 3.186006091525857981e-02 4.264078218168244894e-02 3.543759215914220329e-02 4.161587798449912778e-01 4.161544790241729630e-01 4.191873634376764302e-01 4.171668741022800941e-01
1.003999999999999915e+01 5.030020019617199162e-02 5.038310704848801558e-02 7.003119295004359146e-02 5.690483339823453057e-02 4.171574429137316908e-01 4.171529498243075618e-01 4.195222976930790271e-01 4.179442301437060747e-01
1.005000000000000071e+01 8.152321038442907064e-02 8.128843827760792728e-02 1.326876246646766233e-01 9.849975777557121170e-02 4.174744185665480445e-01 4.174697571519755401e-01 4.190730378142102364e-01 4.180057378442446070e-01
1.006000000000000227e+01 1.418340369657808409e-01 1.419370769464280702e-01 2.114839023489340775e-01 1.650850054203809869e-01 4.170398524828459186e-01 4.170350473922878054e-01 4.177807662543644995e-01 4.172852220431660930e-01
1.007000000000000028e+01 2.681140780503753485e-01 2.680861634217236444e-01 4.417383674018984241e-01 3.259795362913324723e-01 4.157951998528262028e-01 4.157902760190227420e-01 4.156017155467840452e-01 4.157290638062109966e-01
1.008000000000000185e+01 3.749029905396407680e-01 3.749091207663375891e-01 8.144457352309377729e-01 5.214192821789719323e-01 4.136957934999581088e-01 4.136907757034741229e-01 4.125091819748276101e-01 4.132985837260866324e-01
1.008999999999999986e+01 4.623015831687299348e-01 4.622776751579812382e-01 4.966702878451415559e-01 4.737498487239508727e-01 4.107129141577257614e-01 4.107078265946048079e-01 4.084948458427234974e-01 4.099718621983513556e-01
1.010000000000000142e+01 5.866651755868454998e-01 5.867048973284325619e-01 2.008280897129914033e-01 4.580660542094230903e-01 4.068352248490314516e-01 4.068300907190994797e-01 4.035693089960521451e-01 4.057448748547276551e-01
1.010999999999999943e+01 3.378136070453289785e-01 3.377863660957937664e-01 9.869224962908716703e-02 2.580974075900699938e-01 4.020694735525173757e-01 4.020643146843385085e-01 3.977618151962621917e-01 4.006318678110393217e-01
1.012000000000000099e+01 1.417752193337653011e-01 1.417759474643892625e-01 5.714677681925012243e-02 1.135659812058015528e-01 3.964404191198803162e-01 3.964352556461291366e-01 3.911191766945156800e-01 3.946649504868416924e-01
1.012999999999999901e+01 7.293905254804657068e-02 7.293935139818091828e-02 3.718686478648110250e-02 6.102175624423619715e-02 3.899899898164531642e-01 3.899848399101275009e-01 3.837039851253395417e-01 3.878929382839734208e-01
1.014000000000000057e+01 4.426594504125033053e-02 4.426600962327089522e-02 2.617344210276238703e-02 3.823513225576120889e-02 3.827757365889564167e-01 3.827706162670451717e-01 3.755922313402645374e-01 3.803795280654220234e-01
1.015000000000000213e+01 2.983244177163808450e-02 2.983245772719610514e-02 1.946826271045556597e-02 2.637772073642991738e-02 3.748686891847948233e-01 3.748636121820383971e-01 3.668704928343639038e-01 3.722009314003989489e-01
1.016000000000000014e+01 2.156222283561381320e-02 2.156222777423891235e-02 1.508586786261303415e-02 1.940343949082191932e-02 3.663507584290677799e-01 3.663457361404172663e-01 3.576328664095065335e-01 3.634431203263305266e-01
1.017000000000000171e+01 1.637808538382429582e-02 1.637808715666407358e-02 1.206446915955400843e-02 1.494021390001412826e-02 3.573118495594979072e-01 3.573068910466363213e-01 3.479778269325760065e-01 3.541988558462367820e-01
1.017999999999999972e+01 1.290941937663199132e-02 1.290942089620894517e-02 9.892897211292925319e-03 1.190391249471128843e-02 3.478468584284261644e-01 3.478419704829685544e-01 3.380051815499896528e-01 3.445646701537947165e-01
1.019000000000000128e+01 1.047124067821833017e-02 1.047124105811256950e-02 8.279296964728495231e-03 9.740592900353131633e-03 3.380527151753739967e-01 3.380479024294411050e-01 3.278132650815223648e-01 3.346379608954457852e-01
1.019999999999999929e+01 8.690090585025201167e-03 8.690090838288028544e-03 7.047251423819640877e-03 8.142477615710958308e-03 3.280256206803447427e-01 3.280208857542014078e-01 3.174964901231197567e-01 3.245143321858886543e-01
1.021000000000000085e+01 7.348110641522027919e-03 7.348110641522027919e-03 6.085066655153439398e-03 6.927095979399165368e-03 3.178585928162761531e-01 3.178539364924906629e-01 3.071433286832255805e-01 3.142852859973306878e-01
1.021999999999999886e+01 6.311153100703112417e-03 6.311153227334525238e-03 5.319239315838573089e-03 5.980515214625403871e-03 3.076394058901418260e-01 3.076348273040818704e-01 2.968347649070668948e-01 3.040363327004302341e-01
1.023000000000000043e+01 5.492899913252707704e-03 5.492900039884120525e-03 4.699818264788533685e-03 5.228539405975119771e-03 2.974489714174069488e-01 2.974444682547888741e-01 2.866432240039019086e-01 2.938455545586992623e-01
1.024000000000000199e+01 4.835738345048668473e-03 4.835738345048668473e-03 4.191909481726519525e-03 4.621128723941284912e-03 2.873601748522452981e-01 2.873557435457270715e-01 2.766319534208555031e-01 2.837826239396092909e-01
1.025000000000000000e+01 4.300019860123668013e-03 4.300019986755080834e-03 3.770567477401405142e-03 4.123535774760050607e-03 2.774371537232282470e-01 2.774327896414818251e-01 2.668548101436903353e-01 2.739082511694668209e-01
1.026000000000000156e+01 3.857742720077113330e-03 3.857742846708526151e-03 3.417610196975678135e-03 3.711031921253772538e-03 2.677349795356894213e-01 2.677306771600808100e-01 2.573563933061971953e-01 2.642740166673224755e-01
1.026999999999999957e+01 3.488695880269460613e-03 3.488695880269460613e-03 3.119579190574473231e-03 3.365656983704464963e-03 2.582996896055607672e-01 2.582954426913310342e-01 2.481724537653477447e-01 2.549225286874132190e-01
1.028000000000000114e+01 3.178031820205577933e-03 3.178031820205577933e-03 2.866412376784201969e-03 3.074158672398452901e-03 2.491686056564408058e-01 2.491644073770268586e-01 2.393305110203541586e-01 2.458878413512739503e-01
1.028999999999999915e+01 2.914698985938038965e-03 2.914698985938038965e-03 2.650572603258648675e-03 2.826656858378242491e-03 2.403708728538061778e-01 2.403667159284588462e-01 2.308506114971479728e-01 2.371960667598042583e-01
1.030000000000000071e+01 2.690418557598628704e-03 2.690418557598629138e-03 2.466491684163933315e-03 2.615776266453729952e-03 2.319281548436433749e-01 2.319240316496133381e-01 2.227461693044719693e-01 2.288661185992428848e-01
1.031000000000000227e+01 2.499022281077328562e-03 2.499022154445915741e-03 2.310269435299559630e-03 2.436104623607601889e-03 2.238554259749410968e-01 2.238513286460606655e-01 2.150248396571931286e-01 2.209105314260649267e-01
1.032000000000000028e+01 2.336057213393351057e-03 2.336057086761938236e-03 2.179623895290014757e-03 2.283912731815101495e-03 2.161618098753066430e-01 2.161577303888417567e-01 2.076893850138705200e-01 2.133363084260063158e-01
1.033000000000000185e+01 2.198636310291096543e-03 2.198635930396858080e-03 2.074203877238005485e-03 2.157158705975320036e-03 2.088514227152917235e-01 2.088473529686249441e-01 2.007385036334954354e-01 2.061457597724706547e-01
1.033999999999999986e+01 2.085606491451311335e-03 2.085605858294246797e-03 1.996602653184426784e-03 2.055938334309994828e-03 2.019241888679417507e-01 2.019201207461663594e-01 1.941675990791438267e-01 1.993373028977505901e-01
1.035000000000000142e+01 1.998318458176165640e-03 1.998316938599211355e-03 1.955081555199378665e-03 1.983905650658251887e-03 1.953766055356462028e-01 1.953725309707860514e-01 1.879694768355263945e-01 1.929062044473195681e-01
1.035999999999999943e+01 1.942947074735427038e-03 1.942943655687279572e-03 1.971217119773597225e-03 1.952369283398768017e-03 1.892024408164312277e-01 1.891983518386766150e-01 1.821349605466518473e-01 1.868452510672532485e-01
1.037000000000000099e+01 1.937943842286897478e-03 1.937933838405281155e-03 2.104488780012533575e-03 1.993455486901570591e-03 1.833933563681107437e-01 1.833892451494006925e-01 1.766534254572242613e-01 1.811453423249118899e-01
1.037999999999999901e+01 2.041997216141857707e-03 2.041963278923209987e-03 2.547298227866202393e-03 2.210419574310423796e-03 1.779394512161127928e-01 1.779353101065525578e-01 1.715132505755387060e-01 1.757960039660680096e-01
1.039000000000000057e+01 2.403501559757671366e-03 2.403456732237518011e-03 4.018027405971286506e-03 2.941661899322159206e-03 1.728297273731524142e-01 1.728255489310235871e-01 1.667021940079227160e-01 1.707858234373662298e-01
1.040000000000000213e+01 2.743347664295169366e-03 2.743478094650420029e-03 6.644521514610120597e-03 4.043782424518570576e-03 1.680524809122931895e-01 1.680482579287301825e-01 1.622076979810689046e-01 1.661028122740307589e-01
1.041000000000000014e+01 3.905878587197078068e-03 3.905917589672239926e-03 4.042240877014073239e-03 3.951345684627797367e-03 1.635956241266011135e-01 1.635913496462177152e-01 1.580171313896660823e-01 1.617347017208283222e-01
1.042000000000000171e+01 6.260060744660737170e-03 6.260082499937466571e-03 2.388469904525092682e-03 4.969537716374432430e-03 1.594469456129017915e-01 1.594426129515606472e-01 1.541179783967565053e-01 1.576691789870729998e-01
1.042999999999999972e+01 3.835751503698673140e-03 3.835769396717310636e-03 1.820431182789746622e-03 3.163984027735243249e-03 1.555943157291046486e-01 1.555899184895580822e-01 1.504979817861911429e-01 1.538940720016179486e-01
1.044000000000000128e+01 2.306195614105743721e-03 2.306191561900532150e-03 1.576876693623995972e-03 2.063087956543423803e-03 1.520258450662890226e-01 1.520213771515777634e-01 1.471452495335595634e-01 1.503974905838088016e-01
1.044999999999999929e+01 1.781750110816700565e-03 1.781728634129078675e-03 1.453257398862327181e-03 1.672245381269368879e-03 1.487300034794035164e-01 1.487254591029307793e-01 1.440483325294543426e-01 1.471679317039295554e-01
1.046000000000000085e+01 1.559705347408258617e-03 1.559656113114936881e-03 1.387156928367023079e-03 1.502172796296739237e-03 1.456957069153364537e-01 1.456910806056032626e-01 1.411962806415001659e-01 1.441943560541466274e-01
1.046999999999999886e+01 1.451448925002654915e-03 1.451337388054204465e-03 1.357126744679470597e-03 1.419971019245443687e-03 1.429123787981148586e-01 1.429076653954605980e-01 1.385786833949191887e-01 1.414662425294982151e-01
1.048000000000000043e+01 1.400393671964247260e-03 1.400110612767072960e-03 1.358048000871195848e-03 1.386184095200838689e-03 1.403699920793038680e-01 1.403651867216686167e-01 1.361857005125150510e-01 1.389736264378291786e-01
1.049000000000000199e+01 1.389732661957236931e-03 1.388875582565551273e-03 1.397828803349256957e-03 1.392145682624015271e-03 1.380590972239663650e-01 1.380541953187394977e-01 1.340080863923101273e-01 1.367071263116720337e-01
1.050000000000000000e+01 1.422337236942026843e-03 1.419201032718478460e-03 1.492258531731386565e-03 1.444598933797297145e-03 1.359708403716210212e-01 1.359658375508528694e-01 1.320372113224868027e-01 1.346579630816535644e-01
1.051000000000000156e+01 1.521266230075770786e-03 1.514284381801245206e-03 1.635141832785214164e-03 1.556897481554076791e-03 1.340969746996128475e-01 1.340918667563459343e-01 1.302650808605428367e-01 1.328179741055005303e-01
1.051999999999999957e+01 1.691148652655703093e-03 1.723027553665935603e-03 1.913878314723759791e-03 1.776018173681799496e-03 1.324298666633568211e-01 1.324246494674660712e-01 1.286843533860728694e-01 1.311796231722985873e-01
1.053000000000000114e+01 1.932906621967155373e-03 1.944300435297267133e-03 2.429121259977168063e-03 2.102109439080530190e-03 1.309624973608983500e-01 1.309571667536280348e-01 1.272883544491433816e-01 1.297360061878899129e-01
1.053999999999999915e+01 2.336602652877978366e-03 2.326839966113824175e-03 3.346914437128385017e-03 2.670119018706729620e-03 1.296884578576656399e-01 1.296830095248757420e-01 1.260710852725626108e-01 1.284808508850346920e-01
1.055000000000000071e+01 3.149508790930787960e-03 3.076367411269998516e-03 4.794193022474338775e-03 3.673356408225041895e-03 1.286019360144296242e-01 1.285963653392857009e-01 1.250272217295400889e-01 1.274085076944184713e-01
1.056000000000000227e+01 5.295728851747442088e-03 5.193662932591094558e-03 8.047682158924289106e-03 6.179024647754275540e-03 1.276976912928744212e-01 1.276919931894975324e-01 1.241520994021959590e-01 1.265139279615226098e-01
1.057000000000000028e+01 6.303049652678570716e-03 6.531170634486160864e-03 1.145429169511737351e-02 8.096170660760701118e-03 1.269710132694037430e-01 1.269651819992120845e-01 1.234416800038216355e-01 1.257926250908124877e-01
1.058000000000000185e+01 8.351669805681473727e-03 8.367940840541173916e-03 9.341147278141363405e-03 8.686919308121335281e-03 1.264176592510317110e-01 1.264116882239055550e-01 1.228924945636677007e-01 1.252406140128683176e-01
1.058999999999999986e+01 1.223051629653253668e-02 1.219426416701591305e-02 1.064243730692724516e-02 1.168907259015856438e-02 1.260337665147664987e-01 1.260276480775838204e-01 1.225015593331619801e-01 1.248543246418374331e-01
1.060000000000000142e+01 8.776378825306366260e-03 8.613852852046492356e-03 8.364467176265485276e-03 8.584899617872780719e-03 1.258157353121108768e-01 1.258094605276973421e-01 1.222662613514950286e-01 1.246304857304344482e-01
1.060999999999999943e+01 6.000339273667235941e-03 6.079876793328631637e-03 5.013394670064305267e-03 5.697870245686724282e-03 1.257600798849166368e-01 1.257536383049538409e-01 1.221842119439167651e-01 1.245659767112624328e-01
1.062000000000000099e+01 6.583125603712965471e-03 6.545690838105322831e-03 3.551518521969069565e-03 5.560111654595786823e-03 1.258632462931356666e-01 1.258566257294387591e-01 1.222530680372654749e-01 1.246576466866132771e-01
1.062999999999999901e+01 5.384348654928534754e-03 5.424194938510187337e-03 2.771267256898240095e-03 4.526603616778987829e-03 1.261213977932457431e-01 1.261145840926572725e-01 1.224703229708446889e-01 1.249021016189159200e-01
1.064000000000000057e+01 3.222264957833645589e-03 3.261392101621646538e-03 2.377687252382885714e-03 2.953781437279392325e-03 1.265301707465658898e-01 1.265231475761369462e-01 1.228330703653181255e-01 1.252954628960069872e-01
1.065000000000000213e+01 2.307921942167891118e-03 2.323427870031069195e-03 2.016358381915877174e-03 2.215902731371612640e-03 1.270844064811657015e-01 1.270771551318670700e-01 1.233377465060604139e-01 1.258331027063643581e-01
1.066000000000000014e+01 2.011705133366219894e-03 2.024807584350102156e-03 1.845025003944210547e-03 1.960512573886844054e-03 1.277778670768213165e-01 1.277703662963226572e-01 1.239798585382341500e-01 1.265093639704593376e-01
1.067000000000000171e+01 1.963239796636266805e-03 1.948958584482601408e-03 1.925468799301190614e-03 1.945889060140019609e-03 1.286029455744567562e-01 1.285951714422752246e-01 1.247537075038756132e-01 1.273172748402025267e-01
1.067999999999999972e+01 2.039706833777390517e-03 2.014008660071342060e-03 2.065085047892557465e-03 2.039600180580430303e-03 1.295503835060122233e-01 1.295423093671607684e-01 1.256521168385120735e-01 1.282482699038950125e-01
1.069000000000000128e+01 2.286818487972473550e-03 2.237372340297325533e-03 2.092177370138528954e-03 2.205456066136109779e-03 1.306090107551259594e-01 1.306006072310717803e-01 1.266661783409096520e-01 1.292919321090357787e-01
1.069999999999999929e+01 2.495809034302193773e-03 2.419006829137502167e-03 2.053948017741450555e-03 2.322921293727048687e-03 1.317655244293126637e-01 1.317567595270015268e-01 1.277850287712665456e-01 1.304357709091935602e-01
1.071000000000000085e+01 2.666906472625412035e-03 2.659798917347336658e-03 2.197661387706599523e-03 2.508122259226449116e-03 1.330043244597078345e-01 1.329951638001907188e-01 1.289956710374610127e-01 1.316650530991198276e-01
1.071999999999999886e+01 2.739728994388610384e-03 2.845265488014171208e-03 2.555651114447804028e-03 2.713548532283528540e-03 1.343074238342818194e-01 1.342978310215670601e-01 1.302828542779485566e-01 1.329627030445991731e-01
1.073000000000000043e+01 2.997404430991906180e-03 3.127347381933458757e-03 3.190261654123415815e-03 3.105004489016260395e-03 1.356544504969322829e-01 1.356443876447659680e-01 1.316290268977762523e-01 1.343092883464915011e-01
1.074000000000000199e+01 3.383959165321264242e-03 3.405396457910414652e-03 4.053150008611448515e-03 3.614168543947708992e-03 1.370227558081866526e-01 1.370121842368738074e-01 1.330143755949845796e-01 1.356831052133483650e-01
1.075000000000000000e+01 4.155408546809902237e-03 4.167541229107791199e-03 5.142879924427203563e-03 4.488609900114965377e-03 1.383876409177272893e-01 1.383765220245399830e-01 1.344169614678762670e-01 1.370603748033812075e-01
1.076000000000000156e+01 5.801656549670907402e-03 5.820840702194115222e-03 8.360694547887166303e-03 6.661063933250728486e-03 1.397227073923152374e-01 1.397110036876814121e-01 1.358129612867597369e-01 1.384155574555854806e-01
1.076999999999999957e+01 9.406749289406211509e-03 9.164860117287891572e-03 9.209699920688707575e-03 9.260436442460938042e-03 1.410003320594628295e-01 1.409880083472817569e-01 1.371770178845537480e-01 1.397217860970994818e-01
1.078000000000000114e+01 1.522965762930956514e-02 1.497956806015701171e-02 9.243986642035698087e-03 1.315107077716742498e-02 1.421922585193846345e-01 1.421792831845876681e-01 1.384826984070827993e-01 1.409514133703516914e-01
1.078999999999999915e+01 1.571107328464499756e-02 1.516471977447890647e-02 1.328243904908170056e-02 1.471941070273520211e-02 1.432702895792564157e-01 1.432566359306513548e-01 1.397030530358369382e-01 1.420766595152482548e-01
1.080000000000000071e+01 1.862381067401892853e-02 1.908807752353010659e-02 1.993452823420853795e-02 1.921547214391919334e-02 1.442070565817285543e-01 1.441927041847822777e-01 1.408112600735002828e-01 1.430703402800037050e-01
1.081000000000000227e+01 2.708115753419424246e-02 2.896362136861444989e-02 2.786566180390808584e-02 2.797014690223892722e-02 1.449768339693042196e-01 1.449617698935788956e-01 1.417813364274702059e-01 1.439066467634510793e-01
1.082000000000000028e+01 3.438940840588915193e-02 3.451208676593753299e-02 3.613335697587398421e-02 3.501161738256689665e-02 1.455563612431990672e-01 1.455405811444045183e-01 1.425888861192581292e-01 1.445619428356205993e-01
1.083000000000000185e+01 5.135971269109312204e-02 4.979738142606573992e-02 4.138812575744792860e-02 4.751507329153559916e-02 1.459256305008145016e-01 1.459091394588811763e-01 1.432118541339724160e-01 1.450155413645560221e-01
1.083999999999999986e+01 7.920993774587889447e-02 7.695666522347757721e-02 4.027643023012542067e-02 6.548101106649395486e-02 1.460685965910522299e-01 1.460514096340522483e-01 1.436312493413984814e-01 1.452504185221676347e-01
1.085000000000000142e+01 1.165989848547453606e-01 1.176059906473738564e-01 5.346704200364331416e-02 9.589067250192084835e-02 1.459737689946359884e-01 1.459559112537187064e-01 1.438317989156906729e-01 1.452538263880151226e-01
1.085999999999999943e+01 1.210695981095164797e-01 1.236752440655513874e-01 9.142129360795184234e-02 1.120553785943398939e-01 1.456346498852028049e-01 1.456161563473261367e-01 1.438024980264265840e-01 1.450177680863185270e-01
1.087000000000000099e+01 1.033989368882351073e-01 1.036514061148981897e-01 1.057341964123693773e-01 1.042615131385009053e-01 1.450499911712378742e-01 1.450309060224947155e-01 1.435370226978885666e-01 1.445393066305403762e-01
1.087999999999999901e+01 7.467383781573375123e-02 7.392951002101059987e-02 1.052429113579781972e-01 8.461541973157418739e-02 1.442238540291863880e-01 1.442042296094296627e-01 1.430339804774834467e-01 1.438206880386998510e-01
1.089000000000000057e+01 5.128603397635813493e-02 4.880501561770983487e-02 8.897120205937301962e-02 6.302075055114698954e-02 1.431654666014376687e-01 1.431453620179664321e-01 1.422969824686915186e-01 1.428692703626985583e-01
1.090000000000000213e+01 3.262360730624922628e-02 3.354252119673058197e-02 5.573643153911686521e-02 4.063418668069888884e-02 1.418888880522509999e-01 1.418683675237389918e-01 1.413345306642009025e-01 1.416972620800636129e-01
1.091000000000000014e+01 1.835026998025531333e-02 1.875216516051751714e-02 3.756450024990854591e-02 2.488897846356045648e-02 1.404124989047271233e-01 1.403916299243289090e-01 1.401597254732000197e-01 1.403212847674186747e-01
1.092000000000000171e+01 1.386895054605220834e-02 1.428038347769989939e-02 2.712863127098262550e-02 1.842598843157824268e-02 1.387583474689989271e-01 1.387371988856032357e-01 1.387898089077418406e-01 1.387617850874479919e-01
1.092999999999999972e+01 1.292046324405265491e-02 1.289800721441015409e-02 1.488329336274202448e-02 1.356725460706827840e-02 1.369513893816124150e-01 1.369300295006234403e-01 1.372455681466814570e-01 1.370423290096390856e-01
1.094000000000000128e+01 9.841502535415477815e-03 9.517583433515211175e-03 1.039335577447365357e-02 9.917480581134782008e-03 1.350186612925509955e-01 1.349971560919381863e-01 1.355506313512097050e-01 1.351888162452329623e-01
1.094999999999999929e+01 6.926996231835251885e-03 7.054886487574281960e-03 9.710162460095797879e-03 7.897348393168444197e-03 1.329884304110377502e-01 1.329668419559852377e-01 1.337306921230100309e-01 1.332286548300110063e-01
1.096000000000000085e+01 4.626658865477694359e-03 4.659043836266295660e-03 8.553108535747368582e-03 5.946270412497119823e-03 1.308893591665201972e-01 1.308677442884040310e-01 1.318127006321634376e-01 1.311899346956958701e-01
1.097000000000000242e+01 3.593431911408028704e-03 3.518950847377987946e-03 5.642304314185355579e-03 4.251562357657123932e-03 1.287497191831428467e-01 1.287281284675073634e-01 1.298240582632690654e-01 1.291006353046397492e-01
1.098000000000000043e+01 3.156564895865816584e-03 2.980245925201433117e-03 3.882783803381812792e-03 3.339864874816354454e-03 1.265966818481517875e-01 1.265751589545399403e-01 1.277918489881475217e-01 1.269878965969464257e-01
1.099000000000000199e+01 2.751471031440955867e-03 2.852749885713788680e-03 3.108039358562188128e-03 2.904086758572311036e-03 1.244557048308162772e-01 1.244342861466751909e-01 1.257421351444705238e-01 1.248773753739872983e-01
1.100000000000000000e+01 2.565403556730658056e-03 2.603101449751088828e-03 2.614943335672478310e-03 2.594482780718074776e-03 1.223500258287125442e-01 1.223287404419634711e-01 1.236993385904959913e-01 1.227927016203906874e-01
1.101000000000000156e+01 2.376439768345340632e-03 2.348533915250567046e-03 2.323936624395389963e-03 2.349636769330432692e-03 1.203002673313273430e-01 1.202791372925010732e-01 1.216857210635206438e-01 1.207550418957829969e-01
1.101999999999999957e+01 2.052135263740023381e-03 2.087431022174135193e-03 2.264091315148751039e-03 2.134552533687636682e-03 1.183241498755154136e-01 1.183031907108116343e-01 1.197209706933980849e-01 1.187827704265750489e-01
1.103000000000000114e+01 1.947163508226410194e-03 1.973587887758949857e-03 2.121578043746453340e-03 2.014109813243937942e-03 1.164363064936774078e-01 1.164155279247168912e-01 1.178218955853816141e-01 1.168912433345919433e-01
1.103999999999999915e+01 1.964914497071390456e-03 1.993118503827751974e-03 1.969562667701390928e-03 1.975865222866844597e-03 1.146481879770884643e-01 1.146275948008286111e-01 1.160022205890912095e-01 1.150926677890027477e-01
1.105000000000000071e+01 1.889218708550313491e-03 1.869138968022768937e-03 1.976881748091514294e-03 1.911746474888198835e-03 1.129680471530759983e-01 1.129476402352638242e-01 1.142724800173807315e-01 1.133960558019068421e-01
1.106000000000000227e+01 1.668650581384134015e-03 1.653757119012413696e-03 2.022368321433532217e-03 1.781592007276693165e-03 1.114009904022276176e-01 1.113807677397864876e-01 1.126399971791864768e-01 1.118072517737335320e-01
1.107000000000000028e+01 1.587097152945653308e-03 1.564023060703249608e-03 1.872171942318551045e-03 1.674430718655817770e-03 1.099490858024420314e-01 1.099290436132767390e-01 1.111089409850780085e-01 1.103290234669322550e-01
1.108000000000000185e+01 1.678066981886671555e-03 1.615977953951206652e-03 1.806045449067903135e-03 1.700030128301926969e-03 1.086115191906025235e-01 1.085916529928513952e-01 1.096804502833531175e-01 1.089612074889356741e-01
1.108999999999999986e+01 1.859381485809682858e-03 1.862363288351526376e-03 1.900748612659829183e-03 1.874164462273679617e-03 1.073847916646847173e-01 1.073650973109331608e-01 1.083528176207653460e-01 1.077009021987944126e-01
1.110000000000000142e+01 1.904557761537619071e-03 1.957415979969239113e-03 1.995233932232205829e-03 1.952402557913021338e-03 1.062629542057675902e-01 1.062434288411625710e-01 1.071217253982721940e-01 1.065427028150674471e-01
1.110999999999999943e+01 1.922116447919024326e-03 1.928904588121291850e-03 2.139917007567642120e-03 1.996979347869319143e-03 1.052378768244459362e-01 1.052185197411155820e-01 1.059805285347156095e-01 1.054789750334257231e-01
1.112000000000000099e+01 2.246318647005889155e-03 2.233439497855451133e-03 2.658477113333581904e-03 2.379411752731641020e-03 1.042995506531727290e-01 1.042803640161086010e-01 1.049205784539796182e-01 1.045001643744203346e-01
1.112999999999999901e+01 3.118155866157025502e-03 3.101835457709449604e-03 3.237648458446866495e-03 3.152546594104447056e-03 1.034364215384583480e-01 1.034174109617412712e-01 1.039315832677195489e-01 1.035951385893063986e-01
1.114000000000000057e+01 4.074262580268592226e-03 4.096904238899207878e-03 3.380254854590184713e-03 3.850473891252661606e-03 1.026357528796201374e-01 1.026169278359775339e-01 1.030019983544337575e-01 1.027515596900104855e-01
1.115000000000000213e+01 4.144320624320705325e-03 4.309834149188565382e-03 3.866724990106929806e-03 4.106959921205399593e-03 1.018840137881779628e-01 1.018653878396042628e-01 1.021194401880830827e-01 1.019562806052884407e-01
1.116000000000000014e+01 4.601692773295694081e-03 4.477512362080483983e-03 5.466700127194023227e-03 4.848635087523400430e-03 1.011672863015962015e-01 1.011488771441651502e-01 1.012711144248660683e-01 1.011957592902091446e-01
1.117000000000000171e+01 5.047628662090977714e-03 4.981462989081190951e-03 7.308885383715341827e-03 5.779325678295837120e-03 1.004716826823287973e-01 1.004535120043991148e-01 1.004442471974502094e-01 1.004564806280593692e-01
1.117999999999999972e+01 7.060647963596756831e-03 7.021660177678613890e-03 1.222590240502599915e-02 8.769403515433791402e-03 9.978376114902313965e-02 9.976585430865074489e-02 9.962650664308449200e-02 9.972537403358613939e-02
1.119000000000000128e+01 1.197439835032861749e-02 1.192544783800342061e-02 2.121114410687163776e-02 1.503699676506789137e-02 9.909092613382007586e-02 9.907331166800946443e-02 9.880640027572951123e-02 9.899021269251968846e-02
1.119999999999999929e+01 2.556607054983512511e-02 2.539641535466243688e-02 3.432825367718093240e-02 2.843024652722616133e-02 9.838179773126191907e-02 9.836450671675590895e-02 9.797363323883921671e-02 9.823997922895234824e-02
1.121000000000000085e+01 5.143078234285004824e-02 5.110085930376109808e-02 3.431424258249404086e-02 4.561529474303506471e-02 9.764653471968362530e-02 9.762960001163704937e-02 9.711941299498927371e-02 9.746518257543664021e-02
1.122000000000000242e+01 5.378107537103555408e-02 5.513467412656320593e-02 4.072759413479021262e-02 4.988111454412965523e-02 9.687709659306835419e-02 9.686055197364257241e-02 9.623668774368646095e-02 9.665811210346579585e-02
1.123000000000000043e+01 4.375567784942885341e-02 4.389728580753431142e-02 5.466597470906557621e-02 4.743964612200958497e-02 9.606743247776093619e-02 9.605131175080622308e-02 9.532030877945817104e-02 9.581301766934179065e-02
1.124000000000000199e+01 3.432478010154723508e-02 3.279596760166352681e-02 3.394073838026930023e-02 3.368716202782667812e-02 9.521358848928085372e-02 9.519792455930177477e-02 9.436711092198049600e-02 9.492620799018770816e-02
1.125000000000000000e+01 2.640009061450119404e-02 2.647587875531167909e-02 1.926646068752929999e-02 2.404747668578072553e-02 9.431372970843469872e-02 9.429855368153955419e-02 9.337590974560532053e-02 9.399606437852654761e-02
1.126000000000000156e+01 1.694619834955700399e-02 1.702388925397716954e-02 1.479183535704127646e-02 1.625397432019181493e-02 9.336807809137963321e-02 9.335341843309334642e-02 9.234741918744919509e-02 9.302297190397405824e-02
1.126999999999999957e+01 1.266649546124973789e-02 1.298070956965755030e-02 9.216316893210207625e-03 1.162117397470583194e-02 9.237877277114202312e-02 9.236465455122007395e-02 9.128409776366265549e-02 9.200917502867490827e-02
1.128000000000000114e+01 1.196733401435175551e-02 1.228582873305058762e-02 7.606470330964732775e-03 1.061987769278902732e-02 9.134966384848661192e-02 9.133610809643132045e-02 9.018993563205703057e-02 9.095856919232499227e-02
1.128999999999999915e+01 7.127468080411364718e-03 7.035072761655740067e-03 6.763633731462001010e-03 6.975391524509703088e-03 9.028605446286669389e-02 9.027307765086646507e-02 8.907019774435701032e-02 8.987644328603004718e-02
1.130000000000000071e+01 4.209748644024277620e-03 4.171422633869758916e-03 4.765683188192770120e-03 4.382284822028935552e-03 8.919440835618488994e-02 8.918202201880157109e-02 8.793114008850169694e-02 8.876919015449606654e-02
1.131000000000000227e+01 3.096303273186247398e-03 3.072631708611669923e-03 3.740607219580035971e-03 3.303180733792651386e-03 8.808204112359724336e-02 8.807025161644838063e-02 8.677971642493449711e-02 8.764400305499338295e-02
1.132000000000000028e+01 2.699186820540705814e-03 2.655767289740287168e-03 3.122659347734688118e-03 2.825871152671893555e-03 8.695681288465562098e-02 8.694562127804718321e-02 8.562329201186140437e-02 8.650857539152140285e-02
1.133000000000000185e+01 2.864670802299945813e-03 2.740772386578042407e-03 2.849829056197238607e-03 2.818424081691742276e-03 8.582683835086106494e-02 8.581624044912664062e-02 8.446937875959044384e-02 8.537081918652605905e-02
1.133999999999999986e+01 3.704216479318891194e-03 3.615517303568215220e-03 3.211133550117270443e-03 3.510289111001459097e-03 8.470022747646505090e-02 8.469021395047089673e-02 8.332540332010963946e-02 8.423861491568185311e-02
1.135000000000000142e+01 5.473745835690056565e-03 5.420063727960061292e-03 3.666593311495191729e-03 4.853467625048436818e-03 8.358486639772796933e-02 8.357542301667258977e-02 8.219851613442802352e-02 8.311960184960952291e-02
1.135999999999999943e+01 6.033101289487639504e-03 6.217627951155635033e-03 4.709349557971963599e-03 5.653359599538411266e-03 8.248824456015213524e-02 8.247935250926693995e-02 8.109544577884800209e-02 8.202101428275569706e-02
1.137000000000000099e+01 4.805508387644181513e-03 4.959229172241986193e-03 6.435353317071295862e-03 5.400030292319155101e-03 8.141733015987792643e-02 8.140896643205733363e-02 8.002239940618222080e-02 8.094956533270583621e-02
1.137999999999999901e+01 5.375186517639885496e-03 5.302713587218179161e-03 6.844158520270648104e-03 5.840686208376238454e-03 8.037849259406651403e-02 8.037063044508384324e-02 7.898500695167434693e-02 7.991137666360824399e-02
1.139000000000000057e+01 5.512313648527437937e-03 5.504853665364220841e-03 7.278032336443858268e-03 6.098399883445172059e-03 7.937746776389310865e-02 7.937007722176482594e-02 7.798830427258891806e-02 7.891194975274895551e-02
1.140000000000000213e+01 6.321202949522219255e-03 6.609019182352205216e-03 6.808413270973435669e-03 6.579545134282619757e-03 7.841935995379181734e-02 7.841240837264065733e-02 7.703674863103338044e-02 7.795617231915528966e-02
1.141000000000000014e+01 4.948742356406511840e-03 4.780356058643282433e-03 3.822758728181472037e-03 4.517285714410422537e-03 7.750867268579349212e-02 7.750212533325469277e-02 7.613425893910655273e-02 7.704835231938492179e-02
1.142000000000000171e+01 4.877708807265404393e-03 4.247729684883872273e-03 2.773403579485816343e-03 3.966280690545029991e-03 7.664936039745268159e-02 7.664318106282563825e-02 7.528427291358771867e-02 7.619227145795536005e-02
1.142999999999999972e+01 6.194154666047320054e-03 6.218946310794958715e-03 3.081674939003639993e-03 5.164925305281972343e-03 7.584489292930685078e-02 7.583904453795042855e-02 7.448981362535760098e-02 7.539125036420496473e-02
1.144000000000000128e+01 5.776619493245137640e-03 6.306343259748310379e-03 4.869668485000175177e-03 5.650877079331207732e-03 7.509832550014709784e-02 7.509277071784960234e-02 7.375355873593590628e-02 7.464821831797753549e-02
1.144999999999999929e+01 5.525054541501311402e-03 5.644547235096280743e-03 8.766335637299576058e-03 6.645312471299055779e-03 7.441236793758111701e-02 7.440706974749437819e-02 7.307790683671527843e-02 7.396578150726358658e-02
1.146000000000000085e+01 6.684691075525672939e-03 6.959898618576813856e-03 7.305492092397397261e-03 6.983360595499960195e-03 7.378944825693180276e-02 7.378437049116834401e-02 7.246503660073347342e-02 7.334628511627785952e-02
1.147000000000000242e+01 5.606011016796410770e-03 5.095997429705480947e-03 5.597021782038886541e-03 5.433010076180260287e-03 7.323176709724371625e-02 7.322687490566681667e-02 7.191695579446032160e-02 7.279186593245695613e-02
1.148000000000000043e+01 3.702791166788262003e-03 3.741729452487117281e-03 3.708127300558068749e-03 3.717549306611149344e-03 7.274134090603945335e-02 7.273660114732749538e-02 7.143553848057700162e-02 7.230449351131464086e-02
1.149000000000000199e+01 2.365223568234911880e-03 2.422182757635265877e-03 2.512710693597955576e-03 2.433372339822711256e-03 7.232003302447222171e-02 7.231541456867614237e-02 7.102254989725048651e-02 7.188599916346628815e-02
1.150000000000000000e+01 2.032165337973713959e-03 2.042726131880584061e-03 2.150320208681203230e-03 2.075070559511833605e-03 7.196957290060877754e-02 7.196504683857017637e-02 7.067965947920953895e-02 7.153809307279615504e-02
1.151000000000000156e+01 2.576713109518649798e-03 2.420275080726756820e-03 2.068732653076955572e-03 2.355240281107453919e-03 7.169156451945500608e-02 7.168710428128273471e-02 7.040844326550024790e-02 7.126237068874599623e-02
1.151999999999999957e+01 3.838959659891011053e-03 3.646460119848276941e-03 1.909160154911869380e-03 3.131526644883719269e-03 7.148748577372424085e-02 7.148306716481786505e-02 7.021037751088342327e-02 7.106031014980850047e-02
1.153000000000000114e+01 3.113676165958699157e-03 3.435289183199303608e-03 2.191190826424652648e-03 2.913385391860885427e-03 7.135868091526990920e-02 7.135428208334465561e-02 7.008682568627691567e-02 7.093326289496382220e-02
1.153999999999999915e+01 1.820119770819232478e-03 1.928987316423316214e-03 3.184424718442015450e-03 2.311177268561521309e-03 7.130634843915809040e-02 7.130194978861954802e-02 7.003902123374641797e-02 7.088243982050801417e-02
1.155000000000000071e+01 1.454781445905566637e-03 1.475178917311127397e-03 2.227283640960752830e-03 1.719081334725815766e-03 7.133152678195908702e-02 7.132711085310110277e-02 7.006804845054520614e-02 7.090889536186847919e-02
1.156000000000000227e+01 1.526701566894415191e-03 1.489040738888529856e-03 1.736288863757255501e-03 1.584010389846733516e-03 7.143508008365134776e-02 7.143063141409423944e-02 7.017482373518731109e-02 7.101351174431096147e-02
1.157000000000000028e+01 2.149177398169532013e-03 1.998819614655714984e-03 1.794961984004438127e-03 1.980986332276561419e-03 7.161768598981621547e-02 7.161319097418102075e-02 7.036007915594148787e-02 7.119698537331289878e-02
1.158000000000000185e+01 3.297390208524065506e-03 3.273588542835911656e-03 1.816543193194308315e-03 2.795840648184761898e-03 7.187982707317706887e-02 7.187527383484466903e-02 7.062434991340735269e-02 7.145981694047637278e-02
1.158999999999999986e+01 3.539801811199296509e-03 3.525735479890119723e-03 2.330492965796410708e-03 3.132010085628608546e-03 7.222178694317660241e-02 7.221716522859754350e-02 7.096796677657092600e-02 7.180230631611501935e-02
1.160000000000000142e+01 3.110743521731328294e-03 3.149551035170118987e-03 3.707272297921554785e-03 3.322522284941000544e-03 7.264365149589295523e-02 7.263895259773774093e-02 7.139105398248053735e-02 7.222455269203709172e-02
1.160999999999999943e+01 2.294640928228730125e-03 2.396879597958504523e-03 2.626929391457410827e-03 2.439483305881548058e-03 7.314531504065313605e-02 7.314053175136006613e-02 7.189353241322442301e-02 7.272645973507919914e-02
1.162000000000000099e+01 1.998310024524068643e-03 1.910209676061684235e-03 1.990645569618501327e-03 1.966388423401417996e-03 7.372649023477743924e-02 7.372161682795151660e-02 7.247512711231224314e-02 7.330774472501373762e-02
1.162999999999999901e+01 2.455048674529924577e-03 2.239204696841464153e-03 2.334540941518861538e-03 2.342931437630083567e-03 7.438671988602661711e-02 7.438175212090701593e-02 7.313537739746829580e-02 7.396794980146730036e-02
1.164000000000000057e+01 2.761265857257695980e-03 3.191908014448339471e-03 2.645963814998048957e-03 2.866379228901361036e-03 7.512538778814521756e-02 7.512032293106110648e-02 7.387364700732371170e-02 7.470645257551002116e-02
1.165000000000000213e+01 2.885636848749264464e-03 2.909559054879323238e-03 2.446498255607396869e-03 2.747231386411995002e-03 7.594172490549132293e-02 7.593656176270946467e-02 7.468913094135486153e-02 7.552247253651854508e-02
1.166000000000000014e+01 3.306053797940269618e-03 3.165476771493222572e-03 2.944371435884251317e-03 3.138634001772580735e-03 7.683480651128581085e-02 7.682954546858727918e-02 7.558085499248622108e-02 7.641506899078642778e-02
1.167000000000000171e+01 5.099875820639825433e-03 5.079462343023678772e-03 4.022710222955847882e-03 4.734016128873116784e-03 7.780353542336422568e-02 7.779817848870412833e-02 7.654766352129251106e-02 7.738312581112029298e-02
1.167999999999999972e+01 5.640843380238289191e-03 5.606433193263756637e-03 6.717274477738234030e-03 5.988183683746759953e-03 7.884660639106787217e-02 7.884115723750863280e-02 7.758819088151806820e-02 7.842531817003152439e-02
1.169000000000000128e+01 6.611445516201521280e-03 6.416722771758844902e-03 8.690419826698648348e-03 7.239529371553004265e-03 7.996244707855651446e-02 7.995691108588577622e-02 7.870081217652152850e-02 7.954005678032126381e-02
1.169999999999999929e+01 1.146583029880495277e-02 1.110033780014612649e-02 1.007873990258224828e-02 1.088163600051110860e-02 8.114913204985874096e-02 8.114351634512094458e-02 7.988356978764156457e-02 8.072540606087375004e-02
1.171000000000000085e+01 1.726070025317682707e-02 1.785622106864694081e-02 1.059669315262832048e-02 1.523787149148403061e-02 8.240426773306018526e-02 8.239858123228606390e-02 8.113407341913092541e-02 8.197897412815906282e-02
1.172000000000000242e+01 1.278796275645491774e-02 1.306237771349294183e-02 9.979930804070204220e-03 1.194342375800602069e-02 8.372484851392893168e-02 8.371910196883050603e-02 8.244937325558822361e-02 8.329777457944920194e-02
1.173000000000000043e+01 9.416878536121185694e-03 9.224983699064298603e-03 1.326085155897375328e-02 1.063423793138641195e-02 8.510708680443929142e-02 8.510129285763262663e-02 8.382580817664050943e-02 8.467806261290414249e-02
1.174000000000000199e+01 8.044606079295567660e-03 8.202515831030906049e-03 1.053786463031127288e-02 8.928328846879250019e-03 8.654622300504959120e-02 8.654039625432037586e-02 8.525883370387411786e-02 8.611515098774802368e-02
1.175000000000000000e+01 5.034757971918919425e-03 4.888296333063530189e-03 6.966378563246456053e-03 5.629810956076301311e-03 8.803632451549957272e-02 8.803048158244705657e-02 8.674283728859891185e-02 8.760321446218184704e-02
1.176000000000000156e+01 3.819905431197402178e-03 3.268382282243137947e-03 4.620868517493087642e-03 3.903052076977875633e-03 8.957008607788499721e-02 8.956424566983703373e-02 8.827095145208314897e-02 8.913509439993506922e-02
1.176999999999999957e+01 3.221338129859754700e-03 3.100078598813661018e-03 3.116113592719783193e-03 3.145843440464399926e-03 9.113864644683199179e-02 9.113282939495324919e-02 8.983487788261584894e-02 9.070211790813370589e-02
1.178000000000000114e+01 3.037149764011224783e-03 3.530905688519650996e-03 2.795108444250348455e-03 3.121054632260408367e-03 9.273143834584585132e-02 9.272566759777856049e-02 9.142473758007714502e-02 9.229394784123384765e-02
1.178999999999999915e+01 2.739551571116047041e-03 2.897515470443525094e-03 2.768847672503228080e-03 2.801971571354267172e-03 9.433608956885133900e-02 9.433039011203507573e-02 9.302896322872111767e-02 9.389848096986917747e-02
1.180000000000000071e+01 2.600943359223640942e-03 2.590047156693519106e-03 2.591027600407616507e-03 2.594006038774925374e-03 9.593839264991681215e-02 9.593279134149798604e-02 9.463424992076259479e-02 9.550181130405914487e-02
1.181000000000000227e+01 2.710571731682492533e-03 2.707079351283982194e-03 2.766322034299943406e-03 2.727991039088806333e-03 9.752235856063289077e-02 9.751688384202124305e-02 9.622557896788444531e-02 9.708827379017953563e-02
1.182000000000000028e+01 3.088539931810374475e-03 3.081837027212105430e-03 3.253491251194543746e-03 3.141289403405674117e-03 9.907036632995840086e-02 9.906504780897620877e-02 9.778632674429098282e-02 9.864058029440853081e-02
1.183000000000000185e+01 3.772310837388583027e-03 3.752203871107272649e-03 4.237497018294013665e-03 3.920670575596623547e-03 1.005634153891289684e-01 1.005582832810506672e-01 9.929846634752721724e-02 1.001400550059022843e-01
1.183999999999999986e+01 5.000444278080990249e-03 4.948501098238723694e-03 6.268922740174614865e-03 5.405956038831443225e-03 1.019814810659047805e-01 1.019765654967308144e-01 1.007428645216779245e-01 1.015669703614378583e-01
1.185000000000000142e+01 7.452806581155283806e-03 7.342462209361815331e-03 9.564492989369862905e-03 8.119920593295653147e-03 1.033039664001478286e-01 1.032992965905298460e-01 1.020996700840697408e-01 1.029009776915824764e-01
1.185999999999999943e+01 1.121619100563026397e-02 1.112623139144850587e-02 1.305713656594592598e-02 1.179985298767489976e-02 1.045102358900911743e-01 1.045058392539070513e-01 1.033487834723805510e-01 1.041216195387929255e-01
1.187000000000000099e+01 1.792387644626080093e-02 1.783519123795496153e-02 1.424656778721933997e-02 1.666854515714503646e-02 1.055802095752511466e-01 1.055761107802693222e-01 1.044703905215423889e-01 1.052089036256876331e-01
1.187999999999999901e+01 2.729908725788398119e-02 2.683849271934584529e-02 2.365498219106272268e-02 2.593085405609751523e-02 1.064949897315747018e-01 1.064912097780981864e-01 1.054455377728634874e-01 1.061439124275121437e-01
1.189000000000000057e+01 4.070937778816608593e-02 4.081340596236989610e-02 5.239003450527828648e-02 4.463760608527141821e-02 1.072374880694776239e-01 1.072340434451326124e-01 1.062567220821925701e-01 1.069094178656009309e-01
1.190000000000000213e+01 5.332430786173070897e-02 5.705837943148258512e-02 6.555819791035416566e-02 5.864696173452248890e-02 1.077930192344316307e-01 1.077899211992717626e-01 1.068884645262124372e-01 1.074904683199719574e-01
1.191000000000000014e+01 8.299882642071425287e-02 8.035818725401687457e-02 5.192401121475498371e-02 7.176034162982870834e-02 1.081498269571395804e-01 1.081470810041966352e-01 1.073278379651420311e-01 1.078749153088260915e-01
1.192000000000000171e+01 1.209646309127337394e-01 1.160574375385493850e-01 5.299535197005750264e-02 9.667247347378021827e-02 1.082995124660859759e-01 1.082971179896628222e-01 1.075649192768730611e-01 1.080538499108739670e-01
1.192999999999999972e+01 9.256995255343704321e-02 9.674735830629120625e-02 6.997419664497610270e-02 8.643050250156812664e-02 1.082373405509021863e-01 1.082352907394192737e-01 1.075931411808576932e-01 1.080219241570597039e-01
1.194000000000000128e+01 4.547184523494489372e-02 4.704344949039975660e-02 8.341286688309992869e-02 5.864272053614818375e-02 1.079624064607205280e-01 1.079606884136138090e-01 1.074095244418833001e-01 1.077775397720725642e-01
1.194999999999999929e+01 3.147685356836000398e-02 3.129360043881117270e-02 7.570870051841593895e-02 4.615971817519571446e-02 1.074776559185639802e-01 1.074762509688678425e-01 1.070147785978917965e-01 1.073228951617745258e-01
1.196000000000000085e+01 2.708612510723690942e-02 2.564599837283725384e-02 3.862745273781269945e-02 3.045319207262895192e-02 1.067897600683298531e-01 1.067886442766989852e-01 1.064132675483852319e-01 1.066638906311380280e-01
1.197000000000000242e+01 1.799063129724521801e-02 1.827825335346671895e-02 2.166016423035863059e-02 1.930968296035685469e-02 1.059088562465273220e-01 1.059080010206811112e-01 1.056128446395633719e-01 1.058099006355905924e-01
1.198000000000000043e+01 1.584992592049051102e-02 1.519419766792239404e-02 1.778886821347841485e-02 1.627766393396377215e-02 1.048481732680035666e-01 1.048475460563600137e-01 1.046245695568683715e-01 1.047734296270773358e-01
1.199000000000000199e+01 1.901980836345809958e-02 2.028131309435076551e-02 1.647041686768469654e-02 1.859051277516452286e-02 1.036235657930094922e-01 1.036231308032381920e-01 1.034623257374359118e-01 1.035696741112278746e-01
1.200000000000000000e+01 2.609246327702291479e-02 2.533359328280418432e-02 1.992820481862834017e-02 2.378475379281847976e-02 1.022529859130532209e-01 1.022527048142323064e-01 1.021423616548240709e-01 1.022160174607032179e-01
1.200999999999999801e+01 2.015532707114581559e-02 2.015857630656848337e-02 2.195186158936147588e-02 2.075525498902525481e-02 1.007559212449640196e-01 1.007557538229031657e-01 1.006827819287629266e-01 1.007314856655433660e-01
1.202000000000000313e+01 1.190875021990320422e-02 1.194840244084464410e-02 1.811957570884377422e-02 1.399224278986387418e-02 9.915282771079211854e-02 9.915273245757069698e-02 9.910301472524796207e-02 9.913619163120361566e-02
1.203000000000000114e+01 1.028232649135743179e-02 9.924628080181520720e-03 1.137774631112110912e-02 1.052823362755335446e-02 9.746458217718592665e-02 9.746451680581498522e-02 9.742328050616551327e-02 9.745079316305547967e-02
1.203999999999999915e+01 1.179509118223603936e-02 1.261920360515965053e-02 9.324236830625548880e-03 1.124617720600707901e-02 9.571197574346236581e-02 9.571189762639151222e-02 9.566408420576112681e-02 9.569598585853834882e-02
1.204999999999999716e+01 1.039736327879655503e-02 1.022514645677304393e-02 1.072148041956339816e-02 1.044799671837766571e-02 9.391526327564458931e-02 9.391512981222389922e-02 9.384574880592223833e-02 9.389204729793025617e-02
1.206000000000000227e+01 6.546208481994829007e-03 6.356159804306083655e-03 1.099734724373933187e-02 7.966571843346748755e-03 9.209377934030488211e-02 9.209354826371865532e-02 9.198800355142833229e-02 9.205844371848395657e-02
1.207000000000000028e+01 4.168284314901617334e-03 4.209244954916470556e-03 6.463767380015314826e-03 4.947098883277801194e-03 9.026562547805817849e-02 9.026525511622890408e-02 9.010963516318196143e-02 9.021350525248969521e-02
1.207999999999999829e+01 3.031816428795641900e-03 3.061018721632174141e-03 4.123623479676600395e-03 3.405486210034805623e-03 8.844742914102370068e-02 8.844687864790819198e-02 8.822820577707643497e-02 8.837417118866944254e-02
1.209000000000000341e+01 2.767978816390145955e-03 2.745448048887775497e-03 3.344175728909815765e-03 2.952534198062579072e-03 8.665417084193229036e-02 8.665340041464959786e-02 8.635983726713318542e-02 8.655580284123837176e-02
1.210000000000000142e+01 3.101667265866883856e-03 3.020949630079587233e-03 3.811956676106814223e-03 3.311524524017762060e-03 8.489907324397927280e-02 8.489804433777503601e-02 8.451905830342676396e-02 8.477205862839369555e-02
1.210999999999999943e+01 4.638002266842344672e-03 4.440780995981876908e-03 5.058093684660299426e-03 4.712292315828173379e-03 8.319354407619830583e-02 8.319221962475574494e-02 8.271870804926520493e-02 8.303482391673976115e-02
1.211999999999999744e+01 5.033935741492054187e-03 5.264995648445092505e-03 5.188182552978894829e-03 5.162371314305348041e-03 8.154716382716281631e-02 8.154550847200368879e-02 8.096988882920837238e-02 8.135418704279163971e-02
1.213000000000000256e+01 5.583199254188896121e-03 5.699353361236278621e-03 4.623215592741090549e-03 5.301922736055422053e-03 7.996770903699398914e-02 7.996568936796848159e-02 7.928195934456779004e-02 7.973845258317675821e-02
1.214000000000000057e+01 7.157658832730430520e-03 7.143639431022859136e-03 4.405925458991444450e-03 6.235741240914911658e-03 7.846120253056280969e-02 7.845878733894554036e-02 7.766255997044947679e-02 7.819418327998593765e-02
1.214999999999999858e+01 4.285690452054266401e-03 4.299953277326784389e-03 2.675301134910116653e-03 3.753648288097055814e-03 7.703198295670064810e-02 7.702914350233165675e-02 7.611766220033737429e-02 7.672626288645657822e-02
1.216000000000000369e+01 2.475468774968964201e-03 2.455807361313814760e-03 2.236012293596886281e-03 2.389096143293221747e-03 7.568278736002326257e-02 7.567949765195708389e-02 7.465163526206364253e-02 7.533797342468134817e-02
1.217000000000000171e+01 1.836787364611456577e-03 1.847159971575669437e-03 2.794692498048514419e-03 2.159546611411880361e-03 7.441484205980194999e-02 7.441107914648080468e-02 7.326732416407008563e-02 7.403108179011762269e-02
1.217999999999999972e+01 1.643733330938074774e-03 1.600464516845246299e-03 2.584537512561805531e-03 1.942911786781708868e-03 7.322795870204877600e-02 7.322370296237096232e-02 7.196613480920525940e-02 7.280593215787500849e-02
1.218999999999999773e+01 1.830120676597266462e-03 1.654492543605760911e-03 1.936155984021239443e-03 1.806923068074755678e-03 7.212063386087332051e-02 7.211586928369294325e-02 7.074812321916452984e-02 7.166154212124359324e-02
1.220000000000000284e+01 2.369478257075721336e-03 2.161277928751694985e-03 1.797103194564551518e-03 2.109286460130655946e-03 7.109015188737960456e-02 7.108486632501215263e-02 6.961208724999391750e-02 7.059570182079522027e-02
1.221000000000000085e+01 2.694810375596427832e-03 3.077070126969403199e-03 2.103042294709673177e-03 2.624974265758501547e-03 7.013269175246110432e-02 7.012687713418658264e-02 6.855566036995262846e-02 6.960507641886677643e-02
1.221999999999999886e+01 3.068580136557093763e-03 3.231587055923024199e-03 3.059199028229321951e-03 3.119788740236479826e-03 6.924343933843485344e-02 6.923709183104578835e-02 6.757540805022164976e-02 6.868531307323409718e-02
1.223000000000000398e+01 4.142318151136524171e-03 4.061195472112040517e-03 2.471984372349463749e-03 3.558499331866010057e-03 6.841670695767350374e-02 6.840982706137524461e-02 6.666692803164156467e-02 6.783115401689678026e-02
1.224000000000000199e+01 4.753726840137293720e-03 4.751213219255090436e-03 2.060958446725858883e-03 3.855299502039414346e-03 6.764606179123607010e-02 6.763865435974253382e-02 6.582495613536547274e-02 6.703655742878138202e-02
1.225000000000000000e+01 3.687420759863131465e-03 3.710239487198353867e-03 2.355351889813705676e-03 3.251004045625064103e-03 6.692446444962425744e-02 6.691653862441951373e-02 6.504347935412597981e-02 6.629482747605658366e-02
1.225999999999999801e+01 3.074550997620739603e-03 3.085168611042561713e-03 3.801050824263032656e-03 3.320256810975444513e-03 6.624441799881429505e-02 6.623598705024982825e-02 6.431585768511505208e-02 6.559875424472640104e-02
1.227000000000000313e+01 3.817729878198120735e-03 3.491977748607226831e-03 5.437855314836005476e-03 4.249187647213784925e-03 6.559812663935372934e-02 6.558920771253272386e-02 6.363495555937738468e-02 6.494076330375461725e-02
1.228000000000000114e+01 5.883418438741244358e-03 5.764297788237266948e-03 4.729216304463070703e-03 5.458977510480527047e-03 6.497766188321835168e-02 6.496827565437003627e-02 6.299328282859803507e-02 6.431307345539549747e-02
1.228999999999999915e+01 8.495246894920101266e-03 8.784008849130773774e-03 5.067473273411118688e-03 7.448909672487331532e-03 6.437513268231943864e-02 6.436530293994198459e-02 6.238314415665971446e-02 6.370785992630705052e-02
1.229999999999999716e+01 1.206023815078740777e-02 1.186252736087423099e-02 6.031115341702837987e-03 9.984626951121492247e-03 6.378285468312275275e-02 6.377260785552665845e-02 6.179679442729094085e-02 6.311741898864678402e-02
1.231000000000000227e+01 1.086327867935609967e-02 1.143141540114186311e-02 5.971383937412070089e-03 9.422026005970010956e-03 6.319351277564029534e-02 6.318287743121622779e-02 6.122659654157185799e-02 6.253432891614280065e-02
1.232000000000000028e+01 9.271929737428994539e-03 9.106082728735354764e-03 9.530803575734207722e-03 9.302938680632852342e-03 6.260031052283737685e-02 6.258931687137340993e-02 6.066517687701856315e-02 6.195160142374312590e-02
1.232999999999999829e+01 9.180612381238514169e-03 9.086249083695570675e-03 1.156959471243889682e-02 9.945485392457662291e-03 6.199710001708076679e-02 6.198577943975703414e-02 6.010557285614712142e-02 6.136281743766165003e-02
1.234000000000000341e+01 1.603910341204817583e-02 1.564758435910346135e-02 8.517917476165412505e-03 1.340153508243901656e-02 6.137848628436168991e-02 6.136687091757127288e-02 5.954136665804046769e-02 6.076224128665781710e-02
1.235000000000000142e+01 3.363419234842546235e-02 3.345379906270474352e-02 9.917326816831184902e-03 2.566843940932046764e-02 6.073990155239960415e-02 6.072802394646745205e-02 5.896679920582867385e-02 6.014490823489856974e-02
1.235999999999999943e+01 2.774991423434856885e-02 2.810813903964460778e-02 1.510660620045574387e-02 2.365488649148297581e-02 6.007764644814925920e-02 6.006553931543238967e-02 5.837685923008349015e-02 5.950668166455505559e-02
1.236999999999999744e+01 2.147169720434283571e-02 2.169331927209514066e-02 3.135197588659614093e-02 2.483899745434470577e-02 5.938889735059559721e-02 5.937659340869030217e-02 5.776734343984440273e-02 5.884427806637676506e-02
1.238000000000000256e+01 1.321485687708762007e-02 1.309193639777784038e-02 3.411682856596006536e-02 2.014120728027517584e-02 5.867168148619041762e-02 5.865921339126133754e-02 5.713488555224086052e-02 5.815526014323087189e-02
1.239000000000000057e+01 7.375911048639308479e-03 7.397313656884476479e-03 1.627000190193923779e-02 1.034774220248767598e-02 5.792482366137981925e-02 5.791222401568797001e-02 5.647695399316141063e-02 5.743800055674306432e-02
1.239999999999999858e+01 4.248302818658494101e-03 4.260510846647035804e-03 7.853415984040693423e-03 5.454076549782073575e-03 5.714787051448069061e-02 5.713517192309895687e-02 5.579182028205299099e-02 5.669162090654421282e-02
1.241000000000000369e+01 2.897354838496307532e-03 2.892916407475433320e-03 4.822677606452183650e-03 3.537649617474641212e-03 5.634099959838576727e-02 5.632823474481413878e-02 5.507850221333789736e-02 5.591591218551260345e-02
1.242000000000000171e+01 2.352849285864419982e-03 2.331295011176065437e-03 3.769791859997614555e-03 2.817978719012699702e-03 5.550492130112934241e-02 5.549212301092799893e-02 5.433668769956892519e-02 5.511124400387543143e-02
1.242999999999999972e+01 2.245139164037051899e-03 2.179788389495325527e-03 3.301641579621857146e-03 2.575523044384744713e-03 5.464078148976438815e-02 5.462798275469794157e-02 5.356664633073561499e-02 5.427847019173265286e-02
1.243999999999999773e+01 2.635111211663375506e-03 2.423758913504899144e-03 2.483140853085585679e-03 2.514003659417953299e-03 5.375007184384265196e-02 5.373730578494946564e-02 5.276913617789830147e-02 5.341883793556347071e-02
1.245000000000000284e+01 3.502440833715931255e-03 3.440646236478515918e-03 2.119497261696559089e-03 3.020861443963668465e-03 5.283455325042835798e-02 5.282185300584014975e-02 5.194531306349294691e-02 5.253390643992048720e-02
1.246000000000000085e+01 4.633533963471174813e-03 5.029705910397590414e-03 2.250536714042098048e-03 3.971258862636954136e-03 5.189619557042046694e-02 5.188359410150684276e-02 5.109664847595097453e-02 5.162547938262609937e-02
1.246999999999999886e+01 6.800713004704309755e-03 6.957293265899133251e-03 3.017194628793937444e-03 5.591733633132459427e-03 5.093713481850044994e-02 5.092466463568920410e-02 5.022486066171517882e-02 5.069555337196827299e-02
1.248000000000000398e+01 1.088442200978343051e-02 1.067298410878985727e-02 4.826387640923125028e-03 8.794597919832137026e-03 4.995964660827616199e-02 4.994733942608175353e-02 4.933186140322985691e-02 4.974628247919592183e-02
1.249000000000000199e+01 1.240762454813016009e-02 1.247581427231687738e-02 7.552722944741407929e-03 1.081205392172948296e-02 4.896613286131745735e-02 4.895401919998357970e-02 4.841971885237087575e-02 4.877995697122397556e-02
1.250000000000000000e+01 1.435809123676112103e-02 1.390525297356602109e-02 1.234559150394231794e-02 1.353631190475648727e-02 4.795911746950000387e-02 4.794722622706738130e-02 4.749063480511446500e-02 4.779899283389395237e-02
1.250999999999999801e+01 1.569459513144641494e-02 1.566793690168374192e-02 1.204474393632991996e-02 1.446909198982002445e-02 4.694124595563391872e-02 4.692960397847802112e-02 4.654693321366235037e-02 4.680592771592476803e-02
1.252000000000000313e+01 1.251481199880093154e-02 1.276923488223853827e-02 1.474168558192054564e-02 1.334191082098667124e-02 4.591528422405147247e-02 4.590391590446395165e-02 4.559105570374265282e-02 4.580341861075268306e-02
1.253000000000000114e+01 8.384638597935941892e-03 8.518771073193244503e-03 1.477689720644395459e-02 1.056010229252438148e-02 4.488411216236119772e-02 4.487303908888324450e-02 4.462555947811420315e-02 4.479423690978621281e-02
1.253999999999999915e+01 4.668921896910710120e-03 4.622863924644428357e-03 8.891993140630135087e-03 6.061259654061757277e-03 4.385070900391181692e-02 4.383994968482425592e-02 4.365311323098835378e-02 4.378125730657480424e-02
1.254999999999999716e+01 2.536187891616927502e-03 2.518005254274918638e-03 5.333363834281961043e-03 3.462518993391269784e-03 4.281812879502368274e-02 4.280769846892332892e-02 4.267648747805166676e-02 4.276743824733289512e-02
1.256000000000000227e+01 1.642650480400394434e-03 1.634419641174511073e-03 4.556411836705025371e-03 2.611160652759977104e-03 4.178946582321071967e-02 4.177937636396462234e-02 4.169853686998738901e-02 4.175579301905424368e-02
1.257000000000000028e+01 1.229676292500456875e-03 1.216954774132751518e-03 2.561399218193081018e-03 1.669343428275429876e-03 4.076781125744887574e-02 4.075807117493213116e-02 4.072217341731917267e-02 4.074935194990005755e-02
1.257999999999999829e+01 1.044382561049039208e-03 1.009263554741002744e-03 1.548597619766088574e-03 1.200747911852043581e-03 3.975620337329553028e-02 3.974681790603805387e-02 3.975033092392551287e-02 3.975111740108637493e-02
1.259000000000000341e+01 1.038359236591044482e-03 9.590328114948922953e-04 1.121723519559759616e-03 1.039705189215231950e-03 3.875757448054392706e-02 3.874854577144137141e-02 3.878592213926584237e-02 3.876401413041705157e-02
1.260000000000000142e+01 1.090368619335956631e-03 1.146234498443927941e-03 9.196426542623742329e-04 1.052081924014086232e-03 3.777469799647018012e-02 3.776602533840778264e-02 3.783179106732479507e-02 3.779083813406758363e-02
1.260999999999999943e+01 1.227926664258342185e-03 1.264765274500503434e-03 8.543034664949242284e-04 1.115665135084589841e-03 3.681013902647995578e-02 3.680181916134671327e-02 3.689066343633101708e-02 3.683420720805255510e-02
1.261999999999999744e+01 1.203165398386648721e-03 1.228048268404115370e-03 8.914794228209544985e-04 1.107564363203906305e-03 3.586621138680537446e-02 3.585823883935860407e-02 3.596509851018057230e-02 3.589651624544817898e-02
1.263000000000000256e+01 1.053240276421163295e-03 1.059207667784095976e-03 1.029672182374037235e-03 1.047373375526432096e-03 3.494494332486124122e-02 3.493731075303371097e-02 3.505744523429334125e-02 3.497989977072942652e-02
1.264000000000000057e+01 7.857541217588129377e-04 7.760892830873781807e-04 1.247674085969108617e-03 9.365058302717667229e-04 3.404805337184454300e-02 3.404075191674089951e-02 3.416980521803212462e-02 3.408620350220586265e-02
1.264999999999999858e+01 5.977155404653020348e-04 5.935702358389245313e-04 1.118741400439383395e-03 7.700090589145365452e-04 3.317693690844253362e-02 3.316995653026473534e-02 3.330400435637998618e-02 3.321696593169575634e-02
1.266000000000000369e+01 5.757526262076367559e-04 5.626396268270629974e-04 9.891055560003081826e-04 7.091659363450026092e-04 3.233266323260489128e-02 3.232599302164679972e-02 3.246157409340380551e-02 3.237341011588516781e-02
1.267000000000000171e+01 6.754120166676374484e-04 6.629186881059122814e-04 6.546567988575948630e-04 6.643291678770482699e-04 3.151598225781777896e-02 3.150961071288591042e-02 3.164374253408810955e-02 3.155644516826393298e-02
1.267999999999999972e+01 7.609803067141046031e-04 7.427900841504652503e-04 5.397108567940620168e-04 6.811604158862104427e-04 3.072733948403694182e-02 3.072125475295345645e-02 3.085143490912390860e-02 3.076667638203810229e-02
1.268999999999999773e+01 9.767881437973335509e-04 9.772712932899741637e-04 5.646138105536088747e-04 8.395577492136388270e-04 2.996689758692736710e-02 2.996108766628495859e-02 3.008528235238755108e-02 3.000442253519996008e-02
1.270000000000000284e+01 1.319868401956231186e-03 1.365602159816159053e-03 7.441038344063615785e-04 1.143191465392917128e-03 2.923456285697573903e-02 2.922901575077943223e-02 2.934563759378192027e-02 2.926973873384569602e-02
1.271000000000000085e+01 9.439026116968227955e-04 9.368919167864469145e-04 1.055976097443519319e-03 9.789235419755961624e-04 2.853001476479745391e-02 2.852471860421928671e-02 2.863259600255057408e-02 2.856244312385576578e-02
1.271999999999999886e+01 8.688535044749583864e-04 8.575154342927894394e-04 1.405273692048059986e-03 1.043880876938602532e-03 2.785273709871729370e-02 2.784768022726565387e-02 2.794602041435287343e-02 2.788214591344527482e-02
1.273000000000000398e+01 8.694437208271749845e-04 8.614816821013777546e-04 9.983215496288480074e-04 9.097489841858001766e-04 2.720204937403356005e-02 2.719722040419969913e-02 2.728556830181745607e-02 2.722827936001690277e-02
1.274000000000000199e+01 5.931980661165180439e-04 6.119124414242829149e-04 6.383675544007247999e-04 6.144926873138419196e-04 2.657713750906432956e-02 2.657252535690248288e-02 2.665072005841597272e-02 2.660012764146092376e-02
1.275000000000000000e+01 4.578824482425475763e-04 4.580688496822829807e-04 4.519824247912582909e-04 4.559779075720296160e-04 2.597708306157425762e-02 2.597267696566677581e-02 2.604080741453330614e-02 2.599685581392478101e-02
1.275999999999999801e+01 4.813088290755379930e-04 4.622118242906637984e-04 3.912481377000336861e-04 4.449229303554118439e-04 2.540089058719557924e-02 2.539668011769819628e-02 2.545504125641686807e-02 2.541753732043687888e-02
1.277000000000000313e+01 6.612970588959205106e-04 6.409907494444800269e-04 4.170702075804283405e-04 5.731193386402763830e-04 2.484751289580168845e-02 2.484348795835172180e-02 2.489253834312233835e-02 2.486117973242524953e-02
1.278000000000000114e+01 8.470577943348382667e-04 8.842312560220353572e-04 5.395485786384770230e-04 7.569458763317835851e-04 2.431587412935099987e-02 2.431202496789519260e-02 2.435234659571088728e-02 2.432674856431902774e-02
1.278999999999999915e+01 8.228428417045213555e-04 7.806748091574350389e-04 6.330509725210640244e-04 7.455228744610067340e-04 2.380489066426395850e-02 2.380120786574678807e-02 2.383346875926781183e-02 2.381318909642618845e-02
1.279999999999999716e+01 7.814938358095554300e-04 8.037774694465807694e-04 7.873394584058783247e-04 7.908702545540048775e-04 2.331348986241017773e-02 2.330996436507399086e-02 2.333488431190052295e-02 2.331944617979489487e-02
1.281000000000000227e+01 6.516041840296773113e-04 6.770679123379501427e-04 8.992273278275991072e-04 7.426331413984088537e-04 2.284062667346225053e-02 2.283724977916504542e-02 2.285556952504951000e-02 2.284448199255893763e-02
1.282000000000000028e+01 6.250833240236767238e-04 6.439498469739975530e-04 7.283623721152573125e-04 6.657985143709772326e-04 2.238529804966022524e-02 2.238206143929231257e-02 2.239451557904552012e-02 2.238729168933268482e-02
1.282999999999999829e+01 7.574621314967934678e-04 7.402190992382337012e-04 5.394024586511735964e-04 6.790278964620669218e-04 2.194655509280791714e-02 2.194345084281706937e-02 2.195074462182285829e-02 2.194691685248261262e-02
1.284000000000000341e+01 1.258423560681145659e-03 1.241427447014528717e-03 5.641673031265948641e-04 1.021339436940756377e-03 2.152351283130518600e-02 2.152053342899357818e-02 2.152332364153478061e-02 2.152245663394452072e-02
1.285000000000000142e+01 1.787309521093668812e-03 1.754891765432276766e-03 8.303365468129837680e-04 1.457512611112976413e-03 2.111535753314797495e-02 2.111249588843102515e-02 2.111137601709636366e-02 2.111307647955846037e-02
1.285999999999999943e+01 1.403251236426930875e-03 1.440883078502411393e-03 1.347654208471610847e-03 1.397262841133650822e-03 2.072135150233729226e-02 2.071860095408376706e-02 2.071409062255520975e-02 2.071801435965875404e-02
1.286999999999999744e+01 1.162757795741194231e-03 1.166086213786328690e-03 2.163567728611661811e-03 1.497470579379728316e-03 2.034083537581006865e-02 2.033818969155552422e-02 2.033072839562512918e-02 2.033658448766357749e-02
1.288000000000000256e+01 8.073099793398278530e-04 7.913829007237481710e-04 1.422576184086530139e-03 1.007089688050035424e-03 1.997322802497579833e-02 1.997068139343194035e-02 1.996062633811563486e-02 1.996817858550779118e-02
1.289000000000000057e+01 5.277105169857569666e-04 5.338253199764043467e-04 6.875601733241780726e-04 5.830320034287798676e-04 1.961802425734483768e-02 1.961557127369915193e-02 1.960319899098723548e-02 1.961226484067707734e-02
1.289999999999999858e+01 4.240886865237529762e-04 4.305390323669501767e-04 4.703351597785964430e-04 4.416542928897665139e-04 1.927479059667282224e-02 1.927242624137286489e-02 1.925793751272290508e-02 1.926838478358952958e-02
1.291000000000000369e+01 3.558213702051154039e-04 3.535200291581794686e-04 4.734451437017977667e-04 3.942621810216975645e-04 1.894315948535102434e-02 1.894087909768947184e-02 1.892440657690409173e-02 1.893614838664819597e-02
1.292000000000000171e+01 3.481762405194649217e-04 3.482289331166716728e-04 4.256875144815445576e-04 3.740308960392271049e-04 1.862282229475278883e-02 1.862062154305431719e-02 1.860223938265813393e-02 1.861522774015507767e-02
1.292999999999999972e+01 3.696265178936904584e-04 3.735224688060555459e-04 3.440816289802851066e-04 3.624102052266770370e-04 1.831352154559933929e-02 1.831139639587793175e-02 1.829113113150766454e-02 1.830534969099497505e-02
1.293999999999999773e+01 3.375785183599757104e-04 3.300760136346336804e-04 4.054219968071300496e-04 3.576921762672464621e-04 1.801504273124468480e-02 1.801298941602719889e-02 1.799083136021056156e-02 1.800628783582748291e-02
1.295000000000000284e+01 3.849858888911900524e-04 3.806067517630748812e-04 4.890790870591814896e-04 4.182239092378154744e-04 1.772720610418199172e-02 1.772522109253237346e-02 1.770113552930623058e-02 1.771785424200686757e-02
1.296000000000000085e+01 3.906236878116634633e-04 3.916030982134320951e-04 4.130285963527884031e-04 3.984184607926280052e-04 1.744985873407176730e-02 1.744793870322806917e-02 1.742187625348888547e-02 1.743989123026291194e-02
1.296999999999999886e+01 4.384922220896167867e-04 4.431348918510427540e-04 3.077946707598670437e-04 3.964739282335088795e-04 1.718286707983913975e-02 1.718100888847177293e-02 1.715291452758524807e-02 1.717226349863205589e-02
1.298000000000000398e+01 3.289022202151768259e-04 3.300033981172410423e-04 2.143001546174742649e-04 2.910685909832973596e-04 1.692611024653794052e-02 1.692431090964792093e-02 1.689413125769793564e-02 1.691485080462793236e-02
1.299000000000000199e+01 2.143633690187758982e-04 2.146921700149049021e-04 1.763280678650837882e-04 2.017945356329215205e-04 1.667947402813297481e-02 1.667773069377256542e-02 1.664541935630986166e-02 1.666754135940513512e-02
1.300000000000000000e+01 1.719694538900514455e-04 1.721685741888948854e-04 1.566010249475897030e-04 1.669130176755119932e-04 1.644284577720405913e-02 1.644115570548441985e-02 1.640667660768000899e-02 1.643022603012283048e-02
1.300999999999999801e+01 1.530539676376326723e-04 1.532477884118477890e-04 1.454741784947057612e-04 1.505919781813954165e-04 1.621611009593957112e-02 1.621447064083494580e-02 1.617779945694050592e-02 1.620279339790500761e-02
1.302000000000000313e+01 1.428000902861206224e-04 1.432067480738206055e-04 1.384612282788667175e-04 1.414893555462693061e-04 1.599914531070142920e-02 1.599755390483992290e-02 1.595867782183855652e-02 1.598512567912663621e-02
1.303000000000000114e+01 1.368346807047991797e-04 1.379128864022558659e-04 1.338132957159221417e-04 1.361869542743257111e-04 1.579182067187384284e-02 1.579027481429405924e-02 1.574919096989901499e-02 1.577709548535563902e-02
1.303999999999999915e+01 1.340355465086393277e-04 1.334128466663948604e-04 1.309377267989577656e-04 1.327953733246639936e-04 1.559399420831201165e-02 1.559249145479446597e-02 1.554920444654256211e-02 1.557856336988301324e-02
1.304999999999999716e+01 1.323045406821004904e-04 1.301098878668163880e-04 1.300735801081201232e-04 1.308293362190123519e-04 1.540551115752535581e-02 1.540404911315578114e-02 1.535856798399070841e-02 1.538937608489061512e-02
1.306000000000000227e+01 1.329406381278259552e-04 1.292467656241087781e-04 1.321691995606599497e-04 1.314522011041982367e-04 1.522620288771359479e-02 1.522477920161981885e-02 1.517711427285745908e-02 1.520936545406362424e-02
1.307000000000000028e+01 1.341995987703184501e-04 1.314270584371741133e-04 1.326806359783058091e-04 1.327690977285994665e-04 1.505588622620559862e-02 1.505449858892933708e-02 1.500465844528406194e-02 1.503834775347299979e-02
1.307999999999999829e+01 1.373866607019016387e-04 1.400454125800748323e-04 1.379589878344229944e-04 1.384636870387998128e-04 1.489436311252463271e-02 1.489300925647387384e-02 1.484099810483289171e-02 1.487612349127712986e-02
1.309000000000000341e+01 1.548794746886493555e-04 1.545020674910067263e-04 1.567477236404499663e-04 1.553764219400353584e-04 1.474142050275691757e-02 1.474009820597425684e-02 1.468591374554312733e-02 1.472247748475810289e-02
1.310000000000000142e+01 1.816745208287249788e-04 1.804781338325849634e-04 1.840611506648528930e-04 1.820712684420542965e-04 1.459683046409692569e-02 1.459553755708258363e-02 1.453916942688633987e-02 1.457717914935528249e-02
1.310999999999999943e+01 1.926795693897741973e-04 2.154115048209339310e-04 1.906753347626416115e-04 1.995888029911165799e-04 1.446035041154197266e-02 1.445908478639236841e-02 1.440051360561642180e-02 1.443998293451691922e-02
1.311999999999999744e+01 1.954250333942199726e-04 2.037502054248019985e-04 2.182418726550766045e-04 2.058057038246995432e-04 1.433172345023505864e-02 1.433048307120325139e-02 1.426968006141562245e-02 1.431062886095131083e-02
1.313000000000000256e+01 2.127426578865272146e-04 2.061842207356235626e-04 2.315073109304556628e-04 2.168113965175354891e-04 1.421067879635020716e-02 1.420946171124635310e-02 1.414638888458550833e-02 1.418884313072735735e-02
1.314000000000000057e+01 2.571301440111070213e-04 2.211523348578556497e-04 2.816137844395523253e-04 2.532987544361716835e-04 1.409693225887980600e-02 1.409573661117674917e-02 1.403034751779654379e-02 1.407433879595103646e-02
1.314999999999999858e+01 3.256558390645517779e-04 2.876948186313314109e-04 3.509356327130115681e-04 3.214287634696315495e-04 1.399018677749798954e-02 1.398901081939330805e-02 1.392125186178062510e-02 1.396681648622397423e-02
1.316000000000000369e+01 3.138497391804383717e-04 3.641547517501935046e-04 3.019376450048156775e-04 3.266473786451492027e-04 1.389013303074177613e-02 1.388897513738895743e-02 1.381878746942733979e-02 1.386596521251935894e-02
1.317000000000000171e+01 2.541826129948403668e-04 2.784445205530471524e-04 2.537077578597426151e-04 2.621116304692100809e-04 1.379645015424414006e-02 1.379530883901206734e-02 1.372263086685754363e-02 1.377146328670458310e-02
1.317999999999999972e+01 2.016271196188120472e-04 2.023878198421671351e-04 2.178998893288684909e-04 2.073049429299492425e-04 1.370880663712231370e-02 1.370768056714092610e-02 1.363245105393373451e-02 1.368297941939899086e-02
1.318999999999999773e+01 1.975927441101032209e-04 2.001122027004404011e-04 1.946823110325491125e-04 1.974624192810309025e-04 1.362686148907753594e-02 1.362574950007451602e-02 1.354791124784841989e-02 1.360017407900015844e-02
1.320000000000000284e+01 2.336077942955636360e-04 2.278925640650665118e-04 1.912517394266572215e-04 2.175840325957624564e-04 1.355026578390064289e-02 1.354916689344696362e-02 1.346867093698098615e-02 1.352270120477619582e-02
1.321000000000000085e+01 2.202142050303664532e-04 2.022809555928514248e-04 1.855137155418445504e-04 2.026696253883541337e-04 1.347866468115880081e-02 1.347757809997200511e-02 1.339438830394867885e-02 1.345021036169316044e-02
1.321999999999999886e+01 2.538889800746919412e-04 2.212793904859524719e-04 2.224132988092996505e-04 2.325272231233146698e-04 1.341170000434972753e-02 1.341062514587557618e-02 1.332472305411343955e-02 1.338234940144624775e-02
1.323000000000000398e+01 2.862808649384360085e-04 2.960560502230404610e-04 3.147807713172365534e-04 2.990392288262377104e-04 1.334901341236770927e-02 1.334794990109980546e-02 1.325933964952802878e-02 1.331876765433184784e-02
1.324000000000000199e+01 3.862262271181068581e-04 4.207082774194388186e-04 4.055322370499126372e-04 4.041555805291527532e-04 1.329025014704722854e-02 1.328919782585760538e-02 1.319791090255578725e-02 1.325911962515353981e-02
1.325000000000000000e+01 4.122556306107833619e-04 4.094493012177444213e-04 4.856955058379751485e-04 4.358001458888342925e-04 1.323506327962547906e-02 1.323402221578903748e-02 1.314012183493402409e-02 1.320306911011617963e-02
1.325999999999999801e+01 5.732276211614160781e-04 5.541692642837479617e-04 7.331231054081528220e-04 6.201733302844389178e-04 1.318311832085114488e-02 1.318208880973524913e-02 1.308567366408620869e-02 1.315029359822419801e-02
1.327000000000000313e+01 6.359124245681223916e-04 6.759339406988965808e-04 6.869570785572731838e-04 6.662678146080973493e-04 1.313409801026994492e-02 1.313308057532237665e-02 1.303428774588214975e-02 1.310048877715815942e-02
1.328000000000000114e+01 5.016496709132664111e-04 5.157969196952636370e-04 6.347840500375174231e-04 5.507435468820158237e-04 1.308770706513099312e-02 1.308670245296515537e-02 1.298570928667242171e-02 1.305337293492285673e-02
1.328999999999999915e+01 6.757220610188929746e-04 6.383908419175505057e-04 7.638353512116720844e-04 6.926494180493717465e-04 1.304367665295485049e-02 1.304268582281374426e-02 1.293971063946739407e-02 1.300869103841199859e-02
1.329999999999999716e+01 1.022449620446798683e-03 9.672619665229845523e-04 7.806061749316628917e-04 9.234392539671488175e-04 1.300176835607394152e-02 1.300079246348554568e-02 1.289609401899244855e-02 1.296621827951731191e-02
1.331000000000000227e+01 1.099411026623742498e-03 1.103204143964663748e-03 7.414254533928801892e-04 9.813468746604288480e-04 1.296177742079401840e-02 1.296081779562765525e-02 1.285469350568626407e-02 1.292576290736931199e-02
1.332000000000000028e+01 1.058267682806408524e-03 1.103360204517876654e-03 9.327959984110860544e-04 1.031474628578457186e-03 1.292353512670904939e-02 1.292259324576113151e-02 1.281537625449965558e-02 1.288716820898994607e-02
1.332999999999999829e+01 7.246806524282329741e-04 7.715163441797596479e-04 8.247269271808147818e-04 7.736413079296024318e-04 1.288691016825710065e-02 1.288598762222266034e-02 1.277804287519927057e-02 1.285031355522634443e-02
1.334000000000000341e+01 5.970243862138916325e-04 5.919744394371567959e-04 5.633772294807116651e-04 5.841253517105867701e-04 1.285180900498104906e-02 1.285090745952707954e-02 1.274262700088261112e-02 1.281511448846357933e-02
1.335000000000000142e+01 6.184010730088453653e-04 5.720782004899930499e-04 4.208100548848996625e-04 5.370964427945793592e-04 1.281817520261722791e-02 1.281729635342453329e-02 1.270909410541124114e-02 1.278152188715100251e-02
1.335999999999999943e+01 5.454757012121190952e-04 5.179295319824433206e-04 4.304634891312922882e-04 4.979562407752849374e-04 1.278598784787279667e-02 1.278513337020653444e-02 1.267743966448644892e-02 1.274952029418859392e-02
1.336999999999999744e+01 5.987775094830013502e-04 5.948396017846120524e-04 3.754000365635287522e-04 5.230057159437141419e-04 1.275525917001447615e-02 1.275443066446723707e-02 1.264768677645302514e-02 1.271912553697824612e-02
1.338000000000000256e+01 6.588239474026913499e-04 6.977943721541312498e-04 3.968330832014058617e-04 5.844838009194094691e-04 1.272603153770299547e-02 1.272523047478910270e-02 1.261988336762180640e-02 1.269038179337129979e-02
1.339000000000000057e+01 6.014553206551246116e-04 6.634256189778886233e-04 5.563329937080107191e-04 6.070713111136745790e-04 1.269837401867240055e-02 1.269760168545914017e-02 1.259409910233566521e-02 1.266335826882240140e-02
1.339999999999999858e+01 6.378998412773127184e-04 5.854508322563612126e-04 8.239073420841639718e-04 6.824193385392792648e-04 1.267237869016224136e-02 1.267163614235357338e-02 1.257042210427608379e-02 1.263814564559730125e-02
1.341000000000000369e+01 5.768352867981978637e-04 5.205297307616223732e-04 8.332160615647728240e-04 6.435270263748644982e-04 1.264815687122438845e-02 1.264744489338146503e-02 1.254895557368059140e-02 1.261485244609548105e-02
1.342000000000000171e+01 7.173548099206628883e-04 7.208986786516440861e-04 6.934467105299975918e-04 7.105667330341015582e-04 1.262583541695626137e-02 1.262515449290793103e-02 1.252981435947990961e-02 1.259360142311470067e-02
1.342999999999999972e+01 5.680112300556131163e-04 5.951615621518182350e-04 5.970122802508219615e-04 5.867283574860844737e-04 1.260555317339158085e-02 1.260490346818623000e-02 1.251312152085504344e-02 1.257452605414428534e-02
1.343999999999999773e+01 5.310175089958350109e-04 5.597280034142279983e-04 7.040245996776038325e-04 5.982567040292223167e-04 1.258745764751673796e-02 1.258683900211102387e-02 1.249900489232186850e-02 1.255776718064987620e-02
1.345000000000000284e+01 7.419722351704846793e-04 7.536523241356572799e-04 5.471558847874192361e-04 6.809268146978537679e-04 1.257170190546121578e-02 1.257111384526488074e-02 1.248759365613664324e-02 1.254346980228757992e-02
1.346000000000000085e+01 4.952210372921188363e-04 4.793166510252241030e-04 5.298915657883570282e-04 5.014764180352333225e-04 1.255844168062905664e-02 1.255788343885980325e-02 1.247901492533294229e-02 1.253178001494060015e-02
1.346999999999999886e+01 3.547641334033148504e-04 3.397694798695748684e-04 4.435931823310238073e-04 3.793755985346378601e-04 1.254783265484707248e-02 1.254730321112547918e-02 1.247339035421687198e-02 1.252284207339647570e-02
1.348000000000000398e+01 3.543641934120672025e-04 3.503840794637705499e-04 2.977444065897268534e-04 3.341642264885214810e-04 1.254002786824550721e-02 1.253952600154554717e-02 1.247083281365059075e-02 1.251679556114721620e-02
1.349000000000000199e+01 2.985984810179852797e-04 3.006623172522104935e-04 2.878980734458048583e-04 2.957196239053335438e-04 1.253517521448802366e-02 1.253469956791587042e-02 1.247144319234145052e-02 1.251377265824844820e-02
1.350000000000000000e+01 3.418499719335339531e-04 3.307013030892711597e-04 2.467094968877957327e-04 3.064202573035336333e-04 1.253341498121884369e-02 1.253296413464032553e-02 1.247530740469771429e-02 1.251389550685229335e-02
1.350999999999999801e+01 5.686092950227990273e-04 5.308506138589371261e-04 2.369375369052769363e-04 4.454658152623376514e-04 1.253487739764284209e-02 1.253444994333026245e-02 1.248249369310426224e-02 1.251727367802578893e-02
1.352000000000000313e+01 9.200289674472834521e-04 9.920500655910640102e-04 2.876803661881812421e-04 7.332531330755096043e-04 1.253968015134731759e-02 1.253927476789819771e-02 1.249305030458243600e-02 1.252400174127598319e-02
1.353000000000000114e+01 8.348118263086873542e-04 8.809775783694008934e-04 4.557392128461426562e-04 7.238428725080770041e-04 1.254792583863355987e-02 1.254754135922049769e-02 1.250700359948212284e-02 1.253415693244539116e-02
1.353999999999999915e+01 7.819966043069907042e-04 7.760619433653407956e-04 9.087904814745048285e-04 8.222830097156120371e-04 1.255969932334674057e-02 1.255933479536541428e-02 1.252435661916386118e-02 1.254779691262533810e-02
1.354999999999999716e+01 8.263762633439414654e-04 7.630560488337672373e-04 9.802518928333958832e-04 8.565614016703681230e-04 1.257506500488795968e-02 1.257471973865517505e-02 1.254508811009927109e-02 1.256495761788080194e-02
1.356000000000000227e+01 6.539305043891147258e-04 6.132057027175779424e-04 9.692770749895396939e-04 7.454710940320775263e-04 1.259406403949950813e-02 1.259373764380753574e-02 1.256915198364595004e-02 1.258565122231766406e-02
1.357000000000000028e+01 5.127622358754074707e-04 5.357763428175374475e-04 8.043368586476498400e-04 6.176251457801982528e-04 1.261671161740523898e-02 1.261640401960509132e-02 1.259647719124907389e-02 1.260986427608646633e-02
1.357999999999999829e+01 3.486010205286599133e-04 3.534277794402222879e-04 6.392863742040663655e-04 4.471050580576495042e-04 1.264299446298930776e-02 1.264270591150538740e-02 1.262696801571513983e-02 1.263755613006994731e-02
1.359000000000000341e+01 2.565012721537995670e-04 2.885051836948116302e-04 3.842323015542955622e-04 3.097462524676355684e-04 1.267286878310963996e-02 1.267259983120311122e-02 1.266050481542138444e-02 1.266865780991137738e-02
1.360000000000000142e+01 2.527515260717845568e-04 2.741469669789834990e-04 2.797506475978890476e-04 2.688830468828857373e-04 1.270625892578874233e-02 1.270601039706621173e-02 1.269694529855660767e-02 1.270307154047052231e-02
1.360999999999999943e+01 2.831148390171577250e-04 2.597161904635844707e-04 2.592039790616919130e-04 2.673450028474780001e-04 1.274305701698288940e-02 1.274282995497213675e-02 1.273612643424773018e-02 1.274067113540091820e-02
1.361999999999999744e+01 2.430260942692941942e-04 2.345147538007763945e-04 2.845035044169043196e-04 2.540147841623249694e-04 1.278312381164943730e-02 1.278291941700724493e-02 1.277786711404071442e-02 1.278130344756579946e-02
1.363000000000000256e+01 2.474870656816584736e-04 2.442060077849348191e-04 3.823132658080517950e-04 2.913354464248816417e-04 1.282629092912476558e-02 1.282611048836404186e-02 1.282197165351382437e-02 1.282479102366754393e-02
1.364000000000000057e+01 3.045138509301994752e-04 3.018776635034845055e-04 6.838232803305690491e-04 4.300715982547509918e-04 1.287236455126761214e-02 1.287220936026987027e-02 1.286823417195083301e-02 1.287093602782943963e-02
1.364999999999999858e+01 4.632714886166489489e-04 4.577770402544799029e-04 1.342842594677026713e-03 7.546303745160518007e-04 1.292113055978257215e-02 1.292100184463120666e-02 1.291644381940196089e-02 1.291952540793857990e-02
1.366000000000000369e+01 8.966567354727477150e-04 8.866286419303716880e-04 1.072221438789549772e-03 9.518356053975563554e-04 1.297236099182330106e-02 1.297225982927642865e-02 1.296639075069368902e-02 1.297033719059780855e-02
1.367000000000000171e+01 1.442038159597989642e-03 1.458225491093787006e-03 7.863086153894609546e-04 1.228857422027079165e-03 1.302582161329244627e-02 1.302574885380300938e-02 1.301787269053272279e-02 1.302314771920939397e-02
1.367999999999999972e+01 1.291120918502140866e-03 1.296950003035943514e-03 7.296941673474866951e-04 1.105921696295190503e-03 1.308128035280525445e-02 1.308123654996444507e-02 1.307070190024241067e-02 1.307773960100403789e-02
1.368999999999999773e+01 9.457626118783894840e-04 9.468099676310441463e-04 6.885469688699450514e-04 8.603731827931262273e-04 1.313851630334471332e-02 1.313850165421960765e-02 1.312471234208073892e-02 1.313391009988168490e-02
1.370000000000000284e+01 8.233432510587352510e-04 8.201108322876924121e-04 6.971171384939369407e-04 7.801904072801214623e-04 1.319732897474170177e-02 1.319734327483365090e-02 1.317976682993971839e-02 1.319147969317169093e-02
1.371000000000000085e+01 6.402607446756031087e-04 6.412474693077788992e-04 7.932833621743531037e-04 6.915971920525784428e-04 1.325754745764030906e-02 1.325759007233074521e-02 1.323576394122260094e-02 1.325030049039788507e-02
1.371999999999999886e+01 6.394674115371529969e-04 6.503963229612176903e-04 9.763410082785117013e-04 7.554015809256274267e-04 1.331903913255007808e-02 1.331910898442617737e-02 1.329264443497665642e-02 1.331026418398430396e-02
1.373000000000000398e+01 1.013964378712472201e-03 1.030779751363508200e-03 1.877227663487712229e-03 1.307323931187897833e-03 1.338171752857725445e-02 1.338181309810391670e-02 1.335039687851799495e-02 1.337130916839972088e-02
1.374000000000000199e+01 1.601748850623934415e-03 1.545325780636221200e-03 2.325651201062424282e-03 1.824241944107526632e-03 1.344554891716066326e-02 1.344566825357628240e-02 1.340906214417392044e-02 1.343342643830362261e-02
1.375000000000000000e+01 2.304651242720740650e-03 2.279946036575521400e-03 1.885072466851480657e-03 2.156556582049247352e-03 1.351055723396553214e-02 1.351069797400965278e-02 1.346873642223741369e-02 1.349666387673753402e-02
1.375999999999999801e+01 2.603298855460602947e-03 2.654497670531772921e-03 1.633172992904290913e-03 2.296989839632222839e-03 1.357682697286717241e-02 1.357698636643041995e-02 1.352957242761505807e-02 1.356112858897088463e-02
1.377000000000000313e+01 1.556439168702545813e-03 1.577003502320837702e-03 1.304866998968185745e-03 1.479436556663856275e-03 1.364450379770691842e-02 1.364467874064408462e-02 1.359177856790799374e-02 1.362698703541966733e-02
1.378000000000000114e+01 8.365483621290259854e-04 8.405924629302426740e-04 9.949305123500519141e-04 8.906904458031068578e-04 1.371379276548367367e-02 1.371397983987674048e-02 1.365561598563187935e-02 1.369446286366409783e-02
1.378999999999999915e+01 6.843432035855049169e-04 6.949421515370705861e-04 1.159873460131517157e-03 8.463862717513643283e-04 1.378495423219918206e-02 1.378514975345344548e-02 1.372139356766714086e-02 1.376383251777325845e-02
1.379999999999999716e+01 8.750301669107898254e-04 8.540767582764743253e-04 8.094847624201194055e-04 8.461972292024612938e-04 1.385829769398523766e-02 1.385849776294568320e-02 1.378946120096773142e-02 1.383541888596621916e-02
1.381000000000000227e+01 1.131841242816160375e-03 1.095809173368810950e-03 6.532501923192738638e-04 9.603002028347484322e-04 1.393417397486997229e-02 1.393437453243882157e-02 1.386020171327947623e-02 1.390958340686275670e-02
1.382000000000000028e+01 1.152772313669246868e-03 1.163453711333728088e-03 7.763046995827432026e-04 1.030843574861906161e-03 1.401296628585398107e-02 1.401316316784001828e-02 1.393402204520856683e-02 1.398671716630085597e-02
1.382999999999999829e+01 6.432904898703574155e-04 6.419175647552298729e-04 5.721664828457853104e-04 6.191248458237908663e-04 1.409508073410234430e-02 1.409526972504768216e-02 1.401134424062906551e-02 1.406723156659302892e-02
1.384000000000000341e+01 4.316954519565621880e-04 4.475744486251775965e-04 4.366364551961821375e-04 4.386354519259740101e-04 1.418093685238718156e-02 1.418111373820606438e-02 1.409259681406237370e-02 1.415154913488520828e-02
1.385000000000000142e+01 3.461476382095550193e-04 3.552291366144918919e-04 3.664819724589763448e-04 3.559529157610076978e-04 1.427095865299770304e-02 1.427111927263377197e-02 1.417820696481239540e-02 1.424009496348128956e-02
1.385999999999999943e+01 3.566652887940621654e-04 3.590353349803615448e-04 3.451906225731513371e-04 3.536304154491916644e-04 1.436556659894557345e-02 1.436570689479790483e-02 1.426859397379157991e-02 1.433328915584501997e-02
1.386999999999999744e+01 4.782598485691697682e-04 4.783679031537664507e-04 4.197583138864174565e-04 4.587953552031179640e-04 1.446517074407822727e-02 1.446528680979487606e-02 1.436416395901523105e-02 1.443154050429611146e-02
1.388000000000000256e+01 7.328859627612829830e-04 7.589759340587320024e-04 6.770061795241792300e-04 7.229560254480646301e-04 1.457016513943677413e-02 1.457025326270396277e-02 1.446530599885132232e-02 1.453524146699735654e-02
1.389000000000000057e+01 9.866347618619345557e-04 9.607336106642064494e-04 1.349860013715425532e-03 1.099076128747188737e-03 1.468092345264490443e-02 1.468098015052216390e-02 1.457238947538281454e-02 1.464476435951662936e-02
1.389999999999999858e+01 9.543318608920098008e-04 9.376168056462440021e-04 1.623920529428846951e-03 1.171956398655700287e-03 1.479779561433622152e-02 1.479781765956413725e-02 1.468576235987286219e-02 1.476045854459106903e-02
1.391000000000000369e+01 1.189711735179188557e-03 1.168557007924702750e-03 9.217129005787185738e-04 1.093327214560869780e-03 1.492110520509642643e-02 1.492108964310361920e-02 1.480575006950565937e-02 1.488264830590190456e-02
1.392000000000000171e+01 1.166200144068482453e-03 1.197907624135121848e-03 8.573965527223929893e-04 1.073834773641999061e-03 1.505114723662475361e-02 1.505109139445841814e-02 1.493265447957932944e-02 1.501163103688750271e-02
1.392999999999999972e+01 1.243737292627152729e-03 1.241539287878369634e-03 1.188140568587223167e-03 1.224472383030915249e-03 1.518818596841897857e-02 1.518808745715411780e-02 1.506675268208382441e-02 1.514767536921897244e-02
1.393999999999999773e+01 1.401292147164798305e-03 1.374050729093320364e-03 9.820077006884582287e-04 1.252450192315525705e-03 1.533245243836117017e-02 1.533230915019660225e-02 1.520829513939875484e-02 1.529101890931884068e-02
1.395000000000000284e+01 1.001808434224040053e-03 1.063401687515002237e-03 1.097996629720902114e-03 1.054402250486648207e-03 1.548414146785289519e-02 1.548395156800819010e-02 1.535750298596537562e-02 1.544186534060882146e-02
1.396000000000000085e+01 8.650242591919474634e-04 8.763845151976501838e-04 1.415770448449445119e-03 1.052393074279680922e-03 1.564340802225478583e-02 1.564316993498526126e-02 1.551456436867740957e-02 1.560038077530581831e-02
1.396999999999999886e+01 1.180232487506446912e-03 1.179694671232873332e-03 9.582193692880792372e-04 1.106048842675799899e-03 1.581036295121394930e-02 1.581007533906239604e-02 1.567962987577712491e-02 1.576668938868448777e-02
1.398000000000000398e+01 1.099254066987498044e-03 1.042905760185939374e-03 7.707050673701068902e-04 9.709549648478481027e-04 1.598506828614116096e-02 1.598473002190914025e-02 1.585280726322093464e-02 1.594086852375707630e-02
1.399000000000000199e+01 9.232222330517828599e-04 8.892311707275474264e-04 8.606509293804262637e-04 8.910347777199189223e-04 1.616753241571663655e-02 1.616714254763606390e-02 1.603415583318784296e-02 1.612294359884685127e-02
1.400000000000000000e+01 8.031578746065796319e-04 8.020657799757601120e-04 7.406580543677846297e-04 7.819605696500413856e-04 1.635770557616433862e-02 1.635726328741379798e-02 1.622368093186996735e-02 1.631288326514937145e-02
1.400999999999999801e+01 6.680286834986271438e-04 6.816137774494980843e-04 6.305386179529885162e-04 6.600603596337046176e-04 1.655547616600952510e-02 1.655498072990233688e-02 1.642132910044524080e-02 1.651059533211903310e-02
1.402000000000000313e+01 6.395872934957110793e-04 6.785024689617184064e-04 7.188016751177614232e-04 6.789638125250636001e-04 1.676066841276816974e-02 1.676011914467287131e-02 1.662698442521360134e-02 1.671592399421821182e-02
1.403000000000000114e+01 7.560439229884260027e-04 8.272931760782052885e-04 7.972822910179730264e-04 7.935397966948680697e-04 1.697304187523340432e-02 1.697243808191137640e-02 1.684046658558114098e-02 1.692864884757530608e-02
1.403999999999999915e+01 7.668931452643755519e-04 7.837139630661651285e-04 7.232175024314399427e-04 7.579415369206603161e-04 1.719229316024330559e-02 1.719163408739230597e-02 1.706153099431218997e-02 1.714848608064926949e-02
1.404999999999999716e+01 9.874726439314301853e-04 9.597026536795176272e-04 9.235597690827711129e-04 9.569116888979063446e-04 1.741806007469036410e-02 1.741734485434669882e-02 1.728987127124280085e-02 1.737509206675995690e-02
1.406000000000000227e+01 1.132487556884275836e-03 9.756364564236204642e-04 1.033450800418184851e-03 1.047191604575360528e-03 1.764992823669976965e-02 1.764915583776211286e-02 1.752512410333359819e-02 1.760806939259849588e-02
1.407000000000000028e+01 1.263907283362645075e-03 1.184517681854615036e-03 1.124010558854926685e-03 1.190811841357395599e-03 1.788743995418106206e-02 1.788660914108537031e-02 1.776687633909528399e-02 1.784697514478724226e-02
1.407999999999999829e+01 1.106976265817331221e-03 1.274632153591162727e-03 1.085819069250294321e-03 1.155809162886262901e-03 1.813010496727086862e-02 1.812921427333978597e-02 1.801467396562305909e-02 1.809133106874456776e-02
1.409000000000000341e+01 1.349142862034954059e-03 1.496451513084707521e-03 1.107310053558499020e-03 1.317634809559386578e-03 1.837741246771631629e-02 1.837646019029510330e-02 1.826803244373593343e-02 1.834063503391578781e-02
1.410000000000000142e+01 1.905382170024785870e-03 1.834317596187527320e-03 1.695182053102532727e-03 1.811627273104948494e-03 1.862884367416249923e-02 1.862782789833487135e-02 1.852644775070244609e-02 1.859437310773327454e-02
1.410999999999999943e+01 2.675904394297858903e-03 2.527109786933855358e-03 2.306801735363416244e-03 2.503271972198376546e-03 1.888388417527305310e-02 1.888280283172149437e-02 1.878940741625753988e-02 1.885203147441736476e-02
1.411999999999999744e+01 3.699537347308445596e-03 3.738952083698200094e-03 3.520936959783625957e-03 3.653142130263423593e-03 1.914203526233282382e-02 1.914088622320493649e-02 1.905640084438605872e-02 1.911310744330793968e-02
1.413000000000000256e+01 3.563950674895240145e-03 3.582459413451655368e-03 4.247529683230394891e-03 3.797979923859096801e-03 1.940282356093885746e-02 1.940160477559381424e-02 1.932692829038416132e-02 1.937711887563894550e-02
1.414000000000000057e+01 3.595171168537429542e-03 3.621570778965613104e-03 3.155596849367038603e-03 3.457446265623360850e-03 1.966580842916334365e-02 1.966451809936749576e-02 1.960050800197497486e-02 1.964361151016860360e-02
1.414999999999999858e+01 3.308890316262134198e-03 3.307186781854302808e-03 2.374687911390359774e-03 2.996921669835598927e-03 1.993058679951738646e-02 1.992922359108983271e-02 1.987668121806424743e-02 1.991216386955715553e-02
1.416000000000000369e+01 2.363393769645313284e-03 2.457715608063682812e-03 2.396002688087564732e-03 2.405704021932187232e-03 2.019679537883647957e-02 2.019535866352667117e-02 2.015501492643144432e-02 2.018238965626486386e-02
1.417000000000000171e+01 1.951525846431295024e-03 1.830081712111528277e-03 2.109495672108894875e-03 1.963701076883905914e-03 2.046411035483440208e-02 2.046260047257867157e-02 2.043510248706252933e-02 2.045393777149186881e-02
1.417999999999999972e+01 1.937433783619023960e-03 1.758216853071253340e-03 2.098718920990527183e-03 1.931456519226934900e-03 2.073224496075987133e-02 2.073066348864882613e-02 2.071656240511960193e-02 2.072649028484276762e-02
1.418999999999999773e+01 1.888956024347468931e-03 2.113610648511891899e-03 1.681580864299086304e-03 1.894715845719482233e-03 2.100094539549154579e-02 2.099929540641107609e-02 2.099903566594756368e-02 2.099975882261672852e-02
1.420000000000000284e+01 1.654287590664040844e-03 1.765669656233360496e-03 1.749047016592702357e-03 1.723001421163367899e-03 2.126998566907824934e-02 2.126827196068101569e-02 2.128218211010731928e-02 2.127347991328886259e-02
1.421000000000000085e+01 1.857008944984549865e-03 1.802370858729423044e-03 2.389200377830196995e-03 2.016193393848056490e-03 2.153916193725570472e-02 2.153739121134559328e-02 2.156567632506658366e-02 2.154740982455596171e-02
1.421999999999999886e+01 2.958092228057147225e-03 2.932897920742883694e-03 2.754955168134489308e-03 2.881981772311506887e-03 2.180828680964065278e-02 2.180646778309875550e-02 2.184920346843220729e-02 2.182131935372386838e-02
1.423000000000000398e+01 3.780736840947971668e-03 3.686265146915619628e-03 2.791620242688462074e-03 3.419540743517351412e-03 2.207718398228169024e-02 2.207532741343881319e-02 2.213245533136973253e-02 2.209498890903007634e-02
1.424000000000000199e+01 2.402120125011599806e-03 2.447369998916692005e-03 2.796608368009437066e-03 2.548699497312576293e-03 2.234568338190231693e-02 2.234380200027034219e-02 2.241512682371362211e-02 2.236820406862876157e-02
1.425000000000000000e+01 1.811433881611223141e-03 1.695021889691542992e-03 2.266254952132082910e-03 1.924236907811616203e-03 2.261361684710746708e-02 2.261172517927118042e-02 2.269691294062076148e-02 2.264075165566646966e-02
1.425999999999999801e+01 2.072195338409150295e-03 2.017650617494727398e-03 2.994784351080907736e-03 2.361543435661595143e-03 2.288081424194980326e-02 2.287892833183000074e-02 2.297750618059726455e-02 2.291241625145902169e-02
1.427000000000000313e+01 3.057703106022879869e-03 3.455275697680698643e-03 4.097667205824852971e-03 3.536882003176144117e-03 2.314709982584913298e-02 2.314523685337441239e-02 2.325659434682117790e-02 2.318297700868157674e-02
1.428000000000000114e+01 5.737265818522665518e-03 5.612255211764722099e-03 4.747451759767385045e-03 5.365657596684923931e-03 2.341228870881084320e-02 2.341046651714288537e-02 2.353385868923603061e-02 2.345220463839658293e-02
1.428999999999999915e+01 5.729106880613006429e-03 5.623132850129718661e-03 3.754582490240222347e-03 5.035607406994315957e-03 2.367618330771298699e-02 2.367441985526708148e-02 2.380897243355984197e-02 2.371985853217997015e-02
1.430000000000000426e+01 3.418381306301170475e-03 3.397779895005192431e-03 4.143963409768155678e-03 3.653374870358172717e-03 2.393856987950802526e-02 2.393688263864857113e-02 2.408159988250205275e-02 2.398568413355288420e-02
1.431000000000000227e+01 2.573169329429658182e-03 2.476776560885314733e-03 4.036643933186332377e-03 3.028863274500435097e-03 2.419921541775742202e-02 2.419762074667675469e-02 2.435139643995611752e-02 2.424941086813009461e-02
1.432000000000000028e+01 3.453769822245205279e-03 3.385940250459811788e-03 2.812908008905302525e-03 3.217539360536773342e-03 2.445786542531968796e-02 2.445637794263209874e-02 2.461801006854688265e-02 2.451075114549956108e-02
1.432999999999999829e+01 3.482328232336749044e-03 3.593037568525229378e-03 3.444650435721539200e-03 3.506672078861172541e-03 2.471424327678535884e-02 2.471287526933978532e-02 2.488108480922096924e-02 2.476940111844870215e-02
1.434000000000000341e+01 3.070871012784071302e-03 3.142248758768483204e-03 3.163148121115788147e-03 3.125422630889447551e-03 2.496805201684773948e-02 2.496681291018877646e-02 2.514026703505623656e-02 2.502504398736425315e-02
1.435000000000000142e+01 2.100151831405928666e-03 2.243595033251732668e-03 2.302071077031075681e-03 2.215272647229578860e-03 2.521897946857274558e-02 2.521787538653575203e-02 2.539521505488694444e-02 2.527735663666514157e-02
1.435999999999999943e+01 2.317603166944150889e-03 2.231690781359508494e-03 2.076772899363337442e-03 2.208688949222332130e-03 2.546670742429218287e-02 2.546574085984988980e-02 2.564561251244229512e-02 2.552602026552812375e-02
1.436999999999999744e+01 2.976525848859452612e-03 2.809181803602939405e-03 2.476985262116855688e-03 2.754230971526416046e-03 2.571092545370142618e-02 2.571009506769050476e-02 2.589118574640503906e-02 2.577073542259899000e-02
1.438000000000000256e+01 3.454249641331686490e-03 3.416726714934410422e-03 3.867301859508230719e-03 3.579426071924776166e-03 2.595134950005116223e-02 2.595065005819754966e-02 2.613172490567172712e-02 2.601124148797347851e-02
1.439000000000000057e+01 2.477902440777086414e-03 2.512650442371714300e-03 3.792972082027139345e-03 2.927841655058647120e-03 2.618774497494215717e-02 2.618716742689385091e-02 2.636710818574139470e-02 2.624734019585913194e-02
1.439999999999999858e+01 2.554525348524304233e-03 2.612891387595292231e-03 3.724528512510193526e-03 2.963981749543263475e-03 2.641995355044895674e-02 2.641948524749170024e-02 2.659732811210539782e-02 2.647892230334868494e-02
1.441000000000000369e+01 2.708328760119002327e-03 2.819706406252012881e-03 4.336341928169617187e-03 3.288125698180210509e-03 2.664792233903231014e-02 2.664754738025829767e-02 2.682251839546150735e-02 2.670599603825070389e-02
1.442000000000000171e+01 4.419003242176100694e-03 4.418929947914336694e-03 6.821643695663157786e-03 5.219858961917864769e-03 2.687173370639966974e-02 2.687143339675371681e-02 2.704297957047916215e-02 2.692871555787751392e-02
1.442999999999999972e+01 7.172216696531780525e-03 7.161751243415654875e-03 8.103284378767535226e-03 7.479084106238323253e-03 2.709163363599837587e-02 2.709138703440002946e-02 2.725920144644749035e-02 2.714740737228196407e-02
1.443999999999999773e+01 7.866520651074300485e-03 7.700350985540686290e-03 5.669686356440819738e-03 7.078852664351934637e-03 2.730805640107765095e-02 2.730784093319995817e-02 2.747188037269203062e-02 2.736259256898987760e-02
1.445000000000000284e+01 8.731688370993879317e-03 8.758862332511725690e-03 4.324139699899783376e-03 7.271563467801796417e-03 2.752164332861543536e-02 2.752143543704787393e-02 2.768192946485933253e-02 2.757500274350754496e-02
1.446000000000000085e+01 6.645309719176349834e-03 6.977282072409099131e-03 6.026951523563900577e-03 6.549847771716448691e-03 2.773325366458494548e-02 2.773302946909048800e-02 2.789048024231769937e-02 2.778558779199770748e-02
1.446999999999999886e+01 5.774350258326618919e-03 5.519697652842934718e-03 6.563865333047485748e-03 5.952637748072346462e-03 2.794396595413763465e-02 2.794370189619750644e-02 2.809887456644035927e-02 2.799551413892516563e-02
1.448000000000000398e+01 4.805639438493354045e-03 4.661906187396385251e-03 5.148982672107347072e-03 4.872176099332361544e-03 2.815506889449270744e-02 2.815474234300870127e-02 2.830864630418461134e-02 2.820615251389534464e-02
1.449000000000000199e+01 4.121105160768979633e-03 4.315042967735877380e-03 5.252905273702241848e-03 4.563017800735699910e-03 2.836804124824995194e-02 2.836763104682170009e-02 2.852149272209386632e-02 2.841905500572184176e-02
1.450000000000000000e+01 3.793298145252122031e-03 3.815459073050082688e-03 4.072151052111654818e-03 3.893636090137953323e-03 2.858452105817649996e-02 2.858400799847972407e-02 2.873923618960238721e-02 2.863592174875287041e-02
1.450999999999999801e+01 3.524518691307052757e-03 3.503256884529850138e-03 3.106944718639970821e-03 3.378240098158957760e-03 2.880626501985726270e-02 2.880563223010620955e-02 2.896377728789394090e-02 2.885855817928580438e-02
1.452000000000000313e+01 3.190903029566429742e-03 3.255450884971752574e-03 3.016012068681768812e-03 3.154121994406650954e-03 2.903509939329764269e-02 2.903433263529235295e-02 2.919704084068336369e-02 2.908882428975778298e-02
1.453000000000000114e+01 3.281514618240456357e-03 3.208870887369079210e-03 2.050136120962002279e-03 2.846840542190513194e-03 2.927286423088159076e-02 2.927195210342764531e-02 2.944091667900400333e-02 2.932857767110441313e-02
1.453999999999999915e+01 2.629595894444365992e-03 2.503592408767581212e-03 1.827250499645861675e-03 2.320146267619269988e-03 2.952135294756756331e-02 2.952028699784612839e-02 2.969719711272763088e-02 2.957961235271377651e-02
1.455000000000000426e+01 1.723621214392582514e-03 1.806323734260812611e-03 1.488328221917769234e-03 1.672757723523721381e-03 2.978224935924241729e-02 2.978102410668816494e-02 2.996751311367623280e-02 2.984359552653561079e-02
1.456000000000000227e+01 1.321475683827145640e-03 1.355680689923414355e-03 1.709977439444990491e-03 1.462377937731850451e-03 3.005706428360847837e-02 3.005567716296157765e-02 3.025327114152703833e-02 3.012200419603236479e-02
1.457000000000000028e+01 1.524548807549448888e-03 1.531067210179175818e-03 2.126919901256121501e-03 1.727511972994915258e-03 3.034707366494156927e-02 3.034552489640116382e-02 3.055559239816925399e-02 3.041606365317066352e-02
1.457999999999999829e+01 2.138069037370298516e-03 2.148855792370281664e-03 2.196974235007836083e-03 2.161299688249471943e-03 3.065325998799937543e-02 3.065155238293755524e-02 3.087525611825088154e-02 3.072668949639593278e-02
1.459000000000000341e+01 3.246154784311435035e-03 3.239573091301559127e-03 1.643840891660161216e-03 2.709856255757718026e-03 3.097625852760848772e-02 3.097439723831148933e-02 3.121264833105309722e-02 3.105443469899102360e-02
1.460000000000000142e+01 2.702281476997693901e-03 2.667525016424686281e-03 1.783108220056522962e-03 2.384304904492967787e-03 3.131630977485049677e-02 3.131430199643989165e-02 3.156771739022722761e-02 3.139944305383920997e-02
1.460999999999999943e+01 2.362810644652216935e-03 2.336545276184810033e-03 3.051484705873369011e-03 2.583613542236798660e-03 3.167321921477180002e-02 3.167107384698151368e-02 3.193993747838683867e-02 3.176141018004671746e-02
1.461999999999999744e+01 2.743979871623892543e-03 2.767193258420446323e-03 4.079952750142484125e-03 3.197041960062274764e-03 3.204632551594643886e-02 3.204405279205435608e-02 3.232828125090734389e-02 3.213955318630271063e-02
1.463000000000000256e+01 2.878135305156345487e-03 2.908296970239875739e-03 3.745441728334065329e-03 3.177291334576762185e-03 3.243447812650068762e-02 3.243208921658131266e-02 3.273120276991067085e-02 3.253259003766421908e-02
1.464000000000000057e+01 2.011847163158888077e-03 2.041329387396696900e-03 3.210547449285972368e-03 2.421241333280518826e-03 3.283602523696541042e-02 3.283353183292703203e-02 3.314663186419275487e-02 3.293872964469506809e-02
1.464999999999999858e+01 1.956946253406362506e-03 1.966809422196624801e-03 2.519052420080454286e-03 2.147602698561147487e-03 3.324881303942068406e-02 3.324622693001055840e-02 3.357198099464950292e-02 3.335567365469358642e-02
1.466000000000000369e+01 2.822818107297172391e-03 2.634928558513460230e-03 1.924128722374559685e-03 2.460625129395064246e-03 3.367019714913804113e-02 3.366752979417131364e-02 3.400416556753897007e-02 3.378063083694943236e-02
1.467000000000000171e+01 3.798304568812256154e-03 3.852561481851521363e-03 2.418532657812033290e-03 3.356466236158603747e-03 3.409706692214833912e-02 3.409432903636902545e-02 3.443963838472061806e-02 3.421034478107932986e-02
1.467999999999999972e+01 4.837639842344230307e-03 4.903251211670490127e-03 3.339386009686515656e-03 4.360092354567078263e-03 3.452588316555894876e-02 3.452308432354617845e-02 3.487443852797902921e-02 3.464113533902805214e-02
1.468999999999999773e+01 5.176369121135977226e-03 5.109598909761176901e-03 3.084537682691108982e-03 4.456835237862754803e-03 3.495272937177068551e-02 3.494987764596472340e-02 3.530425443868225044e-02 3.506895381880588414e-02
1.470000000000000284e+01 4.485628777161703232e-03 4.739224858778441803e-03 3.281747164167038693e-03 4.168866933369061965e-03 3.537337610259787962e-02 3.537047774675756290e-02 3.572450029061449706e-02 3.548945137998998217e-02
1.471000000000000085e+01 3.262320981024425734e-03 3.178468014770328021e-03 4.346531438773969247e-03 3.595773478189573900e-03 3.578335751416945876e-02 3.578041670441452216e-02 3.613040400182854217e-02 3.589805940680416974e-02
1.471999999999999886e+01 3.326272529106572701e-03 3.169248437472804020e-03 7.237603966246695074e-03 4.577708310942024510e-03 3.617805828197540735e-02 3.617507692700423078e-02 3.651710445048463732e-02 3.629007988648808025e-02
1.473000000000000398e+01 5.234972239538128978e-03 4.995090808470763200e-03 1.037420100043823061e-02 6.868088016149041797e-03 3.655280841529063435e-02 3.654978604630825662e-02 3.687975472513654873e-02 3.666078306224514194e-02
1.474000000000000199e+01 7.350666569959269508e-03 7.591843187117406667e-03 1.065931276618368485e-02 8.533940841086787299e-03 3.690298271972292099e-02 3.689991646889796695e-02 3.721362763437111032e-02 3.700550894099733507e-02
1.475000000000000000e+01 9.987535273675499439e-03 1.000975579421635106e-02 1.019055290751268335e-02 1.006261465846817853e-02 3.722410106621298204e-02 3.722098573988109199e-02 3.751421930311930886e-02 3.731976870307111838e-02
1.475999999999999801e+01 1.270804010001443801e-02 1.272339390556134070e-02 1.263652868191060541e-02 1.268932089582879529e-02 3.751192524437782505e-02 3.750875349370317441e-02 3.777734655818230924e-02 3.759934176542109596e-02
1.477000000000000313e+01 1.691043548583025594e-02 1.755554528920922827e-02 1.205505483580664346e-02 1.550701187028204198e-02 3.776254809312598604e-02 3.775931068069877244e-02 3.799923399244374556e-02 3.784036425542283005e-02
1.478000000000000114e+01 1.208465847424310471e-02 1.124020461431412404e-02 1.267064913621250392e-02 1.199850407492324307e-02 3.797247085989226278e-02 3.796915701604899190e-02 3.817658710208194500e-02 3.803940499267439990e-02
1.478999999999999915e+01 9.409556961092227848e-03 9.117182250661973533e-03 1.919447285672399445e-02 1.257373735615940034e-02 3.813866535113159123e-02 3.813526320913554479e-02 3.830664868347252033e-02 3.819352574791322341e-02
1.480000000000000426e+01 1.448495133329336451e-02 1.478196062680301771e-02 1.649801419600516877e-02 1.525497538536718309e-02 3.825861836769299529e-02 3.825511546268928198e-02 3.838723669144562811e-02 3.830032350727596846e-02
1.481000000000000227e+01 2.115293807925394676e-02 2.202180824842283127e-02 1.389379360315347138e-02 1.902284664361008487e-02 3.833035709420083703e-02 3.832674090728243471e-02 3.841676290599053967e-02 3.835795363582459455e-02
1.482000000000000028e+01 2.008445058294608399e-02 1.930462255804646365e-02 1.115093668623571080e-02 1.684666994240941948e-02 3.835245542212212255e-02 3.834871394798530092e-02 3.839423292277418381e-02 3.836513409762720705e-02
1.482999999999999829e+01 1.074411807664136555e-02 1.071524472156288980e-02 8.107519351097361784e-03 9.855627383100539624e-03 3.832402250081878847e-02 3.832014481538733447e-02 3.831922906439960697e-02 3.832113212686858589e-02
1.484000000000000341e+01 5.400014885497256105e-03 5.604385069455238358e-03 7.837050862041235189e-03 6.280483605664576550e-03 3.824467599324616468e-02 3.824065279643847765e-02 3.819187870697438730e-02 3.822573583221967192e-02
1.485000000000000142e+01 3.683259651636428770e-03 3.725644071941815964e-03 6.967369492041538756e-03 4.792091071873260874e-03 3.811450343989731399e-02 3.811032754855745580e-02 3.801281115700044094e-02 3.807921404848507024e-02
1.485999999999999943e+01 3.461690135920463592e-03 3.424113403835861349e-03 5.163037619252507440e-03 4.016280386336277750e-03 3.793401571219912755e-02 3.792968247946183757e-02 3.778310655505311838e-02 3.788226824890469913e-02
1.486999999999999744e+01 4.699965790384520378e-03 4.523245322162511468e-03 6.480558604055918111e-03 5.234589905534316363e-03 3.770409671292385134e-02 3.769960435315092978e-02 3.750424031861458035e-02 3.763598046156312049e-02
1.488000000000000256e+01 7.831663835106597582e-03 7.761100759653702733e-03 1.295367131902486896e-02 9.515478637928389757e-03 3.742595325357182118e-02 3.742130305655070460e-02 3.717802639250005620e-02 3.734176090087419631e-02
1.489000000000000057e+01 1.001136110063722412e-02 1.040290314984651694e-02 1.601790893519319456e-02 1.214405772855898027e-02 3.710106845248053314e-02 3.709626487646215665e-02 3.680656210440466647e-02 3.700129847778245440e-02
1.489999999999999858e+01 1.354367598150864847e-02 1.357618251845359864e-02 9.504212675893753889e-03 1.220802372528533367e-02 3.673116113927075987e-02 3.672621177913667351e-02 3.639217679673214384e-02 3.661651657171319241e-02
1.491000000000000369e+01 1.102322814657414295e-02 1.078713058875455620e-02 5.436430065621083996e-03 9.082262933649927136e-03 3.631815273457312393e-02 3.631306816833938800e-02 3.593738570252557468e-02 3.618953553514602656e-02
1.492000000000000171e+01 5.962712965384496522e-03 5.858916235413987386e-03 3.856837951295343393e-03 5.226155717364609245e-03 3.586414202376584509e-02 3.585893554705958663e-02 3.544484983021495283e-02 3.572264246701346846e-02
1.492999999999999972e+01 4.764329878283494850e-03 4.723782119990283489e-03 4.471586645115524852e-03 4.653232881129767441e-03 3.537138727772790731e-02 3.536607454144936880e-02 3.491734198561825125e-02 3.521826793493183783e-02
1.493999999999999773e+01 6.773079675073160992e-03 6.756320387474880861e-03 7.675381233710852104e-03 7.068260432086297118e-03 3.484229438945083551e-02 3.483689296034259836e-02 3.435771853945582266e-02 3.467896862974974986e-02
1.495000000000000284e+01 1.024159790340664969e-02 1.057010258202953877e-02 1.006629950595110123e-02 1.029266666379576207e-02 3.427940915798839694e-02 3.427393802510878690e-02 3.376889617375114505e-02 3.410741445228276936e-02
1.496000000000000085e+01 1.519293565926179389e-02 1.514012098937305914e-02 1.078377093073987041e-02 1.370560919312490897e-02 3.368541158945705105e-02 3.367989064150676837e-02 3.315383261942857207e-02 3.350637828346413050e-02
1.496999999999999886e+01 1.133501380638804283e-02 1.120469526667593717e-02 8.195466133645365817e-03 1.024505840223644861e-02 3.306311009114428628e-02 3.305755959000419159e-02 3.251551031980739331e-02 3.287872666698528346e-02
1.498000000000000398e+01 7.723944443859808232e-03 7.633057748441334465e-03 7.094912904340733469e-03 7.483971698880625967e-03 3.241543367182524171e-02 3.240987374638640978e-02 3.185692199644669237e-02 3.222740980488611462e-02
1.499000000000000199e+01 4.253630240187095471e-03 4.149204797914859272e-03 4.344335548769781737e-03 4.249056862290578537e-03 3.174542067023183173e-02 3.173987085169338584e-02 3.118105722206860816e-02 3.155544958133127409e-02
1.500000000000000000e+01 2.858514578174149983e-03 2.955522737395587223e-03 3.569669615426133806e-03 3.127902310331957293e-03 3.105620304516624325e-02 3.105068186049254539e-02 3.049088928525574629e-02 3.086592473030484035e-02
1.500999999999999801e+01 2.991422350385081717e-03 3.182986324886437259e-03 4.037771927822697907e-03 3.404060201031405483e-03 3.035098580660456832e-02 3.034551044147326682e-02 2.978936183114636038e-02 3.016195269307473184e-02
1.502000000000000313e+01 3.551746686448767343e-03 3.594565743752527968e-03 3.388262467961472481e-03 3.511524966054255931e-03 2.963302168714475326e-02 2.962760772412115565e-02 2.907937495647340206e-02 2.944666812257977148e-02
1.503000000000000114e+01 5.366372515431481680e-03 5.107364321197219517e-03 3.726823516921229113e-03 4.733520117849976915e-03 2.890558160306257868e-02 2.890024283565202981e-02 2.836377061013542825e-02 2.872319834961667775e-02
1.503999999999999915e+01 8.238605885002206475e-03 8.333636428785809111e-03 3.370325824802092914e-03 6.647522712863368488e-03 2.817192180676896668e-02 2.816667012591927283e-02 2.764531729491686088e-02 2.799463640920170013e-02
1.505000000000000426e+01 5.204554424432658415e-03 5.200632712891974790e-03 4.106373862584572314e-03 4.837186999969734884e-03 2.743524887679652316e-02 2.743009422356429070e-02 2.692669418294964950e-02 2.726401242777015330e-02
1.506000000000000227e+01 2.860767832208365325e-03 2.889310641309844174e-03 6.097312963818091007e-03 3.949130479112100169e-03 2.669868383044425586e-02 2.669363420677051818e-02 2.621047485233868671e-02 2.653426429651781562e-02
1.507000000000000028e+01 2.573307940174178899e-03 2.529883888632320638e-03 4.864953706247007043e-03 3.322715178351168860e-03 2.596522668880178741e-02 2.596028821745064580e-02 2.549911093179099350e-02 2.580820861268114455e-02
1.507999999999999829e+01 1.810979591417574306e-03 1.782943903135191140e-03 2.590367040305554137e-03 2.061430178286106744e-03 2.523772278945686162e-02 2.523289981379802163e-02 2.479491600958566577e-02 2.508851287094684621e-02
1.509000000000000341e+01 1.104851643972303227e-03 1.155385276894842651e-03 1.470244103814968666e-03 1.243493674894038253e-03 2.451883204418552065e-02 2.451412725860204270e-02 2.410005022455156617e-02 2.437766984244637419e-02
1.510000000000000142e+01 9.016776583296541711e-04 9.380569891004997924e-04 1.102530844742466735e-03 9.807551640575401606e-04 2.381100219041244748e-02 2.380641679258163265e-02 2.341650600700203103e-02 2.367797499666536923e-02
1.510999999999999943e+01 7.970370439606799372e-04 7.863723236532727196e-04 7.478250251047756023e-04 7.770781309062427169e-04 2.311644689683516052e-02 2.311198075408323060e-02 2.274609547041085353e-02 2.299150770710975053e-02
1.511999999999999744e+01 6.161270514229208852e-04 5.882538945589482456e-04 5.883533635337526982e-04 5.975781031718739068e-04 2.243712936391814919e-02 2.243278118718179323e-02 2.209043996096812790e-02 2.232011683735602228e-02
1.513000000000000256e+01 5.811316880264044346e-04 5.520796433612354046e-04 5.657628513307933317e-04 5.663247275728111292e-04 2.177475181736735280e-02 2.177051933783163279e-02 2.145096224379236874e-02 2.166541113299712273e-02
1.514000000000000057e+01 6.746209882209013931e-04 6.310417118931549310e-04 6.992219893764746062e-04 6.682948964968437157e-04 2.113075103687858669e-02 2.112663118177389443e-02 2.082888173597437567e-02 2.102875465154228213e-02
1.514999999999999858e+01 5.770383909212901171e-04 6.299095384201638167e-04 7.212854109865298596e-04 6.427444467759945617e-04 2.050629980574794967e-02 2.050228887069747638e-02 2.022521308811983665e-02 2.041126725485508872e-02
1.516000000000000369e+01 4.709402236639714454e-04 5.159853852270286081e-04 7.555560374809445643e-04 5.808272154573148726e-04 1.990231392372500061e-02 1.989840773939948598e-02 1.964076827305297548e-02 1.981382997872582069e-02
1.517000000000000171e+01 5.008735596469658007e-04 5.242376251616858622e-04 7.311389304631318821e-04 5.854167050905945873e-04 1.931946421150310123e-02 1.931565830210617632e-02 1.907616217580992632e-02 1.923709489647306911e-02
1.517999999999999972e+01 5.931362826501817643e-04 6.115756018660655022e-04 5.610086522188017458e-04 5.885735122450163736e-04 1.875819276449435316e-02 1.875448249523209779e-02 1.853182150976451573e-02 1.868149892316365440e-02
1.518999999999999773e+01 7.218941788407311211e-04 6.289071748084995453e-04 5.056628483234618630e-04 6.188214006575640681e-04 1.821873259722106564e-02 1.821511330768714118e-02 1.800799672602391294e-02 1.814728087697737441e-02
1.520000000000000284e+01 8.411223140879471941e-04 7.825296047879330740e-04 4.302092423794867887e-04 6.846203870851223523e-04 1.770112976115464920e-02 1.769759688196785585e-02 1.750477645388246947e-02 1.763450103233499267e-02
1.521000000000000085e+01 6.787892131330071832e-04 7.321855517535921396e-04 4.922042085014764930e-04 6.343929911293587137e-04 1.720526701724709243e-02 1.720181616800495195e-02 1.702210391920829999e-02 1.714306236815344928e-02
1.521999999999999886e+01 5.773194873315650420e-04 6.183489895087346169e-04 7.283619289053124392e-04 6.413434685818706271e-04 1.673088819042637537e-02 1.672751525797032054e-02 1.655979473932024312e-02 1.667273272923898084e-02
1.523000000000000398e+01 5.693293237689706554e-04 5.770195861564798119e-04 8.352561772027404779e-04 6.605350290427302066e-04 1.627762241421873424e-02 1.627432361102423841e-02 1.611755548480828248e-02 1.622316717001708389e-02
1.524000000000000199e+01 5.714666720709913814e-04 5.825736525878253249e-04 6.188948722033077747e-04 5.909783989540414936e-04 1.584500757543318150e-02 1.584177947842390147e-02 1.569500242343711480e-02 1.579392982576473259e-02
1.525000000000000000e+01 4.069518005143978935e-04 3.959381726751271566e-04 4.551082199126696925e-04 4.193327310340649503e-04 1.543251237882143669e-02 1.542935194913462420e-02 1.529167990930211350e-02 1.538451474575272711e-02
1.525999999999999801e+01 3.570166909647590810e-04 3.327903794967084351e-04 3.212630839942971035e-04 3.370233848185881704e-04 1.503955656123459259e-02 1.503646114570247883e-02 1.490707794249785008e-02 1.499436521647830658e-02
1.527000000000000313e+01 4.322349650910682411e-04 4.056363154081454197e-04 3.022198975598901281e-04 3.800303926863679116e-04 1.466552889016152147e-02 1.466249620576584416e-02 1.454064849371041780e-02 1.462289119654592781e-02
1.528000000000000114e+01 6.983240586909990593e-04 6.862453087118487683e-04 3.887061260550654217e-04 5.910918311526377859e-04 1.430980268246333752e-02 1.430683078585929732e-02 1.419182026015199279e-02 1.426948457615820690e-02
1.528999999999999915e+01 6.720780660960746838e-04 7.050880756091163892e-04 6.083352306422947550e-04 6.618337907824951676e-04 1.397174867744296195e-02 1.396883592256299711e-02 1.386001159166072409e-02 1.393353206388889265e-02
1.530000000000000426e+01 5.278890178916438147e-04 5.550283203917883487e-04 8.723897373317438366e-04 6.517690252050585943e-04 1.365074519476817960e-02 1.364789018220204965e-02 1.354464139720601770e-02 1.361442559139208232e-02
1.531000000000000227e+01 6.438566399225592205e-04 6.620640109121286995e-04 6.754618334654579215e-04 6.604608281000485777e-04 1.334618560089680279e-02 1.334338712289470825e-02 1.324513791093041674e-02 1.331157021157397535e-02
1.532000000000000028e+01 7.221674886854290501e-04 6.743930757377150555e-04 4.718463600650006510e-04 6.228023081627149550e-04 1.305748319357715424e-02 1.305474017812796074e-02 1.296094526090658082e-02 1.302438954420389802e-02
1.532999999999999829e+01 6.186777879722355150e-04 6.121897388921721276e-04 5.544345900178648855e-04 5.951007056274242122e-04 1.278407368761110691e-02 1.278138514428586725e-02 1.269152784218594877e-02 1.275232889136097489e-02
1.534000000000000341e+01 3.719097227896760584e-04 3.675348480749178362e-04 7.550899604353862983e-04 4.981781770999934699e-04 1.252541554231920325e-02 1.252278051185198166e-02 1.243637254882393878e-02 1.249485620099837282e-02
1.535000000000000142e+01 2.846610060355959232e-04 2.887999309713933571e-04 4.799689699549375453e-04 3.511433023206422571e-04 1.228098841131126072e-02 1.227840592046754165e-02 1.219498897078626076e-02 1.225146110085502046e-02
1.535999999999999943e+01 2.092287919361958978e-04 2.189676707284182332e-04 2.611464479508860434e-04 2.297809702051667338e-04 1.205029002155228249e-02 1.204775904471401191e-02 1.196690771618971749e-02 1.202165226081866947e-02
1.536999999999999744e+01 1.604338728942965309e-04 1.701295703747323187e-04 1.843480733864337072e-04 1.716371722184875008e-04 1.183283180771449970e-02 1.183035123661176427e-02 1.175167708190589903e-02 1.180495337541072158e-02
1.538000000000000256e+01 1.414266257211743076e-04 1.431617635307148840e-04 1.515062531833292917e-04 1.453648808117395034e-04 1.162813364652124683e-02 1.162570226936347068e-02 1.154885836729683396e-02 1.160089809439385049e-02
1.539000000000000057e+01 1.366856950486226028e-04 1.285041559643954122e-04 1.352436101873595489e-04 1.334778204001258546e-04 1.143571805859336724e-02 1.143333454935068980e-02 1.135802020186534728e-02 1.140902426993646752e-02
1.539999999999999858e+01 1.271951569191097635e-04 1.217003527226704246e-04 1.276299243478372662e-04 1.255084779965391379e-04 1.125510427143147640e-02 1.125276718925431740e-02 1.117873232678638640e-02 1.122886792915739340e-02
1.541000000000000369e+01 1.210174624372635141e-04 1.195224494443658238e-04 1.275929454426528173e-04 1.227109524414273715e-04 1.108580256012287567e-02 1.108351035809463161e-02 1.101055931781018925e-02 1.105995741200923276e-02
1.542000000000000171e+01 1.218254430312396035e-04 1.220379457377945392e-04 1.316231497126219214e-04 1.251621794938853366e-04 1.092730929136783401e-02 1.092506033319878139e-02 1.085305474923391016e-02 1.090180812460017461e-02
1.542999999999999972e+01 1.309713626348426359e-04 1.332849983256534886e-04 1.402292674620975968e-04 1.348285428075312405e-04 1.077910308029053632e-02 1.077689566327026151e-02 1.070575626800281469e-02 1.075391833718787084e-02
1.543999999999999773e+01 1.541170953327596462e-04 1.639483960616605694e-04 1.691394140312680455e-04 1.624016351418961141e-04 1.064064242046195569e-02 1.063847480292471996e-02 1.056818197509620978e-02 1.061576639949429399e-02
1.545000000000000284e+01 1.821300937985859971e-04 1.843104537263001589e-04 1.933102052226628423e-04 1.865835842491829813e-04 1.051136506443225982e-02 1.050923549597156288e-02 1.043982840868326947e-02 1.048680965636236348e-02
1.546000000000000085e+01 2.334758443633596367e-04 2.128943686507086045e-04 2.113012568348936594e-04 2.192238232829873002e-04 1.039068932113429433e-02 1.038859607373293116e-02 1.032017030579894350e-02 1.036648523355539024e-02
1.546999999999999886e+01 2.455341547661595751e-04 2.437726788890574208e-04 1.999262786611313977e-04 2.297443707721161493e-04 1.027801730948623739e-02 1.027595870763726819e-02 1.020866220230413381e-02 1.025421273980921255e-02
1.548000000000000398e+01 2.531066790649304384e-04 2.648129022210899504e-04 2.342157137192986611e-04 2.507117650017729534e-04 1.017274007865805532e-02 1.017071452652040797e-02 1.010474182615426868e-02 1.014939881044424168e-02
1.549000000000000199e+01 2.687124874550042022e-04 2.715169059800228487e-04 3.216517664529412084e-04 2.872937199626561045e-04 1.007424438742344358e-02 1.007225039126805749e-02 1.000783515123334667e-02 1.005144330997495040e-02
1.550000000000000000e+01 3.457400712083106577e-04 3.691387362239675614e-04 3.502983955845703897e-04 3.550590676722828335e-04 9.981920836322604948e-03 9.979957020926029376e-03 9.917362907272721240e-03 9.959746921507117365e-03
1.550999999999999801e+01 5.216811015568034076e-04 5.055578962084803776e-04 3.615616645911607393e-04 4.629335541188147512e-04 9.895172970737988946e-03 9.893238089037583241e-03 9.832748281290888681e-03 9.873719780355488113e-03
1.552000000000000313e+01 6.323492850687317899e-04 5.818625412257476433e-04 4.330859433812821006e-04 5.490992565585872502e-04 9.813426920242170753e-03 9.811519856143336230e-03 9.753425493866225288e-03 9.792790756750574532e-03
1.553000000000000114e+01 5.819961588936590699e-04 6.158436629840730557e-04 5.206967094752527067e-04 5.728455104509950525e-04 9.736141108430962365e-03 9.734260873118707330e-03 9.678848887279616411e-03 9.716416956276428124e-03
1.553999999999999915e+01 7.396626466196289150e-04 7.587652624424071112e-04 5.910448876215749700e-04 6.964909322278702236e-04 9.662815556015556459e-03 9.660961278398941948e-03 9.608502123945162829e-03 9.644092986119887079e-03
1.555000000000000426e+01 9.489692041727786466e-04 9.470585982796892160e-04 6.306773502636654630e-04 8.422350509053776668e-04 9.593000308239951757e-03 9.591171220297737415e-03 9.541907066698964573e-03 9.575359531745552405e-03
1.556000000000000227e+01 1.489895356565549200e-03 1.482693933220060462e-03 9.854395297442797557e-04 1.319342939843296545e-03 9.526302546887624109e-03 9.524497964740148703e-03 9.478631902347385563e-03 9.509810804658385547e-03
1.557000000000000028e+01 1.485022420242971620e-03 1.480800528938094711e-03 1.539368667945070941e-03 1.501730539042045757e-03 9.462391998362953624e-03 9.460611299977883526e-03 9.418298081353681031e-03 9.447100459898173305e-03
1.557999999999999829e+01 1.629000779102679963e-03 1.616908998751146256e-03 1.678572367855410766e-03 1.641494048569745734e-03 9.401004322967039528e-03 9.399246923483355748e-03 9.360585682632777821e-03 9.386945643027725522e-03
1.559000000000000341e+01 9.921793056110327254e-04 9.994755543574164111e-04 1.063960252345573987e-03 1.018538370771340969e-03 9.341942264357890394e-03 9.340207590125739617e-03 9.305236873957090440e-03 9.329128909480241885e-03
1.560000000000000142e+01 5.494915239525291917e-04 5.520105140066389237e-04 1.245879057832853824e-03 7.824603652640073131e-04 9.285074447946793305e-03 9.283361910426033564e-03 9.252057223479100839e-03 9.273497860617308658e-03
1.560999999999999943e+01 4.543687785709061753e-04 4.551355444389375217e-04 8.046499624138401911e-04 5.713847618078946294e-04 9.230331836078109128e-03 9.228640806749925304e-03 9.200914722073925966e-03 9.219962454967320711e-03
1.561999999999999744e+01 4.364937023381466625e-04 4.367362787389426405e-04 4.478077632044365967e-04 4.403459147605086874e-04 9.177701968410948569e-03 9.176031755745273077e-03 9.151736492947348464e-03 9.168490072367856125e-03
1.563000000000000256e+01 6.697575302595767987e-04 6.700559789723564350e-04 3.677565112978794224e-04 5.691900068432708673e-04 9.127221230101159946e-03 9.125571059425748033e-03 9.104503286401296677e-03 9.119098525309400974e-03
1.564000000000000057e+01 9.867492227297080306e-04 9.882390261062804632e-04 4.490346481100507183e-04 8.080076323153463679e-04 9.078965490529677246e-03 9.077334487370244259e-03 9.059241975208548459e-03 9.071847317702823321e-03
1.564999999999999858e+01 8.011784863289649929e-04 7.989537319605290048e-04 8.388711899940965583e-04 8.130011360945302214e-04 9.033039535868822925e-03 9.031426713015549765e-03 9.016016372222960748e-03 9.026827540369109990e-03
1.566000000000000369e+01 5.653451576154622151e-04 5.638240699483418111e-04 1.390688717727531437e-03 8.399526484304452268e-04 8.989565775309777892e-03 8.987970023550159726e-03 8.974916779651995191e-03 8.984150859503976447e-03
1.567000000000000171e+01 5.377911815591832978e-04 5.378427395389308177e-04 7.099177546410595074e-04 5.951838919130578382e-04 8.948672731096021793e-03 8.947092813259543281e-03 8.936048744851520995e-03 8.943938096402362023e-03
1.567999999999999972e+01 4.284784315653236654e-04 4.269622584633364767e-04 3.663042465373360867e-04 4.072483121886654638e-04 8.910483826112253550e-03 8.908918373904520238e-03 8.899521537179832381e-03 8.906307912398870458e-03
1.568999999999999773e+01 3.681250682260768774e-04 3.701706935968181243e-04 2.679996855635648407e-04 3.354318157954865780e-04 8.875106960586961330e-03 8.873554473572083101e-03 8.865436873915853722e-03 8.871366102691633296e-03
1.570000000000000284e+01 2.339718418791491574e-04 2.349826492734232006e-04 2.729884149163790282e-04 2.473143020229837683e-04 8.842625323565476286e-03 8.841084169612963353e-03 8.833878412101965269e-03 8.839195968426801636e-03
1.571000000000000085e+01 2.011949354709069264e-04 2.015939485202123175e-04 3.533075986315298961e-04 2.520321608742163619e-04 8.813089819255015903e-03 8.811558235693624924e-03 8.804902487535520503e-03 8.809850180828054933e-03
1.571999999999999886e+01 1.823503767391472985e-04 1.823642517430547783e-04 2.473521310470532539e-04 2.040222531764184345e-04 8.786513405859038353e-03 8.784989500676181062e-03 8.778530525184517069e-03 8.783344477239911005e-03
1.573000000000000398e+01 1.629814651856296309e-04 1.629639393980893375e-04 1.839228894230317442e-04 1.699560980022502465e-04 8.762867550555246063e-03 8.761349303048823756e-03 8.754743469182575330e-03 8.759653440928881138e-03
1.574000000000000199e+01 1.687543734920580183e-04 1.686996345312193892e-04 1.724339898313149153e-04 1.699626659515307743e-04 8.742080902904496992e-03 8.740566163296808327e-03 8.733478487890555461e-03 8.738708518030621417e-03
1.575000000000000000e+01 1.964193419817120232e-04 1.962975301604218646e-04 1.874531807339255968e-04 1.933900176253531796e-04 8.724040184656551081e-03 8.722526672367145878e-03 8.714628103531791084e-03 8.720398320185162103e-03
1.575999999999999801e+01 2.622106064257137613e-04 2.619152589162351201e-04 2.362202497291938789e-04 2.534487050237142444e-04 8.708593191279700996e-03 8.707078491779502577e-03 8.698041780367730610e-03 8.704571154475643571e-03
1.577000000000000313e+01 4.280729577813339429e-04 4.262577344673558932e-04 3.700035363328955094e-04 4.081114095271950971e-04 8.695553703976184601e-03 8.694035264393631252e-03 8.683529885286539116e-03 8.691039617885450499e-03
1.578000000000000114e+01 9.037855648281841641e-04 8.995240252279390570e-04 7.005992832753459888e-04 8.346362911104897005e-04 8.684708025077949450e-03 8.683183148960771369e-03 8.670869815969345362e-03 8.679586996669354237e-03
1.578999999999999915e+01 1.368732121111053803e-03 1.371766855583474685e-03 7.731518268663189293e-04 1.171216934520282436e-03 8.675822779358589518e-03 8.674288621177847491e-03 8.659813981219009402e-03 8.669975127251813157e-03
1.580000000000000426e+01 9.143086605634446161e-04 9.208696240110349511e-04 9.643960570501933054e-04 9.331914472082243270e-04 8.668653573508513371e-03 8.667107133655682291e-03 8.650099222825698500e-03 8.661953309996630809e-03
1.581000000000000227e+01 9.186672758047912963e-04 9.206024190667512095e-04 1.276544097978285757e-03 1.038604597616609457e-03 8.662954080061088455e-03 8.661392201166870017e-03 8.641457195032250724e-03 8.655267825420068575e-03
1.582000000000000028e+01 7.351885144045256035e-04 7.340132355985959107e-04 8.479573332392572466e-04 7.723863610807928841e-04 8.658485112589665508e-03 8.656904478018952534e-03 8.633625171886613256e-03 8.649671587498410433e-03
1.582999999999999829e+01 7.383191341827673041e-04 7.351571098141356040e-04 6.600022400362473085e-04 7.111594946777167027e-04 8.655023285922882129e-03 8.653420421254602590e-03 8.626356738603414495e-03 8.644933481926967561e-03
1.584000000000000341e+01 9.017178131506733280e-04 8.998875080354232312e-04 6.632795243168676091e-04 8.216282818343214256e-04 8.652368905037049335e-03 8.650740183249646872e-03 8.619431841543961567e-03 8.640846976610220415e-03
1.585000000000000142e+01 9.805885044550702832e-04 9.571890961130197781e-04 1.112498493312540516e-03 1.016758697960210229e-03 8.650352792669008598e-03 8.648694443582018512e-03 8.612665721593049453e-03 8.637237652614693922e-03
1.585999999999999943e+01 1.007930632489198799e-03 1.026873058308390430e-03 1.927184667608635663e-03 1.320662786135408297e-03 8.648841839861412181e-03 8.647149964132853223e-03 8.605916332845913938e-03 8.633969378946728182e-03
1.586999999999999744e+01 1.157180479782446902e-03 1.171802963593780288e-03 1.441708373409468806e-03 1.256897272261898665e-03 8.647743136464745156e-03 8.646013724169626311e-03 8.599089945422714806e-03 8.630948935352362669e-03
1.588000000000000256e+01 1.115732790027435970e-03 1.122546383143689609e-03 1.115925915595194530e-03 1.118068362922106920e-03 8.647006602503438250e-03 8.645235556025848006e-03 8.592144738602645535e-03 8.628128965710645665e-03
1.589000000000000057e+01 1.012644094275672165e-03 1.009856886225975799e-03 8.787439433399809718e-04 9.670816412805429427e-04 8.646626091787861304e-03 8.644809252492309873e-03 8.585092298367071398e-03 8.625509214215745790e-03
1.589999999999999858e+01 7.039662225962738671e-04 6.909977603103428399e-04 6.975111230098377186e-04 6.974917019721514752e-04 8.646638975542539005e-03 8.644772153490810560e-03 8.577997032962143831e-03 8.623136053998498377e-03
1.591000000000000369e+01 8.426683316813184544e-04 8.111633479069892952e-04 9.604541604622988471e-04 8.714286133502022712e-04 8.647124238854293071e-03 8.645203244726886935e-03 8.570973604771089938e-03 8.621100362784088825e-03
1.592000000000000171e+01 1.031532549786701126e-03 1.052222261166869174e-03 1.069998006453064168e-03 1.051250939135544606e-03 8.648199141159013809e-03 8.646219819536643536e-03 8.564182543268324468e-03 8.619533834654660026e-03
1.592999999999999972e+01 1.084155132485264354e-03 1.116199971298914139e-03 9.808360815303602750e-04 1.060397061771513067e-03 8.650014508798695156e-03 8.647972772065058017e-03 8.557824251765315526e-03 8.618603844209688988e-03
1.593999999999999773e+01 1.030462944894806063e-03 1.016742405984735797e-03 1.089720697048897954e-03 1.045642015976146677e-03 8.652748746737003865e-03 8.650640609063382433e-03 8.552131651756852623e-03 8.618507002519079641e-03
1.595000000000000284e+01 1.004736076510602321e-03 1.015611131594776123e-03 8.095262177457487060e-04 9.432911419503755722e-04 8.656600679580647370e-03 8.654422290723072508e-03 8.547361725564603038e-03 8.619461565289438659e-03
1.596000000000000085e+01 7.252105542385025357e-04 7.017160457053914181e-04 5.461919132875070514e-04 6.577061710771336684e-04 8.661781358862875521e-03 8.659529037815132113e-03 8.543786223177087316e-03 8.621698873285031650e-03
1.596999999999999886e+01 7.134195234925201331e-04 7.022623589467681888e-04 4.603954106414048851e-04 6.253590976935643119e-04 8.668505002377455831e-03 8.666175271233780147e-03 8.541681794882800827e-03 8.625454022831343867e-03
1.598000000000000398e+01 6.955359515582713609e-04 7.142692076096945333e-04 4.739622823319648002e-04 6.279224804999768801e-04 8.676979259947512763e-03 8.674568878595955226e-03 8.541319799355450229e-03 8.630955979299638828e-03
1.599000000000000199e+01 6.617502727225597165e-04 6.733146965552228415e-04 6.175508443765957917e-04 6.508719378847927471e-04 8.687395026387247088e-03 8.684901028840258386e-03 8.542956019240429549e-03 8.638417358155979497e-03
1.600000000000000000e+01 5.491649301419264688e-04 5.231313224863429982e-04 6.162829726815800347e-04 5.628597417699499061e-04 8.699916045337487483e-03 8.697335778568829681e-03 8.546820495713180685e-03 8.648024106539831460e-03
1.600999999999999801e+01 4.374616386675957429e-04 4.416581277110527711e-04 6.149265906942290045e-04 4.980154523576258395e-04 8.714668566821218501e-03 8.711999732905019445e-03 8.553107673059542893e-03 8.659925324261926946e-03
1.602000000000000313e+01 3.908715738676007295e-04 3.965395579179584206e-04 6.462248157628905452e-04 4.778786491828165470e-04 8.731731337233190546e-03 8.728972039358504076e-03 8.561967027534859997e-03 8.674223468042184873e-03
1.603000000000000114e+01 5.408807157755211956e-04 5.480495859837052411e-04 6.788028032162356533e-04 5.892443683251539577e-04 8.751126213961802833e-03 8.748275006537622675e-03 8.573494344907194031e-03 8.690965188468872601e-03
1.603999999999999915e+01 7.240853961457842164e-04 7.286473687730486834e-04 5.158605798391383305e-04 6.561977815859904462e-04 8.772809708685573235e-03 8.769865651281943258e-03 8.587723810448723988e-03 8.710133056805411181e-03
1.605000000000000426e+01 7.077516154210098959e-04 6.958713855078062661e-04 4.373552100303402363e-04 6.136594036530522954e-04 8.796665773889161474e-03 8.793628488208849597e-03 8.604621084513744758e-03 8.731638448870584698e-03
1.606000000000000227e+01 5.340251190196208027e-04 5.437713943526684352e-04 5.815044833079904656e-04 5.531003322267599373e-04 8.822500155685673168e-03 8.819369884168161075e-03 8.624077555382825624e-03 8.755315865078886622e-03
1.607000000000000028e+01 4.444589739639145162e-04 4.363177771151974726e-04 5.250651475152951332e-04 4.686139661981357073e-04 8.850036640569703544e-03 8.846814304631795203e-03 8.645905985962152804e-03 8.780918977054548782e-03
1.607999999999999829e+01 4.546291606146649739e-04 4.370339284075071512e-04 3.520130001105151456e-04 4.145586963775624778e-04 8.878915520898436609e-03 8.875602776255576976e-03 8.669837797701203386e-03 8.808118698285074058e-03
1.609000000000000341e+01 6.690625656689533005e-04 6.605220493229117243e-04 3.687839656576884380e-04 5.661228602165177667e-04 8.908694588967824152e-03 8.905293874988250147e-03 8.695522257756667373e-03 8.836503573904247802e-03
1.610000000000000142e+01 7.929806345861327606e-04 8.213132482053989982e-04 5.891005268590727073e-04 7.344648032168682276e-04 8.938852936868571172e-03 8.935367516531135187e-03 8.722527846910249280e-03 8.865582766769984635e-03
1.610999999999999943e+01 7.207699578204680236e-04 7.421342980526678124e-04 9.136708941156976033e-04 7.921917166629444075e-04 8.968797783005412819e-03 8.965231769793271382e-03 8.750346078566111074e-03 8.894791877121600160e-03
1.611999999999999744e+01 7.380131546998646092e-04 7.638570178464130968e-04 7.754913675452593160e-04 7.591205133638456379e-04 8.997874461307567989e-03 8.994232829315846472e-03 8.778398006045028817e-03 8.923501765556148338e-03
1.613000000000000256e+01 8.680771526089733946e-04 8.186689310419779323e-04 7.702827009556409248e-04 8.190095948688640116e-04 9.025379592745148144e-03 9.021668166448695153e-03 8.806043590460263526e-03 8.951030449884702853e-03
1.614000000000000057e+01 8.893271573384982191e-04 8.100854866469755318e-04 7.888581742666357643e-04 8.294236060840366135e-04 9.050577311061343971e-03 9.046802731616345253e-03 8.832594001196106617e-03 8.976658014624600349e-03
1.614999999999999858e+01 9.073038160243430787e-04 9.065156874369616202e-04 7.245207169537858181e-04 8.461134068050302085e-04 9.072718240504635753e-03 9.068887906170022134e-03 8.857326785516390216e-03 8.999644310730350524e-03
1.616000000000000369e+01 1.135337650093600414e-03 1.261459776741096937e-03 8.705705251282605181e-04 1.089122650654319362e-03 9.091060731835225867e-03 9.087182711104349955e-03 8.879503677401711509e-03 9.019249040113761287e-03
1.617000000000000171e+01 1.125151545874252933e-03 1.125846157163234475e-03 8.720856319937514770e-04 1.041027778343746367e-03 9.104893668343350469e-03 9.100976585664204838e-03 8.898390628283915291e-03 9.034753627430490777e-03
1.617999999999999972e+01 1.015176975795772756e-03 9.874829264021548880e-04 1.072665459175615055e-03 1.025108453791180683e-03 9.113559973624571833e-03 9.109612869099779561e-03 8.913279447811657194e-03 9.045484096845335040e-03
1.618999999999999773e+01 1.487430417863706616e-03 1.471137197180472436e-03 1.410843587406013754e-03 1.456470400816731224e-03 9.116479807067232738e-03 9.112511973183469796e-03 8.923510259011368725e-03 9.050834013087358243e-03
1.620000000000000284e+01 2.417928208089010610e-03 2.379134598779352686e-03 1.234030918852298177e-03 2.010364575240220636e-03 9.113172340628847290e-03 9.109193140747736187e-03 8.928493818950448274e-03 9.050286433442342182e-03
1.621000000000000085e+01 4.099169573570210154e-03 3.993305763068677634e-03 1.771050870786146673e-03 3.287842069141678081e-03 9.103274987472473323e-03 9.099293662375758027e-03 8.927732652254750934e-03 9.043433767367660761e-03
1.621999999999999886e+01 2.858572436066687730e-03 3.001141779858601880e-03 2.657776550368195611e-03 2.839163588764494640e-03 9.086559009795724257e-03 9.082584479860614235e-03 8.920839906706501399e-03 9.029994465454280542e-03
1.623000000000000398e+01 2.586435932714035123e-03 2.639970109627522935e-03 4.320415229447775209e-03 3.182273757263110511e-03 9.062940572510377879e-03 9.058981243947331757e-03 8.907554878490642897e-03 9.009825564982783599e-03
1.624000000000000199e+01 2.565635127595362365e-03 2.553033263249671319e-03 3.197950143671145044e-03 2.772206178172059721e-03 9.032486525652808768e-03 9.028550109548899236e-03 8.887754273461794322e-03 8.982930302887832952e-03
1.625000000000000000e+01 2.467217434117338279e-03 2.320137200810108886e-03 2.030969519552618032e-03 2.272774718160022311e-03 8.995414477642720702e-03 8.991507830247411764e-03 8.861458466448994889e-03 8.949460258113042452e-03
1.625999999999999801e+01 2.823052919926045436e-03 2.855948227971629502e-03 1.938982929008292288e-03 2.539328025635322408e-03 8.952087042851344934e-03 8.948216034608201877e-03 8.828832281799104884e-03 8.909711786419549986e-03
1.627000000000000313e+01 1.897896442695333995e-03 1.929954387860215084e-03 2.667891854964611186e-03 2.165247561840053132e-03 8.903000485021048821e-03 8.899169904344153559e-03 8.790180126886966080e-03 8.864116838750721664e-03
1.628000000000000114e+01 1.311673437409611965e-03 1.336546835397396746e-03 2.388762195152264577e-03 1.678994155986424357e-03 8.848768305457593158e-03 8.844981801291696213e-03 8.745935642820616002e-03 8.813228583189967880e-03
1.628999999999999915e+01 9.358888060494466527e-04 9.415476219855131593e-04 1.381787680482752167e-03 1.086408036172570660e-03 8.790100615354437888e-03 8.786360680306597518e-03 8.696646366389339591e-03 8.757702554016789931e-03
1.630000000000000426e+01 7.876658382093933890e-04 7.793034036192619980e-04 8.304182240742805912e-04 7.991291553009785510e-04 8.727780362546753989e-03 8.724088356024463017e-03 8.642954197382443290e-03 8.698274305317886188e-03
1.631000000000000227e+01 6.772770441162946024e-04 6.617479173782805099e-04 6.356764469302507870e-04 6.582338028082752998e-04 8.662637637690276393e-03 8.658993846221128138e-03 8.585572710919574593e-03 8.635734731610325218e-03
1.632000000000000028e+01 4.828292164709453303e-04 4.847017658255268341e-04 5.419073926184553259e-04 5.031461249716425149e-04 8.595523353757914334e-03 8.591927083675008833e-03 8.525262525502914218e-03 8.570904320978612462e-03
1.632999999999999829e+01 3.170196020335263654e-04 3.200903758060485321e-04 5.952218678295661831e-04 4.107772818897137477e-04 8.527283573960139917e-03 8.523733270056888661e-03 8.462806021287152397e-03 8.504607621768058012e-03
1.634000000000000341e+01 2.393458941592239509e-04 2.398522678529835337e-04 4.457072760403862888e-04 3.083018126841979064e-04 8.458735662198155897e-03 8.455229044881017175e-03 8.398982694972434784e-03 8.437649134017203775e-03
1.635000000000000142e+01 2.299206319904141787e-04 2.285810261326393458e-04 2.707570465892491650e-04 2.430862349041008875e-04 8.390647258751488327e-03 8.387181471694210230e-03 8.334546341566806057e-03 8.370791690670833715e-03
1.635999999999999943e+01 2.744272377524466298e-04 2.754837806141046926e-04 2.067030600256654035e-04 2.522046927974055572e-04 8.323718858631558998e-03 8.320290618957022072e-03 8.270205080352590124e-03 8.304738185980388085e-03
1.636999999999999744e+01 2.508252989276042798e-04 2.559371342747480309e-04 1.857343416535347353e-04 2.308322582852956730e-04 8.258570510312063240e-03 8.255176253854938292e-03 8.206605009845251847e-03 8.240117258004085038e-03
1.638000000000000256e+01 2.387027977953095573e-04 2.399622219087732078e-04 1.931217662834944313e-04 2.239289286625257322e-04 8.195732878722907649e-03 8.192368893884166559e-03 8.144318005131332208e-03 8.177473259246136050e-03
1.639000000000000057e+01 2.314354108805458099e-04 2.290199040170284286e-04 2.343727252744225761e-04 2.316093467239989563e-04 8.135642648020592269e-03 8.132305193019207651e-03 8.083833882888498759e-03 8.117260574642766804e-03
1.639999999999999858e+01 2.506774744814836567e-04 2.584086451469185365e-04 3.038855185227108745e-04 2.709905460503710226e-04 8.078641993929880361e-03 8.075327393787901792e-03 8.025556876109054757e-03 8.059842087942279548e-03
1.641000000000000369e+01 3.586443478300033834e-04 3.481465277247506413e-04 3.520172954480394476e-04 3.529360570009310851e-04 8.024981646881045733e-03 8.021686368118594729e-03 7.969806101763596967e-03 8.005491372254413054e-03
1.642000000000000171e+01 4.851981229745288334e-04 4.556589272640729324e-04 4.091681035023392505e-04 4.500083845803136721e-04 7.974826905883877423e-03 7.971547608578483449e-03 7.916819486122966820e-03 7.954398000195110965e-03
1.642999999999999972e+01 4.676210623751169944e-04 4.948608215750865697e-04 4.947758518970548844e-04 4.857525786157527981e-04 7.928265856471470446e-03 7.924999424894550379e-03 7.866760446775731414e-03 7.906675242713915100e-03
1.643999999999999773e+01 5.562659639022395075e-04 5.755537009211690027e-04 7.556501752732674342e-04 6.291566133655586120e-04 7.885318996847249379e-03 7.882062551281408119e-03 7.819726525422131952e-03 7.862369357850264306e-03
1.645000000000000284e+01 9.499817932710316777e-04 9.908375064971871281e-04 1.036940255631058289e-03 9.925865184664257705e-04 7.845949484336981611e-03 7.842700377787822918e-03 7.775759124684017594e-03 7.821469662269606507e-03
1.646000000000000085e+01 1.425541353592294554e-03 1.318484067350804596e-03 1.072201912225686105e-03 1.272075777722928491e-03 7.810073275743381095e-03 7.806829080022253085e-03 7.734853524974005974e-03 7.783918626913212228e-03
1.646999999999999886e+01 1.127090272805196698e-03 1.140202335113315452e-03 8.889138577331935718e-04 1.052068821883901835e-03 7.777568543345230248e-03 7.774327029374189860e-03 7.696968438805784456e-03 7.749621337175066453e-03
1.648000000000000398e+01 7.312414892444101628e-04 7.532735442534991980e-04 9.536051105504434215e-04 8.127067146827843692e-04 7.748283893467902000e-03 7.745043010618340475e-03 7.662034490991312570e-03 7.718453798359185304e-03
1.649000000000000199e+01 5.156413656677015815e-04 5.313512207581549225e-04 9.691599181389864244e-04 6.720508348549476428e-04 7.722045084940307690e-03 7.718802943773094699e-03 7.629961182331712437e-03 7.690269737015037986e-03
1.650000000000000000e+01 6.697995858181030136e-04 6.916682736414564913e-04 6.965896642078519760e-04 6.860191745558036824e-04 7.698660126941497643e-03 7.695414988908994003e-03 7.600642087209307819e-03 7.664905734353265332e-03
1.650999999999999801e+01 8.640518439094255340e-04 8.391414442228022682e-04 7.786529613670872948e-04 8.272820831664382934e-04 7.677922815638412932e-03 7.674673092212819757e-03 7.573958236349319015e-03 7.642184714733516078e-03
1.652000000000000313e+01 7.866514699397895299e-04 7.627439657167644485e-04 9.806078284086733494e-04 8.433344213550758844e-04 7.659614932872814072e-03 7.656359195273382268e-03 7.549779829111883701e-03 7.621917985752693636e-03
1.653000000000000114e+01 6.382602975940291495e-04 6.521823577345306489e-04 7.935232881796777920e-04 6.946553145027459719e-04 7.643507465366797086e-03 7.640244464687295615e-03 7.527966589692698836e-03 7.603906173248928778e-03
1.653999999999999915e+01 6.440987655155252763e-04 6.430431787210344344e-04 4.842334790618142899e-04 5.904584744327913155e-04 7.629361298879418045e-03 7.626089995086778560e-03 7.508367215149405402e-03 7.587939503038533713e-03
1.655000000000000426e+01 5.789253635937965546e-04 5.862633373907189405e-04 3.235309626903838318e-04 4.962398878916331451e-04 7.616927890520309302e-03 7.613647487623483555e-03 7.490818449400403825e-03 7.573797942514733095e-03
1.656000000000000227e+01 3.609004384078666407e-04 3.678788169816796043e-04 2.429037467971275981e-04 3.238943340622246867e-04 7.605950419212465299e-03 7.602660402990376980e-03 7.475144348960864084e-03 7.561251723721235454e-03
1.657000000000000028e+01 3.419879735809587757e-04 3.498143520741551441e-04 2.338017290380503673e-04 3.085346848977214471e-04 7.596165858242373212e-03 7.592866032351090755e-03 7.461156280180282659e-03 7.550062723591249164e-03
1.657999999999999829e+01 3.890904144036830574e-04 3.790021202876315545e-04 3.028342080710323355e-04 3.569755809207822797e-04 7.587308308503970707e-03 7.583998824604343790e-03 7.448654106026812195e-03 7.539987079711708319e-03
1.659000000000000341e+01 4.480908388636947086e-04 4.283434931317760567e-04 4.157166190820450703e-04 4.307169836925052605e-04 7.579113784856247871e-03 7.575795162626770309e-03 7.437428890109920067e-03 7.530779279197647239e-03
1.660000000000000142e+01 7.239127848669096952e-04 7.158519229865133778e-04 4.380945424690886754e-04 6.259530834408373037e-04 7.571326474143737911e-03 7.567999607645144872e-03 7.427267278652109617e-03 7.522197786813665001e-03
1.660999999999999943e+01 9.564778201301052775e-04 9.754245007647690787e-04 4.767821992756039154e-04 8.028948400568260363e-04 7.563706298905922484e-03 7.560372446685961756e-03 7.417957533496314163e-03 7.514012093029399757e-03
1.661999999999999744e+01 7.102070238427206838e-04 7.312925343669356062e-04 5.998482160681883456e-04 6.804492580926148424e-04 7.556037444710076746e-03 7.552698202194514654e-03 7.409296999305138749e-03 7.506010882069910628e-03
1.663000000000000256e+01 6.445865243915940021e-04 6.396943350290048690e-04 1.094585875931123340e-03 7.929555784505740341e-04 7.548137360150782363e-03 7.544794614158920401e-03 7.401100614552740160e-03 7.498010862954146774e-03
1.664000000000000057e+01 9.462725565779917664e-04 9.448621485646565427e-04 1.237912285624843739e-03 1.043015663589164088e-03 7.539865632611307718e-03 7.536521499154593545e-03 7.393209935537259185e-03 7.489865689101054928e-03
1.664999999999999858e+01 1.279043865383923048e-03 1.235270539079103957e-03 1.005744898324322520e-03 1.173353100929116436e-03 7.531132090508417011e-03 7.527788838275913628e-03 7.385502048442432743e-03 7.481474325742255328e-03
1.666000000000000369e+01 2.142209783265812406e-03 2.134107563565974808e-03 1.302103546971542479e-03 1.859473631267776492e-03 7.521903488355394241e-03 7.518563451370132052e-03 7.377897704580917496e-03 7.472788214768814018e-03
1.667000000000000171e+01 2.203233587756267455e-03 2.221055692802711892e-03 1.432925661823183970e-03 1.952404980794054295e-03 7.512208192806417786e-03 7.508873676574358280e-03 7.370368030993768721e-03 7.463816633458182463e-03
1.667999999999999972e+01 1.456170909083213992e-03 1.533815314448579810e-03 1.564060809527424841e-03 1.518015677686406287e-03 7.502138398898904569e-03 7.498811584911206467e-03 7.362939239954659210e-03 7.454629741254923704e-03
1.668999999999999773e+01 1.191551449008414979e-03 1.141972186392064322e-03 1.370243770938973189e-03 1.234589135446484236e-03 7.491849555462641239e-03 7.488532409113581555e-03 7.355694879610555695e-03 7.445358948062260653e-03
1.670000000000000284e+01 1.454166992300927634e-03 1.358229628306666320e-03 1.369883517232516924e-03 1.394093379280036959e-03 7.481556854480175302e-03 7.478251041313656484e-03 7.348775323372899737e-03 7.436194406388910508e-03
1.671000000000000085e+01 1.153802371570904466e-03 1.246255434250796061e-03 1.551697670721265089e-03 1.317251825514321800e-03 7.471528827299857810e-03 7.468235642006690149e-03 7.342374374909508422e-03 7.427379614738684015e-03
1.671999999999999886e+01 6.707334671616905879e-04 6.656220155077277427e-04 9.284155734415021084e-04 7.549236853703068491e-04 7.462078277249668129e-03 7.458798589050792509e-03 7.336733054277276914e-03 7.419203306859245561e-03
1.673000000000000398e+01 3.834550252789965005e-04 3.747537503543243238e-04 4.859390421048805737e-04 4.147159392460671688e-04 7.453550949708267516e-03 7.450285166736570798e-03 7.332130814227421668e-03 7.411988976890753616e-03
1.674000000000000199e+01 2.895802527321717271e-04 2.862034944114903831e-04 3.863487620047644715e-04 3.207108363828089148e-04 7.446312484707486024e-03 7.443060538834451491e-03 7.328874600456879509e-03 7.406082541332939875e-03
1.675000000000000000e+01 3.098001451085315768e-04 3.063983986111498280e-04 4.730451707863828200e-04 3.630812381686880749e-04 7.440734303099329552e-03 7.437495655442210619e-03 7.327286303440710621e-03 7.401838753994085043e-03
1.675999999999999801e+01 3.278551835736824029e-04 3.246966719604434744e-04 4.651280836795237419e-04 3.725599797378831160e-04 7.437179137926497839e-03 7.433952804110631994e-03 7.327689243513008446e-03 7.399607061850046671e-03
1.677000000000000313e+01 3.720462694421669374e-04 3.922668114376749206e-04 2.965634192397051394e-04 3.536255000398489810e-04 7.435986934561606386e-03 7.432771527787843287e-03 7.330394379766722902e-03 7.399717614038722746e-03
1.678000000000000114e+01 3.922710029374406270e-04 3.921039127881670284e-04 2.254869889032600091e-04 3.366206348762891673e-04 7.437461807589136435e-03 7.434255596728964709e-03 7.335686935788849304e-03 7.402468113368983194e-03
1.678999999999999915e+01 3.042645111456425758e-04 2.825871456587284564e-04 1.957150788464420222e-04 2.608555785502710543e-04 7.441860664976793042e-03 7.438661644323585863e-03 7.343814094146580880e-03 7.408112134482318194e-03
1.680000000000000426e+01 2.081412471720405237e-04 1.989926721077097326e-04 1.814293117608556166e-04 1.961877436802019576e-04 7.449383999866898871e-03 7.446189966819671824e-03 7.354974333583474445e-03 7.416849433423348958e-03
1.681000000000000227e+01 1.734461623122196604e-04 1.899412448643856340e-04 1.673090671276516973e-04 1.768988247680856819e-04 7.460169218649742411e-03 7.456977855483985784e-03 7.369308877518160328e-03 7.428818650550629218e-03
1.682000000000000028e+01 1.774358343995593589e-04 1.928156601691788613e-04 1.785393207922801834e-04 1.829302717870061074e-04 7.474286732794159678e-03 7.471095688753878229e-03 7.386895600711340139e-03 7.444092674086459638e-03
1.682999999999999829e+01 2.172766437052345940e-04 2.199507939632120226e-04 2.341267792117303240e-04 2.237847389600589802e-04 7.491738902323512306e-03 7.488545872514388094e-03 7.407745613994749442e-03 7.462676796277548791e-03
1.684000000000000341e+01 3.221145156249691265e-04 3.178464165175376834e-04 3.845674442515806648e-04 3.415094587980291763e-04 7.512461789815503589e-03 7.509264587752817639e-03 7.431802624641051062e-03 7.484509667403124386e-03
1.685000000000000142e+01 4.910390855348583565e-04 4.736769690956415396e-04 5.943406107022224669e-04 5.196855551109075266e-04 7.536329571626622370e-03 7.533126192759388544e-03 7.458945059104253421e-03 7.509466941163422601e-03
1.685999999999999943e+01 8.658670292339795856e-04 8.036238148902116784e-04 5.471482489132234884e-04 7.388796976791382146e-04 7.563161360875754295e-03 7.559950034942065911e-03 7.488990839431949355e-03 7.537367411749922030e-03
1.686999999999999744e+01 9.519745664889859996e-04 1.029770815581516983e-03 6.324427200567132434e-04 8.713960340424053725e-04 7.592730124889740702e-03 7.589509355534959471e-03 7.521704624906967035e-03 7.567981368443888780e-03
1.688000000000000256e+01 8.277222033049876733e-04 8.562238698604268845e-04 9.055512562650206961e-04 8.631657764768117152e-04 7.624773326605620641e-03 7.621541917297200777e-03 7.556807264103461777e-03 7.601040836002093820e-03
1.689000000000000057e+01 5.646776581119748294e-04 5.594421709891120309e-04 9.708003014612232419e-04 6.983067101874367369e-04 7.659004881896908437e-03 7.655761947781358247e-03 7.593987145700669371e-03 7.636251325126312307e-03
1.689999999999999858e+01 4.896626020770294832e-04 4.573290816314742836e-04 6.414079999498661618e-04 5.294665612194566790e-04 7.695127999822616582e-03 7.691872965775258149e-03 7.632913085139672073e-03 7.673304683579181690e-03
1.691000000000000369e+01 6.731998545268967019e-04 5.870089178233783627e-04 6.876618203592840860e-04 6.492901975698530141e-04 7.732848457950503539e-03 7.729581043645519615e-03 7.673248335734611687e-03 7.711892612443544369e-03
1.692000000000000171e+01 9.826115172544165870e-04 1.053129385292918318e-03 6.278538673794402392e-04 8.878649233089250118e-04 7.771887858485568117e-03 7.768608051849615510e-03 7.714665266037592888e-03 7.751720392124259416e-03
1.692999999999999972e+01 1.412769423259128401e-03 1.493681514244019288e-03 6.048057472398150891e-04 1.170418894914320926e-03 7.811996412760559109e-03 7.808704433615110477e-03 7.756860201625257259e-03 7.792520349333641703e-03
1.693999999999999773e+01 1.246114822729952080e-03 1.216375410092617425e-03 9.301907090491100174e-04 1.130893647290559913e-03 7.852964811148810051e-03 7.849661067212687637e-03 7.799567891596964099e-03 7.834064589986153640e-03
1.695000000000000284e+01 1.447546220837041655e-03 1.330471490754997791e-03 1.329515005704213874e-03 1.369177572432084440e-03 7.894634753046964395e-03 7.891319790684848262e-03 7.842575032273797417e-03 7.876176525335201045e-03
1.696000000000000085e+01 1.507168633470757973e-03 1.559932182258120907e-03 1.328558064780343715e-03 1.465219626836407460e-03 7.936907736440870081e-03 7.933582188631327359e-03 7.885732267421462910e-03 7.918740730831220695e-03
1.696999999999999886e+01 1.504058971191345184e-03 1.547234192006926180e-03 2.296664968008834025e-03 1.782652710402368680e-03 7.979751737834999900e-03 7.976416271778511216e-03 7.928964089781975408e-03 7.961710699798497243e-03
1.698000000000000398e+01 1.145982438616622657e-03 1.109705590648207753e-03 2.156769341395465937e-03 1.470819123553431971e-03 8.023205450297214714e-03 8.019860716900180028e-03 7.972276096681248439e-03 8.005114087959548305e-03
1.699000000000000199e+01 8.630085023725584444e-04 8.894608041316346640e-04 1.163042011083168219e-03 9.718371058624537037e-04 8.067379790022654457e-03 8.064026377219445096e-03 8.015759105654449504e-03 8.049055090965515774e-03
1.700000000000000000e+01 8.064628531771932595e-04 8.016636999136350639e-04 1.106282511823015059e-03 9.048030216379477578e-04 8.112456431411813051e-03 8.109094822957647192e-03 8.059589715777136162e-03 8.093713656715531557e-03
1.700999999999999801e+01 1.057771654899079946e-03 1.043711680486828462e-03 1.295086292553979937e-03 1.132189875979962854e-03 8.158683189843078665e-03 8.155313730871253247e-03 8.104027007217644643e-03 8.139341309310658273e-03
1.702000000000000313e+01 1.745271197102779255e-03 1.728260115603161501e-03 1.457516968077788135e-03 1.643682760261242892e-03 8.206366143584230971e-03 8.202989013907492286e-03 8.149405203595631864e-03 8.186253453695783305e-03
1.703000000000000114e+01 1.731194963217115796e-03 1.765361878584394920e-03 1.663278519749869250e-03 1.719945120517126511e-03 8.255858474758065793e-03 8.252473670627397118e-03 8.196122275245937283e-03 8.234818140210466153e-03
1.703999999999999915e+01 1.874989440602204543e-03 1.855909467742360239e-03 1.882266522417936879e-03 1.871055143587500554e-03 8.307546115589410293e-03 8.304153440407358033e-03 8.244624630082405398e-03 8.285441395359723418e-03
1.705000000000000426e+01 1.066324112587354375e-03 1.068994186580151480e-03 9.970756472176497444e-04 1.044131315461718605e-03 8.361830409345098400e-03 8.358429473650577646e-03 8.295388213751728884e-03 8.338549365582467732e-03
1.706000000000000227e+01 6.146499719707128892e-04 6.135691601987795958e-04 5.371071224658356420e-04 5.884420848784426006e-04 8.419108131416915344e-03 8.415698362287213352e-03 8.348896511899153022e-03 8.394567668534426083e-03
1.707000000000000028e+01 4.930260590341035932e-04 4.873834265926012830e-04 3.570954316435919450e-04 4.458349724234322918e-04 8.479749358077517257e-03 8.476330017900388439e-03 8.405616104161768923e-03 8.453898493379892118e-03
1.707999999999999829e+01 3.896972954498326147e-04 3.904394315080619415e-04 2.964839947512429123e-04 3.588735739030458590e-04 8.544073809875729966e-03 8.540644024203947887e-03 8.465970552759412640e-03 8.516896128946361763e-03
1.709000000000000341e+01 3.578722254532079334e-04 3.631210975164105232e-04 2.729308178845520267e-04 3.313080469513901972e-04 8.612326424140738165e-03 8.608885218040771350e-03 8.530313511662101014e-03 8.583841717947871333e-03
1.710000000000000142e+01 4.100633116124382800e-04 4.164061017988055749e-04 3.253248853344040863e-04 3.839314329152159985e-04 8.684653018007542150e-03 8.681199359958301567e-03 8.598902012258683933e-03 8.654918130074842550e-03
1.710999999999999943e+01 3.144948375869902318e-04 3.073008943590590765e-04 2.837872556184066757e-04 3.018609958548186794e-04 8.761076982867469290e-03 8.757609834878743796e-03 8.671870918361785849e-03 8.730185912036000223e-03
1.711999999999999744e+01 2.836802229493118658e-04 2.731774642189573727e-04 2.913721543388426787e-04 2.827432805023706391e-04 8.841477998115064921e-03 8.837996370358437367e-03 8.749209549783885931e-03 8.809561306085794338e-03
1.713000000000000256e+01 3.021077755743122647e-04 3.115328794538560378e-04 3.124352067819862410e-04 3.086919539367181812e-04 8.925573763405395336e-03 8.922076771333635123e-03 8.830741452882685805e-03 8.892797329207240489e-03
1.714000000000000057e+01 3.415794720398873793e-04 3.409574825998691063e-04 2.526489558936790550e-04 3.117286368444784593e-04 9.012905722287051224e-03 9.009392644012279017e-03 8.916108250770932511e-03 8.979468872356755407e-03
1.714999999999999858e+01 3.181301228012317671e-04 3.215261050366999165e-04 2.746738043090618617e-04 3.047766773823311999e-04 9.102829684526241028e-03 9.099300016176417247e-03 9.004758435692278989e-03 9.068962712131645176e-03
1.716000000000000369e+01 2.865019177979874986e-04 2.873007594028971642e-04 3.278053300527520794e-04 3.005360024178788960e-04 9.194512148161020082e-03 9.190965655065488557e-03 9.095941869323217327e-03 9.160473224183240254e-03
1.717000000000000171e+01 3.172681579696377493e-04 3.155018029841979467e-04 3.475589440396073190e-04 3.267763016644810231e-04 9.286932973823366910e-03 9.283369735694105979e-03 9.188710629354203407e-03 9.253004446290558765e-03
1.717999999999999972e+01 3.867584184243210831e-04 3.837496775820185575e-04 3.920101169006587317e-04 3.875060709689994213e-04 9.378894872233260044e-03 9.375315320986819106e-03 9.281926677715318999e-03 9.345378956978464893e-03
1.718999999999999773e+01 5.888339917949629750e-04 5.814898396514070261e-04 5.358673654771039683e-04 5.687303989744912870e-04 9.469039931708138000e-03 9.465444881161922883e-03 9.374276623174252615e-03 9.436253812014771744e-03
1.720000000000000284e+01 1.025439112048031828e-03 1.019534296864080085e-03 6.196227419665638293e-04 8.881987169595586531e-04 9.555873139333374150e-03 9.552263806637579721e-03 9.464293607115419060e-03 9.524143517695458222e-03
1.721000000000000085e+01 1.187073519117239724e-03 1.210532044068071515e-03 7.260578209620056293e-04 1.041221128049105550e-03 9.637792544176460030e-03 9.634170563423163219e-03 9.550386058700892355e-03 9.607449722100170134e-03
1.721999999999999886e+01 1.225326047595500564e-03 1.232269551878211128e-03 1.042433202144671172e-03 1.166676267206127621e-03 9.713125385123092675e-03 9.709492814022349649e-03 9.630872751976377391e-03 9.684496983707272660e-03
1.723000000000000398e+01 1.559420516637618050e-03 1.543476589712056753e-03 1.895988046520399439e-03 1.666295050956691269e-03 9.780169175471009266e-03 9.776528496224269615e-03 9.704023266544218110e-03 9.753573646079831752e-03
1.724000000000000199e+01 2.557542926972910646e-03 2.495705502991664351e-03 2.278621193407858077e-03 2.443956541124143924e-03 9.837236421478509282e-03 9.833590536974672752e-03 9.768102624397426853e-03 9.812976527616869629e-03
1.725000000000000000e+01 3.132417884787444019e-03 3.177819651805952657e-03 2.628103745854027968e-03 2.979447094149141259e-03 9.882701375438457045e-03 9.879053601635904777e-03 9.821418572074429656e-03 9.861057849716263826e-03
1.725999999999999801e+01 3.010932882711803843e-03 3.078630643859547010e-03 2.325302090920299946e-03 2.804955205830550122e-03 9.915047009702176312e-03 9.911401064581690928e-03 9.862369726354529645e-03 9.896272600212797227e-03
1.727000000000000313e+01 3.606386646848805042e-03 3.542922401769639691e-03 3.202764277430844662e-03 3.450691108683096031e-03 9.932910269176791623e-03 9.929270258038179822e-03 9.889492629833580850e-03 9.917224385682849030e-03
1.728000000000000114e+01 4.009941483734285640e-03 3.930173115007238455e-03 5.030509703290744067e-03 4.323541434010755476e-03 9.935123635359288316e-03 9.931494031597383476e-03 9.901505693637489142e-03 9.922707786864720311e-03
1.728999999999999915e+01 4.774751339646790549e-03 4.856137082768357226e-03 4.967628443910119575e-03 4.866172288775089116e-03 9.920751127496166624e-03 9.917136747458131854e-03 9.897348055772227371e-03 9.911745310242175283e-03
1.730000000000000426e+01 4.571981054948351560e-03 4.661307714676050061e-03 3.675052264548207825e-03 4.302780344724203149e-03 9.889117079813963818e-03 9.885523050028380970e-03 9.876211563263582668e-03 9.883617231035309730e-03
1.731000000000000227e+01 4.133480392875066821e-03 4.007256859792149642e-03 4.246372525379645164e-03 4.129036592682286920e-03 9.839826361218783485e-03 9.836258076288247054e-03 9.837564391039846368e-03 9.837882942848957812e-03
1.732000000000000028e+01 4.064696472310824586e-03 4.062743544933242364e-03 5.346944179554850331e-03 4.491461398932972138e-03 9.772775127664235992e-03 9.769238197469581886e-03 9.781165224916746337e-03 9.774392850016855316e-03
1.732999999999999829e+01 5.834512888165497776e-03 5.961068705874711035e-03 5.563236457771130079e-03 5.786272683937112964e-03 9.688151689596814428e-03 9.684651875157249470e-03 9.707067432919757113e-03 9.693290332557939759e-03
1.734000000000000341e+01 5.757127259157574645e-03 5.622733264706427335e-03 4.046389448730903192e-03 5.142083324198301435e-03 9.586427601599806225e-03 9.582970739894792686e-03 9.615613191889030992e-03 9.595003844461208811e-03
1.735000000000000142e+01 3.378633947179246304e-03 3.400048192851255497e-03 4.670929004804601908e-03 3.816537048278367903e-03 9.468339598352250655e-03 9.464931517516631324e-03 9.507418082330267722e-03 9.480229732733049322e-03
1.735999999999999943e+01 1.824295277037577640e-03 1.837542239789820113e-03 2.713196700832341563e-03 2.125011405886579989e-03 9.334863469879503897e-03 9.331509897282456653e-03 9.383347170189964767e-03 9.349906845783973949e-03
1.736999999999999744e+01 1.013620278109041021e-03 1.015292963838385727e-03 1.386821615983644838e-03 1.138578285977023862e-03 9.187181353808719295e-03 9.183887820466331980e-03 9.244484018935720041e-03 9.205184397736923194e-03
1.738000000000000256e+01 7.295272354874792311e-04 7.243196895858648255e-04 8.389541044442975484e-04 7.642670098392138683e-04 9.026644195305669541e-03 9.023415940724590148e-03 9.092094386624401114e-03 9.047384840884888091e-03
1.739000000000000057e+01 6.931399864543872020e-04 6.913908963957772187e-04 6.150112678536969564e-04 6.665140502346203867e-04 8.854731270016730563e-03 8.851573151833862924e-03 8.927586539397383905e-03 8.877963653749324641e-03
1.739999999999999858e+01 9.268728026775570426e-04 9.250220871111815030e-04 5.702547803246603214e-04 8.073832233711330641e-04 8.673008677797808610e-03 8.669925090435140480e-03 8.752470147550274124e-03 8.698467971927741071e-03
1.741000000000000369e+01 1.323631425341885003e-03 1.329442106532456374e-03 6.842273333101062203e-04 1.112433621728149344e-03 8.483088603765873842e-03 8.480083409784974421e-03 8.568315629513163778e-03 8.510495881021337347e-03
1.742000000000000171e+01 1.402533053966758658e-03 1.403654819603926233e-03 1.037628032622687829e-03 1.281271968731124240e-03 8.286590927436538953e-03 8.283667404429134046e-03 8.376715591927650847e-03 8.315657974597772881e-03
1.742999999999999972e+01 1.153430885658127342e-03 1.148527328593605332e-03 1.668981722528772643e-03 1.323646645593501772e-03 8.085108467394281836e-03 8.082269272193564127e-03 8.179249709491659415e-03 8.115542483026502371e-03
1.743999999999999773e+01 7.564656144574611512e-04 7.579442020897962651e-04 1.535974980270803829e-03 1.016794932272687118e-03 7.880176809289988343e-03 7.877423960157448057e-03 7.977454031055670330e-03 7.911684933501035577e-03
1.745000000000000284e+01 4.246017045677454916e-04 4.229631814609633843e-04 7.170594788732676797e-04 5.215414549673255728e-04 7.673249310658805146e-03 7.670584187014618457e-03 7.772795324578765652e-03 7.705542940750729174e-03
1.746000000000000085e+01 2.956600484687329860e-04 2.958387519848803800e-04 4.041496866810933577e-04 3.318828290449022593e-04 7.465677535825157238e-03 7.463100894147586990e-03 7.566650716002232616e-03 7.498476381991658370e-03
1.746999999999999886e+01 2.396076438222416113e-04 2.392283409523484066e-04 3.124630808885857803e-04 2.637663552210586446e-04 7.258697071191665996e-03 7.256209074981867513e-03 7.360292562502309538e-03 7.291732902891947393e-03
1.748000000000000398e+01 2.153059815982804139e-04 2.144918682449793615e-04 3.166994474302677336e-04 2.488324324245092239e-04 7.053418421533705178e-03 7.051018682761430768e-03 7.154878247069489799e-03 7.086438450454874381e-03
1.749000000000000199e+01 2.361182873818701235e-04 2.393927249883292727e-04 3.165390421532790900e-04 2.640166848411594773e-04 6.850822500010498618e-03 6.848510129224834320e-03 6.951444397853639122e-03 6.883592342362991265e-03
1.750000000000000000e+01 2.624642896677319799e-04 2.604862753409469683e-04 4.058144440176784202e-04 3.095883363421191590e-04 6.651760099936448491e-03 6.649533762218062978e-03 6.750904922571786607e-03 6.684066261575433848e-03
1.750999999999999801e+01 3.075703204183246426e-04 3.067768682463463252e-04 3.777595470162778413e-04 3.307022452269828641e-04 6.456954670751174213e-03 6.454812644855732924e-03 6.554052198951601169e-03 6.488606504852836680e-03
1.752000000000000313e+01 3.252989537536778294e-04 3.262707612054181207e-04 2.778286170187311221e-04 3.097994439926090421e-04 6.267007705973532891e-03 6.264947944318022960e-03 6.361560765461899206e-03 6.297838805251152264e-03
1.753000000000000114e+01 2.180119074766877587e-04 2.179337252423857202e-04 1.931744297554761642e-04 2.097066874915165567e-04 6.082406076969047726e-03 6.080426264491939521e-03 6.173992898944892158e-03 6.112275080135292846e-03
1.753999999999999915e+01 1.961816636839656925e-04 1.958650155045292291e-04 1.579308561266055629e-04 1.833258451050335039e-04 5.903530702255046364e-03 5.901628312591484724e-03 5.991805533505861238e-03 5.932321516117463819e-03
1.755000000000000426e+01 1.807052675325821866e-04 1.807871499367681766e-04 1.347645344272709912e-04 1.654189839655404424e-04 5.730666017527915462e-03 5.728838365345613991e-03 5.815358055836183405e-03 5.758287479569904575e-03
1.756000000000000227e+01 1.268175623069760899e-04 1.269297577387733830e-04 9.556542474102635090e-05 1.164375815955919684e-04 5.564009797603116335e-03 5.562254086317492199e-03 5.644920596128620745e-03 5.590394826683077294e-03
1.757000000000000028e+01 1.082568022998419338e-04 1.082312911354063926e-04 7.696589272790153684e-05 9.781799538771663010e-05 5.403682970572394953e-03 5.401996334984621694e-03 5.480682513757466866e-03 5.428787273104827837e-03
1.757999999999999829e+01 8.052755190607589102e-05 8.053354537084673212e-05 6.699664353676922307e-05 7.601924693789728659e-05 5.249739150881364488e-03 5.248118694553275537e-03 5.322760848428085764e-03 5.273539564620908886e-03
1.759000000000000341e+01 6.572017863407653951e-05 6.571898070091085722e-05 6.048089510145605321e-05 6.397335147881448331e-05 5.102173697388309205e-03 5.100616524782546068e-03 5.171208568334435991e-03 5.124666263501763755e-03
1.760000000000000142e+01 5.811180371600977411e-05 5.811160617100571057e-05 5.574670628532521244e-05 5.732337205744690356e-05 4.960932171805313394e-03 4.959435415381226696e-03 5.026022496506197916e-03 4.982130027897578757e-03
1.760999999999999943e+01 5.333615450899321128e-05 5.333611905219761708e-05 5.212050687495660119e-05 5.293092681204914770e-05 4.825918130462130036e-03 4.824478973033757834e-03 4.887150835499768156e-03 4.845849312998552587e-03
1.761999999999999744e+01 5.003543202016592283e-05 5.003539023179967809e-05 4.928870810584856063e-05 4.978651011927138944e-05 4.697000227278054670e-03 4.695615920017057535e-03 4.754500240226371827e-03 4.715705462507161633e-03
1.763000000000000256e+01 4.773393395027805485e-05 4.773382757989125193e-05 4.710988548348658925e-05 4.752588233788530094e-05 4.574018638460551796e-03 4.572686514971429500e-03 4.627942410499142831e-03 4.591549187977041376e-03
1.764000000000000057e+01 4.631911663114694831e-05 4.631886083569297711e-05 4.556634859949361529e-05 4.606810868877784691e-05 4.456790840651240863e-03 4.455508327565209717e-03 4.507320190365902285e-03 4.473206452860783999e-03
1.764999999999999858e+01 4.599235693339333314e-05 4.599167818902037794e-05 4.480233696469207959e-05 4.559545736236859237e-05 4.345116785637884171e-03 4.343881410171451449e-03 4.392453171898485186e-03 4.360483789235939690e-03
1.766000000000000369e+01 4.761181314834050666e-05 4.760965914800769158e-05 4.533279595317835287e-05 4.685142274984218145e-05 4.238783518313152254e-03 4.237592913222602668e-03 4.283142808042461266e-03 4.253173079859405396e-03
1.767000000000000171e+01 5.430703628510546798e-05 5.429918513750792744e-05 4.890265451533560681e-05 5.250295864598299622e-05 4.137569282452276641e-03 4.136421188790309275e-03 4.179177043408876385e-03 4.151055838217154390e-03
1.767999999999999972e+01 7.326114765107593816e-05 7.327305480282753341e-05 6.163737420783207239e-05 6.939052555391184347e-05 4.041247153248579173e-03 4.040139421297639019e-03 4.080334474321591250e-03 4.053907016289270103e-03
1.768999999999999773e+01 7.747738739599732422e-05 7.750718756638655079e-05 7.675091184459688126e-05 7.724516226899359446e-05 3.949588228369401051e-03 3.948518817090474961e-03 3.986388050749972364e-03 3.961498365403283081e-03
1.770000000000000284e+01 8.129430511096592284e-05 8.122781602132765828e-05 7.175539124911086124e-05 7.809250412713482315e-05 3.862364402230481202e-03 3.861331377528599926e-03 3.897108333513881265e-03 3.873601371090986886e-03
1.771000000000000085e+01 9.536533444556032264e-05 9.538974771564633396e-05 8.203373758853056859e-05 9.092960658324573270e-05 3.779350742525078646e-03 3.778352274595083229e-03 3.812266320853965277e-03 3.789989779324709051e-03
1.771999999999999886e+01 9.608260262693144884e-05 9.611145179541005898e-05 7.761026427014351258e-05 8.993477289749502487e-05 3.700327484616293492e-03 3.699361844595937861e-03 3.731635859467782607e-03 3.710441729560004943e-03
1.773000000000000398e+01 1.245994978760818104e-04 1.246029359189410317e-04 6.912392970672391482e-05 1.061087878339155721e-04 3.625081658589155917e-03 3.624147214712149841e-03 3.654995656682595313e-03 3.634741509994634124e-03
1.774000000000000199e+01 9.307643620125239292e-05 9.306208126429016240e-05 6.274136206094780655e-05 8.295995984216346299e-05 3.553408365460631463e-03 3.552503578870576297e-03 3.582130912616164273e-03 3.562680952315790822e-03
1.775000000000000000e+01 8.302914660300040391e-05 8.299717976913706797e-05 6.275887012009034351e-05 7.626173216407592943e-05 3.485111722792926577e-03 3.484235143150487147e-03 3.512834593869874986e-03 3.494060486604430148e-03
1.775999999999999801e+01 9.076493804869069924e-05 9.079320597898427210e-05 7.259490686383239045e-05 8.471768363050244941e-05 3.420005504914620797e-03 3.419155765904975837e-03 3.446908373277515931e-03 3.428689881365704333e-03
1.777000000000000313e+01 9.058022207306046507e-05 9.058943830728869394e-05 9.626137832298421965e-05 9.247701290111113074e-05 3.357913508115719335e-03 3.357089322941304074e-03 3.384163263114252102e-03 3.366388698057091837e-03
1.778000000000000114e+01 9.489767957259796576e-05 9.489355138853861559e-05 1.474602288509510757e-04 1.124171532706958767e-04 3.298669675514327368e-03 3.297869832439027146e-03 3.324419971576275928e-03 3.306986493176543480e-03
1.778999999999999915e+01 6.777471758996927618e-05 6.775642568238110172e-05 1.147451679584374413e-04 8.342543707692927758e-05 3.242118018859766176e-03 3.241341376854803887e-03 3.267509013867593744e-03 3.250322803194054602e-03
1.780000000000000426e+01 4.687088515378992881e-05 4.687929981117471630e-05 6.374796022705829198e-05 5.249938173067431914e-05 3.188112374714708371e-03 3.187357859243221750e-03 3.213270609555121497e-03 3.196246947837683150e-03
1.781000000000000227e+01 4.037815197776474930e-05 4.038552319230753914e-05 4.598934057313890745e-05 4.225100524773706530e-05 3.136516029938636856e-03 3.135782628905067499e-03 3.161554396771665450e-03 3.144617685205123268e-03
1.782000000000000028e+01 3.985472229900655040e-05 3.986111718535617588e-05 3.988297250090232617e-05 3.986627066175501974e-05 3.087201246339783562e-03 3.086488006221431001e-03 3.112218991403350402e-03 3.095302747988188611e-03
1.782999999999999829e+01 4.533271490907411143e-05 4.530575888021780171e-05 3.853019570987556398e-05 4.305622316638916581e-05 3.040048707308634461e-03 3.039354729479668699e-03 3.065131415779856310e-03 3.048178284189386345e-03
1.784000000000000341e+01 6.347312574014944654e-05 6.350235227023841376e-05 4.113149111709010042e-05 5.603565637582598691e-05 2.994946901086962491e-03 2.994271338339717960e-03 3.020166417071285837e-03 3.003128218832655429e-03
1.785000000000000142e+01 7.252417182292083978e-05 7.251203926725435117e-05 5.152188726218230120e-05 6.551936611745249738e-05 2.951791447187174927e-03 2.951133500451269716e-03 2.977205691295930351e-03 2.960043546311458620e-03
1.785999999999999943e+01 8.554151256790311960e-05 8.553962575985145616e-05 8.144868779795877488e-05 8.417660870857111236e-05 2.910484365560482567e-03 2.909843280817123526e-03 2.936137025376787599e-03 2.918821557251464853e-03
1.786999999999999744e+01 1.196079585722161864e-04 1.196096782268028845e-04 8.766932932347772567e-05 1.089623220408322655e-04 2.870933283558814875e-03 2.870308348945289998e-03 2.896853367940031322e-03 2.879365000148045254e-03
1.788000000000000256e+01 9.250336954127987889e-05 9.250310234899872047e-05 9.941366853490915892e-05 9.480671347506258609e-05 2.833050574449901427e-03 2.832441117547610746e-03 2.859251840290550403e-03 2.841581177429354337e-03
1.789000000000000057e+01 8.905729571782518446e-05 8.905722860317637148e-05 1.398262212022924442e-04 1.059802485077646712e-04 2.796752423771108054e-03 2.796157809069376235e-03 2.823232702718185029e-03 2.805380978519556728e-03
1.789999999999999858e+01 8.748727640646001451e-05 8.748730299905672371e-05 9.425765148781722793e-05 8.974407696444465087e-05 2.761957826229561545e-03 2.761377452756783209e-03 2.788698298049238546e-03 2.770677859011860811e-03
1.791000000000000369e+01 7.600040291734899819e-05 7.600040291734901175e-05 8.209545773916035645e-05 7.803208785795279331e-05 2.728587525752690715e-03 2.728020824866015173e-03 2.755552003697195416e-03 2.737386784771966668e-03
1.792000000000000171e+01 8.544728866621946483e-05 8.544728739990535777e-05 9.783592344104517584e-05 8.957683316905665260e-05 2.696562923749191727e-03 2.696009357073816774e-03 2.723697234355322225e-03 2.705423171726110531e-03
1.792999999999999972e+01 6.948285251703080207e-05 6.948285251703081563e-05 7.118108106866401089e-05 7.004892870090852479e-05 2.665804994308687819e-03 2.665264051817887742e-03 2.693036548379890323e-03 2.674701864835489062e-03
1.793999999999999773e+01 4.334582751918972742e-05 4.334582751918972742e-05 4.569217843551393217e-05 4.412794449129780019e-05 2.636233258296447578e-03 2.635704456523635299e-03 2.663470919920151586e-03 2.645136211580078299e-03
1.795000000000000284e+01 3.402027999012533275e-05 3.402027999012533275e-05 3.625121143888074282e-05 3.476392380637713836e-05 2.607764879273772544e-03 2.607247759648128292e-03 2.634899243939192205e-03 2.616637294287031158e-03
1.796000000000000085e+01 3.042484948045435142e-05 3.042484948045435142e-05 3.280781586980812049e-05 3.121917161023893885e-05 2.580313951110731717e-03 2.579808078408263230e-03 2.607218140544724852e-03 2.589113390021239788e-03
1.796999999999999886e+01 2.897458043097791977e-05 2.897458043097791977e-05 3.175620276905283571e-05 2.990178787700288723e-05 2.553791048505375198e-03 2.553296009407624891e-03 2.580322117093610760e-03 2.562469725002204050e-03
1.798000000000000398e+01 2.864449412600835514e-05 2.864449412600835514e-05 3.211814320592826927e-05 2.980237715264832539e-05 2.528103106240969442e-03 2.527618507993719711e-03 2.554104130645874944e-03 2.536608581626854410e-03
1.799000000000000199e+01 2.914680041878674348e-05 2.914680041878674348e-05 3.374259123117053096e-05 3.067873068958133705e-05 2.503153680351077708e-03 2.502679149516389562e-03 2.528456569817049988e-03 2.511429799894839086e-03
1.800000000000000000e+01 3.051291403021632372e-05 3.051291403021632033e-05 3.695097536005170069e-05 3.265893447349477820e-05 2.478843624613147768e-03 2.478378805907716694e-03 2.503272645319557736e-03 2.486831691946806387e-03
1.800999999999999801e+01 3.304529788886452859e-05 3.304529788886452859e-05 4.266950180622570326e-05 3.625336586131825122e-05 2.455072189882863323e-03 2.454616745096445223e-03 2.478448144733711410e-03 2.462712359904339551e-03
1.802000000000000313e+01 3.749002249095839771e-05 3.749002249095839093e-05 5.312340233855494814e-05 4.270114910682391678e-05 2.431738523555103046e-03 2.431292130543479067e-03 2.453883472692574338e-03 2.438971375597052006e-03
1.803000000000000114e+01 4.565502604529383349e-05 4.565502604529383349e-05 7.420929149069438208e-05 5.517311452709400732e-05 2.408743514226106223e-03 2.408305865972966853e-03 2.429485866282713423e-03 2.415511748827261877e-03
1.803999999999999915e+01 6.262642885800441311e-05 6.262642885800441311e-05 1.248114712633309118e-04 8.335477632644658385e-05 2.385991895516373362e-03 2.385562699259326583e-03 2.405171650928925129e-03 2.392242081901542125e-03
1.805000000000000426e+01 1.050721425661607671e-04 1.050721425661607807e-04 2.682863689517753399e-04 1.594768846946989580e-04 2.363394496057832830e-03 2.362973472474140524e-03 2.380868387566871351e-03 2.369078785366281279e-03
1.806000000000000227e+01 1.907817747967242307e-04 1.907817747967242307e-04 4.146788619904853137e-04 2.654141371946446460e-04 2.340870502954596911e-03 2.340457385402755931e-03 2.356516759953430386e-03 2.345948216103594264e-03
1.807000000000000028e+01 2.553097465375994300e-04 2.553097592007407446e-04 4.401345568019260292e-04 3.169180208467553832e-04 2.318349596082353980e-03 2.317944129896125274e-03 2.332072062536335189e-03 2.322788596171604381e-03
1.807999999999999829e+01 3.283964518195706941e-04 3.283964518195706941e-04 4.705906449856197150e-04 3.757945162082537553e-04 2.295773812080031343e-03 2.295375753911868370e-03 2.307505173910368371e-03 2.299551579967422116e-03
1.809000000000000341e+01 3.051282576812155002e-04 3.051282576812155002e-04 2.390865606235638018e-04 2.831143586619982674e-04 2.273099010331869688e-03 2.272708127542901173e-03 2.282802936491040106e-03 2.276203358121936700e-03
1.810000000000000142e+01 3.645564253254831503e-04 3.645564253254831503e-04 1.252168994600120209e-04 2.847765833703260981e-04 2.250295837894932503e-03 2.249911907988528820e-03 2.257967906186528640e-03 2.252725217356663610e-03
1.810999999999999943e+01 3.343007250210755597e-04 3.343007250210756139e-04 7.430879718860860367e-05 2.476367490769199845e-04 2.227350124093339673e-03 2.226972934188113824e-03 2.233017482155090494e-03 2.229113513478847997e-03
1.811999999999999744e+01 1.567020856792538850e-04 1.567020856792538579e-04 5.099349743098224646e-05 1.214658895964966767e-04 2.204262675389085172e-03 2.203892021728477788e-03 2.207982471647612285e-03 2.205379056255058704e-03
1.813000000000000256e+01 8.204478238036054646e-05 8.204478238036054646e-05 3.939768926895520094e-05 6.782908467655877818e-05 2.181048483178910178e-03 2.180684170670061858e-03 2.182905183514102093e-03 2.181545945787691666e-03
1.814000000000000057e+01 5.370535599108225633e-05 5.370535599108225633e-05 3.273030478199421184e-05 4.671367225471957483e-05 2.157735397268155907e-03 2.157377239043922930e-03 2.157837172787352691e-03 2.157649936366477176e-03
1.814999999999999858e+01 4.035361587520825181e-05 4.035361587520825181e-05 2.849576299897161859e-05 3.640099824979604073e-05 2.134362352234170108e-03 2.134010169229881831e-03 2.132836775172874608e-03 2.133736432212309138e-03
1.816000000000000369e+01 3.297687133860947764e-05 3.297687133860947764e-05 2.561263418665925710e-05 3.052212562129273633e-05 2.110977259347721242e-03 2.110630879889494223e-03 2.107966573520777924e-03 2.109858237585996929e-03
1.817000000000000171e+01 2.843540033708773096e-05 2.843540033708773096e-05 2.354538320975479052e-05 2.680539462797675195e-05 2.087634691431361923e-03 2.087293950826465353e-03 2.083290929126630896e-03 2.086073190461485913e-03
1.817999999999999972e+01 2.541642641031164053e-05 2.541642641031164053e-05 2.200236234876923872e-05 2.427840505646417665e-05 2.064393491365238732e-03 2.064058231494835579e-03 2.058873691368064054e-03 2.062441804742712933e-03
1.818999999999999773e+01 2.329201603974309458e-05 2.329201603974309458e-05 2.081311584473776922e-05 2.246571597474131607e-05 2.041314427630684138e-03 2.040984496548210562e-03 2.034776173352267296e-03 2.039025032510387477e-03
1.820000000000000284e+01 2.173044430993005153e-05 2.173044430993005492e-05 1.987243869974741973e-05 2.111110910653584319e-05 2.018458004258900408e-03 2.018133255802141701e-03 2.011055452503565742e-03 2.015882237521535950e-03
1.821000000000000085e+01 2.054274802765486372e-05 2.054274802765486372e-05 1.911256322678426864e-05 2.006601976069799531e-05 1.995882510783952065e-03 1.995562804212188800e-03 1.987763027267996918e-03 1.993069447421379117e-03
1.821999999999999886e+01 1.961487787723591067e-05 1.961487787723591067e-05 1.848837242628474073e-05 1.923937606025218961e-05 1.973642373183437555e-03 1.973327572850141001e-03 1.964943837168967207e-03 1.970637927734182355e-03
1.823000000000000398e+01 1.887493507507740249e-05 1.887493507507739910e-05 1.796910664164433404e-05 1.857299226393304521e-05 1.951786842351225506e-03 1.951476817422078108e-03 1.942635635070912590e-03 1.948633098281405329e-03
1.824000000000000199e+01 1.827616856986417885e-05 1.827616856986417546e-05 1.753355105900316003e-05 1.802862939957716919e-05 1.930359034748531724e-03 1.930053658974187434e-03 1.920868687420507941e-03 1.927093793714409033e-03
1.825000000000000000e+01 1.778781325984099201e-05 1.778781325984099201e-05 1.716719409834128156e-05 1.758094020600775632e-05 1.909395321453529089e-03 1.909094472995584825e-03 1.899665770107164054e-03 1.906051854852092728e-03
1.825999999999999801e+01 1.739000954052841286e-05 1.739000954052841286e-05 1.686060893739087235e-05 1.721354267281589710e-05 1.888925047877587594e-03 1.888628609189799135e-03 1.879042423020351642e-03 1.885532026695912501e-03
1.827000000000000313e+01 1.707122382284281763e-05 1.707122382284281424e-05 1.660872069564999965e-05 1.691705611377854497e-05 1.868970555360942743e-03 1.868678413111033365e-03 1.859007422465683941e-03 1.865552130312552771e-03
1.828000000000000114e+01 1.682754319612671340e-05 1.682754319612671340e-05 1.641086569788385543e-05 1.668865069671242741e-05 1.849547467649537581e-03 1.849259512680250048e-03 1.839563427753310209e-03 1.846123469361032323e-03
1.828999999999999915e+01 1.666400632429794606e-05 1.666400632429794606e-05 1.627193318294310712e-05 1.653331527717966416e-05 1.830665198094891602e-03 1.830381325413127282e-03 1.820707754993360766e-03 1.827251426167126550e-03
1.830000000000000426e+01 1.659958006037525629e-05 1.659958006037525629e-05 1.620536646824878100e-05 1.646817552966643006e-05 1.812327627058363429e-03 1.812047735836728145e-03 1.802433228523284050e-03 1.808936197139458541e-03
1.831000000000000227e+01 1.668063049617870330e-05 1.668063049617870330e-05 1.624027178404760611e-05 1.653384425880167203e-05 1.794533893921822264e-03 1.794257887486729562e-03 1.784729059588386832e-03 1.791173613665646581e-03
1.832000000000000028e+01 1.701971396303222347e-05 1.701971396303222347e-05 1.643878703800042250e-05 1.682607165468829095e-05 1.777279245147890584e-03 1.777007030935367484e-03 1.767581704039710268e-03 1.773955993374323140e-03
1.832999999999999829e+01 1.792662028305159067e-05 1.792662028305159067e-05 1.694369459326186135e-05 1.759897838645501310e-05 1.760555880783501274e-03 1.760287370211741391e-03 1.750975656714517503e-03 1.757272969236586650e-03
1.834000000000000341e+01 2.042549240459954550e-05 2.042549240459954550e-05 1.813073619113254498e-05 1.966057366677721312e-05 1.744353747834867952e-03 1.744088856065326024e-03 1.734894152053362585e-03 1.741112251984519143e-03
1.835000000000000142e+01 2.661594373497766579e-05 2.661594373497766579e-05 2.119632314098378082e-05 2.480940353697970639e-05 1.728661240963213835e-03 1.728399886536969741e-03 1.719319752854964320e-03 1.725460293451716110e-03
1.835999999999999943e+01 3.135892457010363757e-05 3.135892457010363757e-05 3.026653742072034692e-05 3.099479552030920849e-05 1.713465786473153916e-03 1.713207890829858675e-03 1.704234825237769396e-03 1.710302834180260590e-03
1.836999999999999744e+01 3.755696112211229449e-05 3.755696112211228771e-05 4.337908979240662970e-05 3.949767067887707063e-05 1.698754305979775390e-03 1.698499792923906888e-03 1.689621914220990669e-03 1.695625337708224099e-03
1.838000000000000256e+01 3.933641359458457638e-05 3.933641359458457638e-05 3.616312156283619887e-05 3.827864958400178388e-05 1.684513572550932559e-03 1.684262367717438268e-03 1.675464042995972441e-03 1.681413327754781089e-03
1.839000000000000057e+01 3.288207632925380477e-05 3.288207632925380477e-05 3.433000269759226312e-05 3.336471845203328637e-05 1.670730487062708786e-03 1.670482517481992630e-03 1.661744963593679179e-03 1.667652656046126865e-03
1.839999999999999858e+01 2.270367763137919363e-05 2.270367763137919363e-05 2.459281696735992343e-05 2.333339074337277249e-05 1.657392306604816125e-03 1.657147500437410569e-03 1.648449379789424267e-03 1.654329728943883726e-03
1.841000000000000369e+01 1.803193456387385701e-05 1.803193456387385362e-05 1.859016382120113502e-05 1.821801098298294629e-05 1.644486850754910872e-03 1.644245137240510097e-03 1.635563146857486275e-03 1.641431711617635965e-03
1.842000000000000171e+01 1.618271704711255520e-05 1.618271704711255520e-05 1.634811096861096507e-05 1.623784835427869296e-05 1.632002694680943430e-03 1.631764004306825687e-03 1.623073429496544066e-03 1.628946709494770917e-03
1.842999999999999972e+01 1.526704276806650800e-05 1.526704276806650800e-05 1.529610556373862536e-05 1.527673036662388045e-05 1.619929333288643632e-03 1.619693598138705623e-03 1.610968776707478230e-03 1.616863902711609090e-03
1.843999999999999773e+01 1.472890599038690310e-05 1.472890599038690310e-05 1.469966629063101197e-05 1.471915942380160606e-05 1.608257275980182373e-03 1.608024430183131520e-03 1.599239060386569789e-03 1.605173588849961299e-03
1.845000000000000284e+01 1.437355874465363602e-05 1.437355874465363602e-05 1.431496347739908182e-05 1.435402698890211908e-05 1.596978015648929617e-03 1.596747995801754780e-03 1.587875232531126175e-03 1.593867081327270119e-03
1.846000000000000085e+01 1.411919688489388613e-05 1.411919688489388613e-05 1.404358108943631684e-05 1.409399161974136247e-05 1.586083819476689482e-03 1.585856564886808625e-03 1.576868891902394754e-03 1.582936425421964432e-03
1.846999999999999886e+01 1.392654985724459209e-05 1.392654985724459209e-05 1.383962486356698406e-05 1.389757485935205665e-05 1.575567319184245163e-03 1.575342771759988573e-03 1.566211710893617272e-03 1.572373933945950481e-03
1.848000000000000398e+01 1.377489291141363694e-05 1.377489291141363863e-05 1.367932886948764116e-05 1.374303823077163891e-05 1.565420933858714409e-03 1.565199037506520650e-03 1.555894843890711591e-03 1.562171605085315405e-03
1.849000000000000199e+01 1.365249212742225108e-05 1.365249212742225108e-05 1.354940833230616638e-05 1.361813086238355562e-05 1.555636228816217707e-03 1.555416928289207008e-03 1.545908496361924570e-03 1.552320551155783167e-03
1.850000000000000000e+01 1.355238391724563875e-05 1.355238391724563875e-05 1.344202400777781062e-05 1.351559728075636327e-05 1.546203378395782273e-03 1.545986617678658066e-03 1.536241852255940989e-03 1.542810616110127037e-03
1.850999999999999801e+01 1.347034056453393038e-05 1.347034056453393038e-05 1.335237593219798441e-05 1.343101902042194839e-05 1.537110933351042890e-03 1.536896653830945383e-03 1.526883515434267896e-03 1.533630367538752056e-03
1.852000000000000313e+01 1.340380145548760657e-05 1.340380145548760657e-05 1.327748332873927851e-05 1.336169541323816332e-05 1.528346071711647125e-03 1.528134210518435152e-03 1.517822514436932340e-03 1.524767598889004800e-03
1.853000000000000114e+01 1.335130589675928433e-05 1.335130589675928602e-05 1.321553321546372241e-05 1.330604833632743092e-05 1.519895425082925947e-03 1.519685914033279189e-03 1.509049766476650532e-03 1.516210368530952106e-03
1.853999999999999915e+01 1.331218362828068269e-05 1.331218362828068100e-05 1.316550734918048310e-05 1.326329153524728283e-05 1.511746429931557379e-03 1.511539195448687077e-03 1.500559735498766542e-03 1.507948453626337072e-03
1.855000000000000426e+01 1.328638450401229646e-05 1.328638450401229646e-05 1.312697113088061266e-05 1.323324671296840073e-05 1.503888986764666605e-03 1.503683950975301777e-03 1.492351900057664301e-03 1.499974945932544155e-03
1.856000000000000227e+01 1.327439554836800772e-05 1.327439554836800772e-05 1.309997306039523748e-05 1.321625471904375323e-05 1.496317066227639738e-03 1.496114149203779968e-03 1.484431613973926202e-03 1.492287609801781897e-03
1.857000000000000028e+01 1.327723677737843189e-05 1.327723677737843358e-05 1.308498357342314092e-05 1.321315237606000213e-05 1.489029830254299776e-03 1.488828953132231760e-03 1.476810023563548957e-03 1.484889602316693570e-03
1.857999999999999829e+01 1.329649133696719177e-05 1.329649133696719177e-05 1.308291302319140493e-05 1.322529856570859559e-05 1.482031872716366161e-03 1.481832961226805818e-03 1.469502883757674815e-03 1.477789239233615525e-03
1.859000000000000341e+01 1.333440566839849045e-05 1.333440566839849045e-05 1.309511915170875557e-05 1.325464349616857939e-05 1.475332332598765141e-03 1.475135320450745831e-03 1.462528351795179624e-03 1.470998668281563388e-03
1.860000000000000142e+01 1.339404665786047298e-05 1.339404665786047298e-05 1.312351649930628080e-05 1.330386993834240948e-05 1.468942865272543493e-03 1.468747696828859002e-03 1.455904064133148063e-03 1.464531542078183375e-03
1.860999999999999943e+01 1.347954261604391005e-05 1.347954261604390836e-05 1.317067846955619115e-05 1.337658790054800375e-05 1.462874711020946189e-03 1.462681342817283422e-03 1.449643954738476671e-03 1.458400002858902238e-03
1.861999999999999744e+01 1.359642277696008770e-05 1.359642277696008770e-05 1.324005716140457048e-05 1.347763423844158309e-05 1.457135306328425544e-03 1.456943707190312860e-03 1.443755308628070274e-03 1.452611440715602820e-03
1.863000000000000256e+01 1.375218726593010156e-05 1.375218726593010156e-05 1.333623270642328455e-05 1.361353574609449589e-05 1.451724983943981570e-03 1.451535133713045518e-03 1.438236460105717053e-03 1.447165525920914714e-03
1.864000000000000057e+01 1.395707689194365387e-05 1.395707689194365387e-05 1.346537167452456604e-05 1.379317515280395793e-05 1.446634273978578784e-03 1.446446161120919227e-03 1.433075372020220202e-03 1.442051935706572738e-03
1.864999999999999858e+01 1.422532920464325508e-05 1.422532920464325677e-05 1.363582971285481565e-05 1.402882937404710973e-05 1.441842173092328268e-03 1.441655791651689101e-03 1.428249130841965876e-03 1.437249031861994415e-03
1.866000000000000369e+01 1.457715888298999738e-05 1.457715888298999568e-05 1.385912762072495415e-05 1.433781512890164963e-05 1.437315535985972826e-03 1.437130882423911290e-03 1.423724230562501076e-03 1.432723549657461586e-03
1.867000000000000171e+01 1.504195872411792046e-05 1.504195872411791876e-05 1.415146940698786587e-05 1.474512895174123447e-05 1.433009529143314947e-03 1.432826599547752915e-03 1.419457419613726632e-03 1.428431182768264904e-03
1.867999999999999972e+01 1.566374162830184641e-05 1.566374162830184641e-05 1.453619590029400408e-05 1.528789305229923004e-05 1.428868933955953395e-03 1.428687721941946428e-03 1.415396885332262551e-03 1.424317847076720647e-03
1.868999999999999773e+01 1.651078611367519229e-05 1.651078611367519229e-05 1.504792483650358337e-05 1.602316568795132378e-05 1.424830014316685184e-03 1.424650509726595312e-03 1.411483608156368199e-03 1.420321377399883043e-03
1.870000000000000284e+01 1.769362608126705884e-05 1.769362608126705884e-05 1.573984267533350690e-05 1.704236494595587486e-05 1.420822680480233980e-03 1.420644868810170712e-03 1.407652798557792713e-03 1.416373449282732613e-03
1.871000000000000085e+01 1.940065045083778087e-05 1.940065045083778087e-05 1.669730025536808406e-05 1.849953371901455086e-05 1.416772748233075061e-03 1.416596610605076268e-03 1.403835394312079278e-03 1.412401584383410130e-03
1.871999999999999886e+01 2.197442505309465019e-05 2.197442505309464680e-05 1.806498283000304298e-05 2.067127764539744553e-05 1.412604173664417078e-03 1.412429687146214479e-03 1.399959613783397687e-03 1.408331158198009893e-03
1.873000000000000398e+01 2.609120975266697489e-05 2.609120975266697828e-05 2.010628120536672503e-05 2.409623357023355940e-05 1.408241204514949860e-03 1.408068342640110895e-03 1.395952532335355918e-03 1.404087359830139036e-03
1.874000000000000199e+01 3.323760668401007731e-05 3.323760668401007731e-05 2.334933828140412583e-05 2.994151721647476128e-05 1.403610411704446807e-03 1.403439145119488073e-03 1.391741596793451404e-03 1.399597051205795500e-03
1.875000000000000000e+01 4.718928971092279832e-05 4.718928971092279832e-05 2.900870633043056343e-05 4.112909525075872228e-05 1.398642553472711960e-03 1.398472850696873401e-03 1.387255955845299827e-03 1.394790453338295207e-03
1.875999999999999801e+01 7.956139854691995981e-05 7.956139854691995981e-05 4.047144893750623528e-05 6.653141534378204938e-05 1.393274200979668356e-03 1.393106029288270669e-03 1.382427499521939312e-03 1.389602576596626329e-03
1.877000000000000313e+01 1.725512441880561231e-04 1.725512441880561231e-04 6.834287348375092316e-05 1.378151206199543807e-04 1.387449045611063121e-03 1.387282372024560995e-03 1.377191588699215510e-03 1.383974335444946614e-03
1.878000000000000114e+01 3.555204623102979113e-04 3.555204623102979113e-04 1.105301666687338413e-04 2.738570304297765546e-04 1.381118838505176940e-03 1.380953630830067738e-03 1.371487605950292774e-03 1.377853358428512412e-03
1.878999999999999915e+01 2.715745308707606664e-04 2.715745308707606664e-04 1.610332573608045032e-04 2.347274397007753058e-04 1.374243988384301306e-03 1.374080216191459012e-03 1.365259625932539484e-03 1.371194610169433267e-03
1.880000000000000426e+01 1.845728314811256041e-04 1.845728314811256041e-04 3.016788501591858825e-04 2.236081710404790393e-04 1.366793951260187419e-03 1.366631586677359133e-03 1.358457619258675569e-03 1.363961052398740634e-03
1.881000000000000227e+01 1.302669057535109332e-04 1.302669057535109332e-04 3.394310710948890463e-04 1.999882942006369528e-04 1.358747648952572445e-03 1.358586667158981874e-03 1.351039595923000025e-03 1.356124637344851376e-03
1.882000000000000028e+01 7.126700428123445901e-05 7.126700428123445901e-05 1.672276683288314756e-04 1.032538922971001222e-04 1.350094204979469846e-03 1.349934584338001930e-03 1.342974918178028651e-03 1.347667902498500287e-03
1.882999999999999829e+01 4.183175903128427697e-05 4.183175903128427019e-05 7.733501721809158064e-05 5.366617842688670701e-05 1.340834244216663335e-03 1.340675966038086270e-03 1.334248674747681241e-03 1.338586295000810137e-03
1.884000000000000341e+01 2.968967055204778326e-05 2.968967055204778326e-05 4.581838208746501418e-05 3.506590773052019582e-05 1.330981836737253881e-03 1.330824884759598250e-03 1.324866573783891341e-03 1.328891098426914635e-03
1.885000000000000142e+01 2.359244020256344080e-05 2.359244020256344080e-05 3.216279356873544498e-05 2.644922465795410547e-05 1.320566910943922305e-03 1.320411270632061533e-03 1.314859414832688636e-03 1.318612532136224447e-03
1.885999999999999943e+01 2.005448895750544709e-05 2.005448895750545048e-05 2.511935468751544333e-05 2.174277753417544809e-05 1.309637659569837112e-03 1.309483317368499711e-03 1.304285973176247566e-03 1.307802316704861608e-03
1.886999999999999744e+01 1.779731568106228686e-05 1.779731568106228686e-05 2.102390839406196571e-05 1.887284658539551427e-05 1.298262216177712997e-03 1.298109158844112975e-03 1.293233189533946883e-03 1.296534854851924068e-03
1.888000000000000256e+01 1.625859838864290239e-05 1.625859838864290239e-05 1.843139348238398133e-05 1.698286341988992758e-05 1.286528788058201051e-03 1.286377002148366344e-03 1.281812939844528387e-03 1.284906243350365405e-03
1.889000000000000057e+01 1.515686204204788261e-05 1.515686204204788261e-05 1.668364964232419773e-05 1.566579124213998765e-05 1.274543558323542507e-03 1.274393029893228051e-03 1.270155300580330399e-03 1.273030629599033580e-03
1.889999999999999858e+01 1.433745169674672948e-05 1.433745169674672948e-05 1.544700576024630724e-05 1.470730305124658817e-05 1.262426019058373455e-03 1.262276733553249937e-03 1.258398964458355609e-03 1.261033905689992783e-03
1.891000000000000369e+01 1.370926086317765943e-05 1.370926086317765943e-05 1.453790529773624889e-05 1.398547567469719095e-05 1.250301910270369818e-03 1.250153852576120538e-03 1.246680100612149482e-03 1.249045287819546685e-03
1.892000000000000171e+01 1.321565110930910090e-05 1.321565110930910259e-05 1.384867369106739971e-05 1.342665863656186661e-05 1.238294480362173025e-03 1.238147634956604862e-03 1.235121308959669312e-03 1.237187808092815805e-03
1.892999999999999972e+01 1.281985715715008342e-05 1.281985715715008342e-05 1.331283299416584638e-05 1.298418243615533943e-05 1.226515210349420027e-03 1.226369561496729044e-03 1.223822296530160513e-03 1.225569022792103195e-03
1.893999999999999773e+01 1.249719081981727945e-05 1.249719081981727945e-05 1.288761496691381000e-05 1.262733220218279132e-05 1.215055333692881528e-03 1.214910865629630510e-03 1.212853521887391874e-03 1.214273240403301304e-03
1.895000000000000284e+01 1.223059915146597256e-05 1.223059915146597256e-05 1.254455527369635933e-05 1.233525119220943595e-05 1.203979385383130776e-03 1.203836082462030705e-03 1.202253443006334440e-03 1.203356303617165524e-03
1.896000000000000085e+01 1.200806799680072292e-05 1.200806799680071953e-05 1.226421827200434743e-05 1.209345142186859606e-05 1.193321664351205350e-03 1.193179511129090382e-03 1.192029347004353685e-03 1.192843507494882995e-03
1.896999999999999886e+01 1.182099958941372570e-05 1.182099958941372570e-05 1.203308010683815824e-05 1.189169309522186932e-05 1.183085995392832998e-03 1.182944976664795055e-03 1.182161209425406419e-03 1.182730727161011202e-03
1.898000000000000398e+01 1.166322140771635252e-05 1.166322140771635252e-05 1.184164215591888418e-05 1.172269499045053031e-05 1.173248665385954450e-03 1.173108766180625418e-03 1.172607732205060895e-03 1.172988387923880110e-03
1.899000000000000199e+01 1.153034567325287611e-05 1.153034567325287611e-05 1.168328514203331138e-05 1.158132549617968843e-05 1.163763996420394279e-03 1.163625201976339462e-03 1.163313649293491172e-03 1.163567615896741710e-03
1.900000000000000000e+01 1.141936881554158053e-05 1.141936881554158053e-05 1.155354391493244972e-05 1.146409384867186800e-05 1.154571763159903831e-03 1.154434058902164585e-03 1.154217493528269167e-03 1.154407771863445861e-03
1.900999999999999801e+01 1.132844480184573701e-05 1.132844480184573701e-05 1.144973680118608956e-05 1.136887546829251950e-05 1.145605559268515023e-03 1.145468930798589644e-03 1.145259177933649836e-03 1.145444556000251501e-03
1.902000000000000313e+01 1.125680814527458241e-05 1.125680814527458241e-05 1.137081174701614698e-05 1.129480934585510450e-05 1.136801221977946008e-03 1.136665655082261684e-03 1.136386867185117415e-03 1.136617914748441413e-03
1.903000000000000114e+01 1.120482139156314906e-05 1.120482139156314906e-05 1.131744471090449993e-05 1.124236249801026545e-05 1.128104482990215530e-03 1.127969963663921597e-03 1.127562665871204668e-03 1.127879037508447337e-03
1.903999999999999915e+01 1.117420254908975788e-05 1.117420254908975788e-05 1.129247286965635612e-05 1.121362598927862453e-05 1.119477101102968027e-03 1.119343615580046646e-03 1.118766660129814081e-03 1.119195792270942773e-03
1.905000000000000426e+01 1.116852021770032329e-05 1.116852021770032329e-05 1.130183928874023411e-05 1.121295990804696023e-05 1.110900856130942133e-03 1.110768390909670777e-03 1.109998890072487997e-03 1.110556045704367114e-03
1.906000000000000227e+01 1.119414788303569000e-05 1.119414788303568831e-05 1.135652974974772156e-05 1.124827517193969939e-05 1.102378975572355533e-03 1.102247517427416878e-03 1.101278972480309410e-03 1.101968488493360607e-03
1.907000000000000028e+01 1.126209918559826873e-05 1.126209918559826873e-05 1.147659798311416007e-05 1.133359878477023251e-05 1.093934848242188911e-03 1.093804384220098966e-03 1.092643362993010563e-03 1.093460865151766074e-03
1.907999999999999829e+01 1.139176329416869675e-05 1.139176329416869675e-05 1.170016270337120555e-05 1.149456309723620138e-05 1.085608239511540000e-03 1.085478756910035480e-03 1.084140604178671216e-03 1.085075866866748971e-03
1.909000000000000341e+01 1.161904148060797036e-05 1.161904148060797036e-05 1.210559621857164837e-05 1.178122639326253139e-05 1.077449602775980893e-03 1.077321089118710900e-03 1.075825263895437275e-03 1.076865318596709762e-03
1.910000000000000142e+01 1.201623306367076413e-05 1.201623306367076413e-05 1.287508187608844346e-05 1.230251600114332504e-05 1.069513390343285056e-03 1.069385833351305885e-03 1.067751511643546571e-03 1.068883578446045693e-03
1.910999999999999943e+01 1.274876868796521801e-05 1.274876868796521632e-05 1.451394346863710493e-05 1.333716028152251365e-05 1.061851413909937732e-03 1.061724801479076250e-03 1.059967328435285029e-03 1.061181181274766265e-03
1.911999999999999744e+01 1.426936033984152420e-05 1.426936033984152420e-05 1.869773404064357347e-05 1.574548490677553950e-05 1.054507242314589718e-03 1.054381562497574412e-03 1.052510174397654295e-03 1.053799659736606069e-03
1.913000000000000256e+01 1.772297063183279968e-05 1.772297063183280306e-05 2.722701286184483777e-05 2.089098470850347678e-05 1.047512359909021648e-03 1.047387600899517745e-03 1.045404594850283825e-03 1.046768185219607667e-03
1.914000000000000057e+01 2.346753262312300237e-05 2.346753262312300237e-05 3.632037852963822147e-05 2.775181459196140874e-05 1.040884415029958267e-03 1.040760565144686857e-03 1.038661827972261250e-03 1.040102269382302052e-03
1.914999999999999858e+01 4.006629198531149767e-05 4.006629198531149767e-05 4.760712158112532160e-05 4.257990185058276554e-05 1.034627472089639719e-03 1.034504519747514884e-03 1.032281100857381818e-03 1.033804364231512285e-03
1.916000000000000369e+01 5.241705130454964173e-05 5.241705130454964851e-05 3.084740394256821485e-05 4.522716885055582374e-05 1.028733841709266079e-03 1.028611775411065890e-03 1.026252052330109063e-03 1.027865889816813750e-03
1.917000000000000171e+01 3.898779326276545010e-05 3.898779326276545010e-05 2.569660562926322369e-05 3.455739738493137237e-05 1.023186877486198217e-03 1.023065685800745271e-03 1.020557640339657662e-03 1.022270067875533789e-03
1.917999999999999972e+01 2.409166238728153355e-05 2.409166238728153355e-05 2.119975282616978570e-05 2.312769253357761421e-05 1.017964106472805941e-03 1.017843778037240366e-03 1.015176973800780910e-03 1.016994952770275667e-03
1.918999999999999773e+01 1.661311594535908940e-05 1.661311594535908940e-05 1.520176554104937114e-05 1.614266581058918331e-05 1.013040169571911408e-03 1.012920693109864477e-03 1.010087674331065820e-03 1.012016179004280279e-03
1.920000000000000284e+01 1.373762313387381818e-05 1.373762313387381818e-05 1.294485363184235348e-05 1.347336663319666159e-05 1.008389235320553785e-03 1.008270599676715533e-03 1.005267588392402519e-03 1.007309141129890612e-03
1.921000000000000085e+01 1.246519878630279579e-05 1.246519878630279579e-05 1.198163318283976209e-05 1.230401025181511789e-05 1.003986734591409300e-03 1.003868928776020060e-03 1.000695841231711040e-03 1.002850501533046872e-03
1.921999999999999886e+01 1.183648927046663333e-05 1.183648927046663333e-05 1.152249275281554299e-05 1.173182376458293599e-05 9.998104199532315429e-04 9.996934331862805320e-04 9.963533323785905317e-04 9.986190618393676801e-04
1.923000000000000398e+01 1.154713180671068385e-05 1.154713180671068385e-05 1.133742385543766605e-05 1.147722915628634402e-05 9.958408389720407178e-04 9.957246607206896635e-04 9.922228099018828244e-04 9.945961031982044741e-04
1.924000000000000199e+01 1.151762187551973974e-05 1.151762187551973974e-05 1.138409512896272928e-05 1.147311296000073681e-05 9.920613401278590652e-04 9.919459601281301487e-04 9.882886348501203171e-04 9.907653117020365826e-04
1.925000000000000000e+01 1.182969169622410454e-05 1.182969169622410454e-05 1.176762571520578157e-05 1.180900303588466411e-05 9.884577216287479540e-04 9.883431298913479286e-04 9.845363089767680473e-04 9.871123868322880489e-04
1.925999999999999801e+01 1.290872543648949707e-05 1.290872543648949707e-05 1.294048649430692106e-05 1.291931245576197061e-05 9.850175975080564111e-04 9.849037843112950271e-04 9.809517884055698675e-04 9.836243900749738409e-04
1.927000000000000313e+01 1.596579908308531893e-05 1.596579908308531554e-05 1.666017547079599447e-05 1.619725787898887857e-05 9.817295322914209883e-04 9.816164881671569139e-04 9.775205846340260379e-04 9.802888683642012411e-04
1.928000000000000114e+01 1.925606105742158337e-05 1.925606105742158337e-05 2.399617673020010389e-05 2.083609961501442355e-05 9.785819766133202306e-04 9.784696923285612739e-04 9.742266654520621806e-04 9.770927781313147424e-04
1.928999999999999915e+01 2.191192928506106307e-05 2.191192928506106646e-05 1.772433825109172924e-05 2.051606560707128400e-05 9.755620376478284532e-04 9.754505041902387062e-04 9.710512076113991115e-04 9.740212498164887208e-04
1.930000000000000426e+01 1.630508364062246748e-05 1.630508364062247087e-05 1.313450316731774952e-05 1.524822348285422873e-05 9.726541405487051494e-04 9.725433491196704312e-04 9.679713183642886867e-04 9.710562693442213863e-04
1.931000000000000227e+01 1.295718537872126413e-05 1.295718537872126413e-05 1.162647069233786066e-05 1.251361381659346354e-05 9.698386748759025514e-04 9.697286168977779742e-04 9.649589129959026479e-04 9.681754015898610217e-04
1.932000000000000028e+01 1.161604322864559490e-05 1.161604322864559490e-05 1.103669944953741503e-05 1.142292863560953438e-05 9.670907688387086120e-04 9.669814359704732680e-04 9.619799914293861382e-04 9.653507320795226727e-04
1.932999999999999829e+01 1.110522933102536756e-05 1.110522933102536756e-05 1.077951788810742873e-05 1.099665885005272241e-05 9.643793812133318608e-04 9.642707653788925703e-04 9.589945745669316984e-04 9.625482403863853042e-04
1.934000000000000341e+01 1.090199591726066029e-05 1.090199591726066029e-05 1.067768508471902081e-05 1.082722563974678047e-05 9.616669289296675806e-04 9.615590223509368163e-04 9.559575209148706010e-04 9.597278240651584049e-04
1.935000000000000142e+01 1.084907373730240425e-05 1.084907373730240425e-05 1.066865119972532334e-05 1.078893289144337785e-05 9.589096647200070957e-04 9.588024599413119513e-04 9.528203377416593484e-04 9.568441541343261679e-04
1.935999999999999943e+01 1.089474196340617340e-05 1.089474196340617340e-05 1.073057092146178975e-05 1.084001828275804664e-05 9.560589521341777888e-04 9.559524420184255895e-04 9.495339303794152370e-04 9.538484415106727272e-04
1.936999999999999744e+01 1.102600922566345537e-05 1.102600922566345706e-05 1.086060340081223544e-05 1.097087395071304929e-05 9.530634759213336797e-04 9.529576535963962336e-04 9.460520483469051075e-04 9.506910592882116375e-04
1.938000000000000256e+01 1.125099766289532794e-05 1.125099766289532963e-05 1.106896272753825325e-05 1.119031935110963468e-05 9.498722713484442992e-04 9.497671300738974153e-04 9.423350106487634291e-04 9.473248040237017146e-04
1.939000000000000057e+01 1.159725289981639348e-05 1.159725289981639348e-05 1.137987361755209141e-05 1.152479313906162669e-05 9.464382875859774598e-04 9.463338205303636463e-04 9.383531966116295982e-04 9.437084349093235319e-04
1.939999999999999858e+01 1.212028558909525558e-05 1.212028558909525388e-05 1.183859565738820818e-05 1.202638894519290644e-05 9.427220723773451156e-04 9.426182723097746574e-04 9.340897919218213398e-04 9.398100455363136681e-04
1.941000000000000369e+01 1.292774952690684384e-05 1.292774952690684384e-05 1.252867240210650894e-05 1.279472381864006498e-05 9.386951012847396256e-04 9.385919602107947865e-04 9.295423819875923803e-04 9.356098144943754890e-04
1.942000000000000171e+01 1.424160159445907132e-05 1.424160159445907132e-05 1.361306834954961555e-05 1.403209051282258776e-05 9.343422969444734657e-04 9.342398057430443452e-04 9.247231606707581814e-04 9.311017544527586641e-04
1.942999999999999972e+01 1.657557251733606996e-05 1.657557251733606996e-05 1.544153629626189225e-05 1.619756044364467965e-05 9.296633857192154174e-04 9.295615338562060676e-04 9.196577155179586245e-04 9.262942116977932253e-04
1.943999999999999773e+01 2.133697910945360260e-05 2.133697910945360937e-05 1.887484744613969993e-05 2.051626855501563617e-05 9.246728858638797281e-04 9.245716612646317101e-04 9.143825132537057457e-04 9.212090201274058003e-04
1.945000000000000284e+01 3.325477144539235258e-05 3.325477144539235258e-05 2.646570936643882746e-05 3.099175075240784760e-05 9.193986749987205281e-04 9.192980641496440722e-04 9.089413204950464332e-04 9.158793532144704529e-04
1.946000000000000085e+01 6.490650823745768526e-05 6.490650823745768526e-05 4.737449701643493653e-05 5.906250449711676902e-05 9.138792273970624798e-04 9.137792157210660989e-04 9.033808637460435075e-04 9.103464356213907677e-04
1.946999999999999886e+01 8.395566990171215126e-05 8.395566990171215126e-05 9.541683417485788746e-05 8.777605799276073451e-05 9.081597283410898763e-04 9.080603008344536242e-04 8.977460801320692133e-04 9.046553697692040572e-04
1.948000000000000398e+01 7.298566861027563143e-05 7.298566861027563143e-05 8.491666239763682089e-05 7.696266653939602340e-05 9.022873906622067832e-04 9.021885327501298754e-04 8.920753775644252401e-04 8.988504336589207052e-04
1.949000000000000199e+01 7.101159125411652317e-05 7.101159125411652317e-05 6.682657805581885592e-05 6.961658685468396742e-05 8.963064253008842797e-04 8.962081238059036890e-04 8.863963923936409245e-04 8.929703138334761170e-04
1.950000000000000000e+01 5.737847993780165738e-05 5.737847993780165738e-05 5.793363306484765730e-05 5.756353098015032176e-05 8.902532447324297722e-04 8.901554888145540509e-04 8.807227874735489492e-04 8.870438403401773378e-04
1.950999999999999801e+01 3.723311394685452976e-05 3.723311394685452298e-05 3.426230022575597016e-05 3.624284270648833419e-05 8.841525658241208754e-04 8.840553477196902996e-04 8.750526114717839836e-04 8.810868416718650167e-04
1.952000000000000313e+01 2.796270046863688445e-05 2.796270046863688445e-05 2.785918334082597585e-05 2.792819475936658384e-05 8.780150628199468376e-04 8.779183782391980929e-04 8.693686063440066083e-04 8.751006824677171796e-04
1.953000000000000114e+01 2.931014278476535371e-05 2.931014278476535371e-05 3.199196032152887384e-05 3.020408196368652370e-05 8.718370491720036893e-04 8.717408972586153599e-04 8.636405821836772891e-04 8.690728428714321850e-04
1.953999999999999915e+01 4.237945736705497050e-05 4.237945736705497050e-05 5.329844911939314134e-05 4.601912128450103196e-05 8.656023286371091006e-04 8.655067114800716254e-04 8.578296153667767975e-04 8.629795518279859134e-04
1.955000000000000426e+01 7.441035912740488474e-05 7.441035912740488474e-05 8.012124893959471470e-05 7.631398906480150828e-05 8.592859129093006684e-04 8.591908346873991867e-04 8.518934457923425449e-04 8.567900644630140972e-04
1.956000000000000227e+01 1.000538495904366434e-04 1.000538495904366434e-04 5.989266306347896873e-05 8.666678741478409196e-05 8.528588707873139586e-04 8.527643366897228643e-04 8.457921538873398783e-04 8.504717871214589366e-04
1.957000000000000028e+01 9.375915832014301442e-05 9.375915832014301442e-05 6.937113397913438379e-05 8.562981687314013754e-05 8.462932913299841403e-04 8.461993064090856656e-04 8.394930838537331685e-04 8.439952271976009553e-04
1.957999999999999829e+01 6.128972070685017193e-05 6.128972070685017193e-05 8.972063993813087608e-05 7.076669378394373998e-05 8.395663183205945247e-04 8.394728863947633225e-04 8.329741037370100819e-04 8.373377694841226430e-04
1.959000000000000341e+01 5.354455815671373370e-05 5.354455815671373370e-05 6.034381381113995192e-05 5.581097670818913525e-05 8.326624767561837575e-04 8.325695994123628613e-04 8.262246516665258320e-04 8.304855759450240418e-04
1.960000000000000142e+01 3.628795518953152214e-05 3.628795518953152892e-05 3.182705469075846499e-05 3.480098835660717428e-05 8.255739999880828094e-04 8.254816756897413342e-04 8.192445394970283281e-04 8.234334050582840488e-04
1.960999999999999943e+01 2.421167009083262356e-05 2.421167009083262356e-05 2.219774296872801815e-05 2.354036105013108842e-05 8.182994365348632499e-04 8.182076598387984494e-04 8.120410429862223289e-04 8.161827131199613427e-04
1.961999999999999744e+01 2.117195951041161628e-05 2.117195951041161967e-05 1.975004690658634787e-05 2.069798864246986353e-05 8.108412951822571886e-04 8.107500561171704281e-04 8.046252499030731717e-04 8.087388670675002989e-04
1.963000000000000256e+01 2.589987209382668920e-05 2.589987209382668920e-05 2.264596346549534701e-05 2.481523588438290734e-05 8.032037302944341388e-04 8.031130140184530039e-04 7.970088318700910236e-04 8.011085253943261639e-04
1.964000000000000057e+01 2.813739622719861920e-05 2.813739622719861920e-05 3.330294330115984055e-05 2.985924525185236191e-05 7.953912045214251878e-04 7.953009914065773626e-04 7.892022797881834226e-04 7.932981585720619549e-04
1.964999999999999858e+01 2.205803496301489281e-05 2.205803496301489281e-05 3.107739811955059219e-05 2.506448934852679035e-05 7.874087205266243339e-04 7.873189867803503158e-04 7.812152099414572653e-04 7.853143057494772327e-04
1.966000000000000369e+01 2.420974592651415450e-05 2.420974592651415450e-05 2.305997727196861490e-05 2.382648970833230797e-05 7.792636971390837480e-04 7.791744159707254119e-04 7.730587305753651483e-04 7.771656145617247694e-04
1.967000000000000171e+01 2.017751302131095940e-05 2.017751302131095940e-05 2.137173867249622617e-05 2.057558823837271386e-05 7.709690287510376130e-04 7.708801719637092690e-04 7.647492142644988361e-04 7.688661383264150948e-04
1.967999999999999972e+01 1.413969572474544624e-05 1.413969572474544624e-05 1.571188486537003896e-05 1.466375877162031161e-05 7.625464658907523145e-04 7.624580056929179629e-04 7.563123444165222985e-04 7.604389386667308225e-04
1.968999999999999773e+01 1.179886885054459062e-05 1.179886885054459231e-05 1.239253780823298517e-05 1.199675850310738937e-05 7.540292890429797909e-04 7.539411998394323798e-04 7.477861350014684046e-04 7.519188746279601918e-04
1.970000000000000284e+01 1.075105532533227992e-05 1.075105532533228161e-05 1.103048691242232094e-05 1.084419918769562749e-05 7.454633500534465444e-04 7.453756100149635079e-04 7.392218101394399917e-04 7.433535900692834564e-04
1.971000000000000085e+01 1.016840013477771323e-05 1.016840013477771323e-05 1.032489819952244564e-05 1.022056615635929070e-05 7.369058888302261554e-04 7.368184811035743834e-04 7.306819156182313597e-04 7.348020951840105244e-04
1.971999999999999886e+01 9.795279663723364095e-06 9.795279663723364095e-06 9.892853472802923246e-06 9.827804266749884377e-06 7.284220096880471848e-04 7.283349231635089308e-04 7.222356985924289130e-04 7.263308771479949372e-04
1.973000000000000398e+01 9.534457069279306528e-06 9.534457069279306528e-06 9.600139516817604885e-06 9.556351218458739879e-06 7.200791961175180469e-04 7.199924257013764128e-04 7.139524330068867594e-04 7.180080182752604425e-04
1.974000000000000199e+01 9.342030127025565360e-06 9.342030127025565360e-06 9.389520959054684405e-06 9.357860404368605606e-06 7.119406576583576672e-04 7.118542040156295228e-04 7.058938374206737924e-04 7.098962330315535885e-04
1.975000000000000000e+01 9.195817065633626040e-06 9.195817065633626040e-06 9.233223605099340802e-06 9.208285912122198192e-06 7.040585417374772793e-04 7.039724105093556495e-04 6.981069262269351972e-04 7.020459594912559697e-04
1.975999999999999801e+01 9.084046862120740871e-06 9.084046862120740871e-06 9.117028140232519149e-06 9.095040621491334195e-06 6.964680733482707083e-04 6.963822739076218999e-04 6.906185224742713603e-04 6.944896232433880618e-04
1.977000000000000313e+01 9.000925876085561267e-06 9.000925876085561267e-06 9.034305030096555702e-06 9.012052260755892746e-06 6.891835235167559923e-04 6.890980674098217242e-04 6.834323269114413700e-04 6.872379726126730650e-04
1.978000000000000114e+01 8.945119285805091784e-06 8.945119285805091784e-06 8.984051353901575219e-06 8.958096641837252929e-06 6.821965902313026743e-04 6.821114895197866873e-04 6.765289648281067568e-04 6.802790148597321479e-04
1.978999999999999915e+01 8.920177709464622223e-06 8.920177709464620529e-06 8.971435699395024184e-06 8.937263706108088414e-06 6.754774039767561921e-04 6.753926697154142298e-04 6.698689479987272660e-04 6.735796738969657875e-04
1.980000000000000426e+01 8.937672978834462995e-06 8.937672978834462995e-06 9.011558989192315053e-06 8.962301648953747014e-06 6.689780060321461139e-04 6.688936470750168808e-04 6.633980804280126048e-04 6.670899111783919026e-04
1.981000000000000227e+01 9.027253306608412517e-06 9.027253306608412517e-06 9.140560055684988596e-06 9.065022222967271775e-06 6.626378523070849264e-04 6.625538745687852005e-04 6.570545410417222894e-04 6.607487559725308416e-04
1.982000000000000028e+01 9.271292046960094709e-06 9.271292046960094709e-06 9.449114841631083410e-06 9.330566311850424841e-06 6.563906929449465086e-04 6.563070991430965812e-04 6.507767069871016113e-04 6.544914996917148642e-04
1.982999999999999829e+01 9.942530469543721017e-06 9.942530469543721017e-06 1.020009724373163765e-05 1.002838606093969436e-05 6.501720586706082701e-04 6.500888485456877627e-04 6.445107170877469776e-04 6.482572081013476340e-04
1.984000000000000341e+01 1.156588212001341788e-05 1.156588212001341788e-05 1.230623660089514506e-05 1.181266694697399361e-05 6.439265325341467314e-04 6.438437034628131288e-04 6.382168158024459316e-04 6.419956839331351917e-04
1.985000000000000142e+01 1.225704029699757884e-05 1.225704029699757884e-05 1.840511581800638723e-05 1.430639880400051441e-05 6.376139820021097101e-04 6.375315299152837373e-04 6.318736638636088601e-04 6.356730585936674720e-04
1.985999999999999943e+01 1.508082962924199001e-05 1.508082962924199001e-05 1.976861537718021061e-05 1.664342487855472908e-05 6.312139863088531014e-04 6.311319067786721679e-04 6.254800221568286534e-04 6.292753050814513076e-04
1.986999999999999744e+01 1.852834705080332723e-05 1.852834705080332723e-05 1.285537346951598366e-05 1.663735585704087994e-05 6.247278457243339318e-04 6.246461350510579789e-04 6.190535918459229075e-04 6.228091908737716422e-04
1.988000000000000256e+01 1.454756790769481690e-05 1.454756790769481690e-05 1.042458156130890151e-05 1.317323912556617956e-05 6.181777923758009601e-04 6.180964484781984250e-04 6.126271883584879065e-04 6.163004764041623944e-04
1.989000000000000057e+01 1.072959826557958367e-05 1.072959826557958367e-05 9.321813675224692431e-06 1.026033673546128546e-05 6.116033891502005134e-04 6.115224120944145591e-04 6.062428234061304974e-04 6.097895415502484510e-04
1.989999999999999858e+01 9.386847643297718306e-06 9.386847643297720000e-06 8.806389507756338830e-06 9.193361598117259610e-06 6.050555005938590761e-04 6.049748926568659447e-04 5.999445547292914065e-04 6.033249826600053673e-04
1.991000000000000369e+01 8.826602793771888187e-06 8.826602793771888187e-06 8.534401948271495925e-06 8.729202511938424100e-06 5.985885874113280707e-04 5.985083526982422309e-04 5.937710684529553173e-04 5.969560028541751702e-04
1.992000000000000171e+01 8.536673082661206961e-06 8.536673082661206961e-06 8.366736132594895876e-06 8.480027432639102136e-06 5.922523220186113550e-04 5.921724657726701833e-04 5.877488554523373557e-04 5.907245477478730369e-04
1.992999999999999972e+01 8.361425084507976714e-06 8.361425084507976714e-06 8.251398848813047815e-06 8.324749672609668775e-06 5.860835679253473133e-04 5.860040957557202971e-04 5.818865728782679275e-04 5.846580788531119182e-04
1.993999999999999773e+01 8.242908212580533542e-06 8.242908212580533542e-06 8.165483867284441317e-06 8.217100097481836699e-06 5.800996050306691642e-04 5.800205223063149449e-04 5.761708533363108821e-04 5.787636602244315915e-04
1.995000000000000284e+01 8.155784154321905368e-06 8.155784154321905368e-06 8.097553585536397021e-06 8.136373964726737048e-06 5.742931765479067450e-04 5.742144881572452866e-04 5.705635665375186722e-04 5.730237437475569013e-04
1.996000000000000085e+01 8.087567052423722929e-06 8.087567052423722929e-06 8.041347599779756473e-06 8.072160568209068573e-06 5.686295965853691795e-04 5.685513071601189933e-04 5.650004585782176809e-04 5.673937874412352846e-04
1.996999999999999886e+01 8.031518596144685302e-06 8.031518596144685302e-06 7.993191952833103917e-06 8.018743048374159303e-06 5.630459095969139304e-04 5.629680241692053277e-04 5.593912305349360960e-04 5.618017214336850458e-04
1.998000000000000398e+01 7.983734232500548173e-06 7.983734232500548173e-06 7.950806519476412624e-06 7.972758328159169092e-06 5.574520302143623181e-04 5.573745551610254610e-04 5.536214230701456658e-04 5.561493361485111845e-04
1.999000000000000199e+01 7.941816955477216369e-06 7.941816955477216369e-06 7.912707939339399922e-06 7.932113950097943091e-06 5.517339070854755233e-04 5.516568511021819818e-04 5.475567901730188543e-04 5.503158494535587142e-04
2.000000000000000000e+01 7.904224014571765593e-06 7.904224014571765593e-06 7.877895950891848951e-06 7.895447993345126712e-06 5.457589684797324201e-04 5.456823433011931618e-04 5.410509962059917820e-04 5.441641026623058241e-04
